row_number,crash_date,crash_report_id,crash_time,collision_type,count_pedestrian,count_bicycle,number_of_vehicles,street_or_highway,nearest_intersection,report_date,type_of_roadway,road_surface_condition,light_condition,weather_condition,manner_of_impact,hit_and_run,traffic_control,person_count,injury_count,most_serious_injury,number_of_lanes,lat_raw,lon_raw,has_st_number,is_intersection_null,address_sent_to_geocoder,is_address_blank,lon_api_first_try,lat_api_first_try,type,loctype,address_returned_by_geocoder,address_returned_by_autocomplete,place_ids_autocompleted,lat_api_second_try,lon_api_second_try,lat_api_best,lon_api_best,api_coord_conf,distance_btwn_coords_meters,scooter,wheel_chair
1,2023-04-20,893158,12:05:00,Pedestrian,1,NA,1,W RIVER ST,CHARLES ST,2023-04-20,"Two-Way , Not Divided",Dry,Daylight,Clear,Not a Collision Between Two Motor Vehicles in Transport,"Yes, M/V and Driver Left Scene",No Controls,1,1,Complains Of Pain,NA,41.83975,-71.41628,FALSE,FALSE,"W River Street and Charles Street, Providence, RI, USA",FALSE,-71.4164329,41.8396195,intersection,geometric_center,"charles st & w river st, providence, ri 02904, usa",NA,NA,NA,NA,41.8396195,-71.4164329,Med High,19.283140355772048,FALSE,FALSE
2,2023-04-20,893182,19:33:00,Bicycle,NA,1,1,DABOLL ST,UPDIKE ST,2023-04-20,"Two-Way , Not Divided",Dry,Dusk,Clear,Not a Collision Between Two Motor Vehicles in Transport,No,No Controls,2,1,Complains Of Pain,NA,41.80416,-71.42418,FALSE,FALSE,"Daboll Street and Updike Street, Providence, RI, USA",FALSE,-71.4224174,41.804229,intersection,geometric_center,"updike st & daboll st, providence, ri 02907, usa",NA,NA,NA,NA,41.804229,-71.4224174,Med High,146.46311356865147,FALSE,FALSE
3,2023-04-18,893107,16:46:00,Pedestrian,1,NA,1,705 ELMWOOD AVE,LONGFELLOW ST,2023-04-18,"Two-Way, Divided, Positive Median Barrier",Dry,Daylight,Clear,Not a Collision Between Two Motor Vehicles in Transport,No,No Controls,3,1,Complains Of Pain,NA,41.79067,-71.42219,TRUE,FALSE,"705 Elmwood Ave, Providence, RI, USA",FALSE,-71.42381379999999,41.7922996,premise,rooftop,"705 elmwood ave, providence, ri 02907, usa",NA,NA,NA,NA,41.7922996,-71.42381379999999,High,225.98967981054562,FALSE,FALSE
4,2023-04-17,893070,13:07:00,Bicycle,NA,1,1,COLLEGE ST,S MAIN ST,2023-04-17,"Two-Way , Not Divided",Wet,Daylight,Rain,Not a Collision Between Two Motor Vehicles in Transport,No,Pavement Markings,4,1,Complains Of Pain,NA,41.82578,-71.40745,FALSE,FALSE,"College Street and S Main Street, Providence, RI, USA",FALSE,-71.4037098,41.8208275,route,geometric_center,"s main st, providence, ri 02903, usa","College Street & South Main Street, Providence, RI, USA",EjdDb2xsZWdlIFN0cmVldCAmIFNvdXRoIE1haW4gU3RyZWV0LCBQcm92aWRlbmNlLCBSSSwgVVNBImYiZAoUChIJD1urSRZF5IkRzGbOghZosXsSFAoSCQ9bq0kWReSJEcxmzoIWaLF7GhQKEgnR5cstFkXkiRH1TvxbNfBkPhoUChIJxfz7Uz5F5IkRx3FZv-YChPQiCg2TF-4YFdUHcNU,41.8256787,-71.4078251,41.8256787,-71.4078251,Med,33.095930980932664,FALSE,FALSE
5,2023-04-15,893010,13:44:00,Pedestrian,1,NA,1,FOREST ST,CAMP ST,2023-04-15,"Two-Way , Not Divided",Dry,Daylight,Clear,Not a Collision Between Two Motor Vehicles in Transport,No,No Controls,3,1,Non-Incapacitating,NA,41.84377,-71.40141,FALSE,FALSE,"Forest Street and Camp Street, Providence, RI, USA",FALSE,-71.402865,41.8421404,route,geometric_center,"camp st, providence, ri, usa","Forest Street & Camp Street, Providence, RI, USA",EjBGb3Jlc3QgU3RyZWV0ICYgQ2FtcCBTdHJlZXQsIFByb3ZpZGVuY2UsIFJJLCBVU0EiZiJkChQKEgn9EI5b3ETkiRGAth2nkh3ymRIUChIJ_RCOW9xE5IkRgLYdp5Id8pkaFAoSCRFQ34_bROSJEQIl3CPw4hkJGhQKEgktQu-DzkTkiRGJ8rTgKkmS4CIKDd7i8BgVb-Vw1Q,41.8439902,-71.4021521,41.8439902,-71.4021521,Med,66.24386499790131,TRUE,FALSE
6,2023-04-14,893000,23:06:00,Pedestrian,1,NA,1,FILLMORE ST,ADMIRAL ST,2023-04-15,"Two-Way, Divided, Unprotected (painted>4feet) Medium",Dry,Dark - Lighted,Clear,Not a Collision Between Two Motor Vehicles in Transport,"Yes, M/V and Driver Left Scene",No Controls,2,1,Non-Incapacitating,NA,41.84081,-71.41986,FALSE,FALSE,"Fillmore Street and Admiral Street, Providence, RI, USA",FALSE,-71.41986419999999,41.8408412,intersection,geometric_center,"admiral st & fillmore st, providence, ri 02908, usa",NA,NA,NA,NA,41.8408412,-71.41986419999999,Med High,3.4905906284221766,FALSE,FALSE
7,2023-04-12,892888,09:43:00,Pedestrian,1,NA,1,880 BROAD ST,OXFORD ST,2023-04-12,"Two-Way , Not Divided",Dry,Daylight,Clear,Not a Collision Between Two Motor Vehicles in Transport,No,No Controls,5,1,Complains Of Pain,NA,41.80019,-71.41713,TRUE,FALSE,"880 Broad Street, Providence, RI, USA",FALSE,-71.41674019999999,41.8002253,premise,rooftop,"880 broad st, providence, ri 02905, usa",NA,NA,NA,NA,41.8002253,-71.41674019999999,High,32.585647522211126,FALSE,FALSE
8,2023-04-11,892862,22:31:00,Pedestrian,1,NA,1,BROADWAY,KNIGHT ST,2023-04-11,"Two-Way , Not Divided",Dry,Dark - Lighted,Clear,Not a Collision Between Two Motor Vehicles in Transport,No,Traffic Control Signal,2,1,Complains Of Pain,NA,41.81979,-71.42938,FALSE,FALSE,"Broadway and Knight Street, Providence, RI, USA",FALSE,-71.4298401,41.8202496,route,geometric_center,"knight st, providence, ri, usa","Broadway & Knight Street, Providence, RI, USA",Ei1Ccm9hZHdheSAmIEtuaWdodCBTdHJlZXQsIFByb3ZpZGVuY2UsIFJJLCBVU0EiZiJkChQKEgmvZYGEdUXkiRHAVmwJ-u4XKRIUChIJr2WBhHVF5IkRwFZsCfruFykaFAoSCaW15YZ1ReSJERrCM7HXpG-zGhQKEgkPqvF6dUXkiRGsZxyELkktfCIKDcQy7RgVV79s1Q,41.8198212,-71.4293417,41.8198212,-71.4293417,Med,4.7072975971076305,FALSE,FALSE
9,2023-04-10,892838,16:07:00,Bicycle,NA,1,1,CHARLES ST.,CHARLES ST,2023-04-10,"Two-Way , Not Divided",Dry,Daylight,Clear,Not a Collision Between Two Motor Vehicles in Transport,No,No Controls,3,1,Complains Of Pain,NA,41.85302,-71.42041,FALSE,FALSE,"Charles St. and Charles Street, Providence, RI, USA",FALSE,-71.4128343,41.8239891,locality,approximate,"providence, ri, usa",NA,NA,NA,NA,41.8239891,-71.4128343,Med,3292.2146215262424,FALSE,FALSE
10,2023-04-08,892777,02:07:00,Pedestrian,1,NA,1,BROAD ST,BROAD ST,2023-04-08,"Two-Way, Divided, Unprotected (painted>4feet) Medium",Dry,Dark - Lighted,Clear,Not a Collision Between Two Motor Vehicles in Transport,"Yes, M/V and Driver Left Scene",No Controls,3,1,Complains Of Pain,NA,41.79151,-71.40636,FALSE,FALSE,"Broad Street and Broad Street, Providence, RI, USA",FALSE,-71.4101636,41.7945838,route,geometric_center,"broad st, providence, ri, usa",NA,NA,NA,NA,41.7945838,-71.4101636,Med,465.5498882706233,FALSE,FALSE
11,2023-04-06,892716,13:12:00,Pedestrian,1,NA,1,PLEASANT ST,DAGGETT CT,2023-04-06,"Two-Way , Not Divided",Dry,Daylight,Clear,Not a Collision Between Two Motor Vehicles in Transport,"Yes, M/V and Driver Left Scene",No Controls,1,1,Complains Of Pain,NA,41.83923,-71.40849,FALSE,FALSE,"Pleasant Street and Daggett Ct, Providence, RI, USA",FALSE,-71.4077254,41.839318,route,geometric_center,"daggett ct, providence, ri 02906, usa","Pleasant Street & Daggett Ct, Providence, RI, USA",EjFQbGVhc2FudCBTdHJlZXQgJiBEYWdnZXR0IEN0LCBQcm92aWRlbmNlLCBSSSwgVVNBImYiZAoUChIJcSMIQOBE5IkRLfFQA4SUCqoSFAoSCXEjCEDgROSJES3xUAOElAqqGhQKEgkP7NS230TkiRGNT_QNMMYGDhoUChIJvT4cPuBE5IkRX1ZpMt79zKkiCg1cLPAYFboLcNU,41.839318,-71.40772539999999,41.839318,-71.40772539999999,Med,64.16440577920197,FALSE,FALSE
12,2023-04-04,892611,15:37:00,Pedestrian,1,NA,1,GANO ST,ANGELL ST,2023-04-04,"Two-Way , Not Divided",Dry,Daylight,Clear,Not a Collision Between Two Motor Vehicles in Transport,No,Traffic Control Signal,2,1,Non-Incapacitating,NA,41.82957,-71.39097,FALSE,FALSE,"Gano Street and Angell Street, Providence, RI, USA",FALSE,-71.3909687,41.8295909,intersection,geometric_center,"gano st & angell st, providence, ri 02906, usa",NA,NA,NA,NA,41.8295909,-71.3909687,Med High,2.329074911130264,FALSE,FALSE
13,2023-04-01,892461,22:28:00,Pedestrian,1,NA,1,Providence Place,Harris Ave,2023-04-01,One-Way Trafficway,Dry,Dark - Not Lighted,Clear,Not a Collision Between Two Motor Vehicles in Transport,No,No Controls,2,1,Complains Of Pain,NA,41.82779,-71.41904,FALSE,FALSE,"Providence Place and Harris Ave, Providence, RI, USA",FALSE,-71.4190148,41.827801,intersection,geometric_center,"providence pl & harris ave, providence, ri 02903, usa",NA,NA,NA,NA,41.827801,-71.4190148,Med High,2.422593077511502,FALSE,FALSE
14,2023-03-28,892328,23:39:00,Pedestrian,1,NA,1,ATWELLS AVE,ACADEMY AVE,2023-03-28,"Two-Way, Divided, Unprotected (painted>4feet) Medium",Wet,Dark - Lighted,Rain,Not a Collision Between Two Motor Vehicles in Transport,No,Traffic Control Signal,3,1,Incapacitating,NA,41.82478,-71.44342,FALSE,FALSE,"Atwells Ave and Academy Ave, Providence, RI, USA",FALSE,-71.4435191,41.8247997,intersection,geometric_center,"atwells ave & academy ave, providence, ri 02909, usa",NA,NA,NA,NA,41.8247997,-71.4435191,Med High,8.508210481519171,FALSE,FALSE
15,2023-03-28,892346,17:06:00,Other,1,NA,1,WESTMINSTER ST,WEYBOSSET ST,2023-03-28,"Two-Way , Not Divided",Dry,Daylight,Clear,Not a Collision Between Two Motor Vehicles in Transport,No,No Controls,3,1,Complains Of Pain,NA,41.82509,-71.40964,FALSE,FALSE,"Westminster Street and Weybosset Street, Providence, RI, USA",FALSE,-71.4098909,41.8248745,intersection,geometric_center,"weybosset st & westminster st, providence, ri 02903, usa",NA,NA,NA,NA,41.8248745,-71.4098909,Med High,31.759610023804186,TRUE,FALSE
16,2023-03-27,892318,12:51:00,Bicycle,NA,1,1,8TH ST,SUMMIT AVE,2023-03-27,"Two-Way , Not Divided",Dry,Daylight,Clear,Other,No,Stop Signs,2,1,Non-Incapacitating,NA,41.85973,-71.47173,TRUE,FALSE,"8th Street, Providence, RI, USA",FALSE,-71.3956931,41.8527563,route,geometric_center,"8th st, providence, ri 02906, usa",NA,NA,NA,NA,41.8527563,-71.3956931,High,6352.073592688257,FALSE,FALSE
17,2023-03-21,891166,16:02:00,Pedestrian,1,NA,1,REGENT AVE,RIVER AVE,2023-03-21,"Two-Way , Not Divided",Dry,Daylight,Clear,Not a Collision Between Two Motor Vehicles in Transport,No,Pavement Markings,4,1,Complains Of Pain,NA,41.83038,-71.43693,FALSE,FALSE,"Regent Ave and River Ave, Providence, RI, USA",FALSE,-71.4369363,41.8304056,intersection,geometric_center,"river ave & regent ave, providence, ri 02908, usa",NA,NA,NA,NA,41.8304056,-71.4369363,Med High,2.8972940979831017,FALSE,FALSE
18,2023-03-19,891110,21:33:00,Pedestrian,1,NA,1,ATWELLS AVE,NEWTON ST,2023-03-19,"Two-Way , Not Divided",Dry,Dark - Lighted,Clear,Not a Collision Between Two Motor Vehicles in Transport,"Yes, M/V and Driver Left Scene",No Controls,1,1,Complains Of Pain,NA,41.82327,-71.42236,FALSE,FALSE,"Atwells Ave and Newton Street, Providence, RI, USA",FALSE,-71.42223950000002,41.823272,intersection,geometric_center,"newton st & atwells ave, providence, ri 02903, usa",NA,NA,NA,NA,41.823272,-71.42223950000002,Med High,9.998660882685625,FALSE,FALSE
19,2023-03-19,891112,22:29:00,Bicycle,NA,1,1,BRIDGHAM ST,FALES ST,2023-03-19,"Two-Way, Divided, Unprotected (painted>4feet) Medium",Dry,Dark - Lighted,Clear,Other,"Yes, M/V and Driver Left Scene",No Controls,1,1,Complains Of Pain,NA,41.81274,-71.42501,FALSE,FALSE,"Bridgham Street and Fales Street, Providence, RI, USA",FALSE,-71.4251357,41.8127562,intersection,geometric_center,"fales st & bridgham st, providence, ri 02907, usa",NA,NA,NA,NA,41.8127562,-71.4251357,Med High,10.584032825267766,FALSE,FALSE
20,2023-03-18,891094,12:35:00,Pedestrian,2,NA,1,10 Sims Ave,NA,2023-03-18,"Two-Way , Not Divided",Dry,Daylight,Clear,Not a Collision Between Two Motor Vehicles in Transport,No,No Controls,5,2,Complains Of Pain,NA,NA,NA,TRUE,TRUE,"10 Sims Ave, Providence, RI, USA",FALSE,-71.4335016,41.8270445,street_address,rooftop,"10 sims ave, providence, ri 02909, usa",NA,NA,NA,NA,41.8270445,-71.4335016,High,NA,FALSE,FALSE
21,2023-03-16,891003,08:09:00,Pedestrian,1,NA,1,BROADWAY,KNIGHT ST,2023-03-16,"Two-Way , Not Divided",Dry,Daylight,Clear,Not a Collision Between Two Motor Vehicles in Transport,No,Traffic Control Signal,3,1,Complains Of Pain,NA,41.8198,-71.42936,FALSE,FALSE,"Broadway and Knight Street, Providence, RI, USA",FALSE,-71.4298401,41.8202496,route,geometric_center,"knight st, providence, ri, usa","Broadway & Knight Street, Providence, RI, USA",Ei1Ccm9hZHdheSAmIEtuaWdodCBTdHJlZXQsIFByb3ZpZGVuY2UsIFJJLCBVU0EiZiJkChQKEgmvZYGEdUXkiRHAVmwJ-u4XKRIUChIJr2WBhHVF5IkRwFZsCfruFykaFAoSCaW15YZ1ReSJERrCM7HXpG-zGhQKEgkPqvF6dUXkiRGsZxyELkktfCIKDcQy7RgVV79s1Q,41.8198212,-71.4293417,41.8198212,-71.4293417,Med,2.8061231257427877,FALSE,FALSE
22,2023-03-14,890973,11:13:00,Pedestrian,1,NA,1,ROCHAMBEAU AVE,CAMP ST,2023-03-14,"Two-Way , Not Divided",Wet,Daylight,Rain,Not a Collision Between Two Motor Vehicles in Transport,No,Stop Signs,4,1,Complains Of Pain,NA,41.84645,-71.40074,FALSE,FALSE,"Rochambeau Ave and Camp Street, Providence, RI, USA",FALSE,-71.4007688,41.8464738,intersection,geometric_center,"rochambeau ave & camp st, providence, ri 02906, usa",NA,NA,NA,NA,41.8464738,-71.4007688,Med High,3.5669515117395254,FALSE,FALSE
23,2023-03-07,890820,19:28:00,Pedestrian,1,NA,1,BROAD ST.,FRICKER ST,2023-03-07,"Two-Way , Not Divided",Dry,Dark - Lighted,Clear,Not a Collision Between Two Motor Vehicles in Transport,"Yes, M/V and Driver Left Scene",No Controls,3,1,Complains Of Pain,NA,41.81528,-71.42066,FALSE,FALSE,"Broad St. and Fricker Street, Providence, RI, USA",FALSE,-71.42061559999999,41.8153842,intersection,geometric_center,"fricker st & broad st, providence, ri 02903, usa",NA,NA,NA,NA,41.8153842,-71.42061559999999,Med High,12.170366235721222,FALSE,FALSE
24,2023-03-06,890759,08:30:00,Pedestrian,1,NA,1,ADMIRAL ST,DOUGLAS AVE,2023-03-06,"Two-Way , Not Divided",Dry,Daylight,Clear,Not a Collision Between Two Motor Vehicles in Transport,No,Traffic Control Signal,4,1,Complains Of Pain,NA,41.84606,-71.42902,FALSE,FALSE,"Admiral Street and Douglas Ave, Providence, RI, USA",FALSE,-71.4289636,41.8460618,intersection,geometric_center,"admiral st & douglas ave, providence, ri 02908, usa",NA,NA,NA,NA,41.8460618,-71.4289636,Med High,4.681335470142784,FALSE,FALSE
25,2023-03-06,890782,18:56:00,Pedestrian,1,NA,1,ELM ST.,EDDY ST.,2023-03-06,"Two-Way , Not Divided",Dry,Dark - Lighted,Clear,Not a Collision Between Two Motor Vehicles in Transport,No,Stop Signs,3,1,Complains Of Pain,NA,NA,NA,FALSE,FALSE,"Elm St. and Eddy St., Providence, RI, USA",FALSE,-71.4072274,41.8059506,route,geometric_center,"eddy st, providence, ri, usa","Elm St & Eddy St, Providence, RI, USA",EiVFbG0gU3QgJiBFZGR5IFN0LCBQcm92aWRlbmNlLCBSSSwgVVNBImYiZAoUChIJN9B9t2pF5IkRx8iZhxoXxS8SFAoSCTfQfbdqReSJEcfImYcaF8UvGhQKEgk3rZQca0XkiRHRY1B-6xTUnRoUChIJO0x4GWdF5IkRbcddUVrUSsgiCg309ewYFUsWcNU,41.8182644,-71.40745489999999,41.8182644,-71.40745489999999,Med,NA,FALSE,FALSE
26,2023-03-04,890733,22:45:00,Pedestrian,1,NA,1,BROAD ST,FRICKER ST,2023-03-04,"Two-Way, Divided, Unprotected (painted>4feet) Medium",Wet,Dark - Lighted,Cloudy,Not a Collision Between Two Motor Vehicles in Transport,"Yes, M/V and Driver Left Scene",No Controls,2,1,Non-Incapacitating,NA,41.81528,-71.42066,FALSE,FALSE,"Broad Street and Fricker Street, Providence, RI, USA",FALSE,-71.42173,41.8165575,route,geometric_center,"fricker st, providence, ri, usa","Broad Street & Fricker Street, Providence, RI, USA",EjJCcm9hZCBTdHJlZXQgJiBGcmlja2VyIFN0cmVldCwgUHJvdmlkZW5jZSwgUkksIFVTQSJmImQKFAoSCcsO7ptxReSJEe1RgLr0NWTvEhQKEgnLDu6bcUXkiRHtUYC69DVk7xoUChIJg9591YxP5IkRLKLKk5hLCKMaFAoSCaG8FtZzReSJESAHFPqNHvDOIgoNcoXsGBU0FG7V,41.8153842,-71.42061559999999,41.8153842,-71.42061559999999,Med,12.170366235721222,FALSE,FALSE
27,2023-03-03,890693,18:03:00,Pedestrian,1,NA,1,ELMWOOD AVE,POTTERS AVE,2023-03-03,"Two-Way , Not Divided",Dry,Dark - Lighted,Clear,Not a Collision Between Two Motor Vehicles in Transport,"Yes, M/V and Driver Left Scene",No Controls,1,0,No Injury,NA,41.80078,-71.42652,FALSE,FALSE,"Elmwood Ave and Potters Ave, Providence, RI, USA",FALSE,-71.4263655,41.8015172,intersection,geometric_center,"potters ave & elmwood ave, providence, ri 02907, usa",NA,NA,NA,NA,41.8015172,-71.4263655,Med High,83.0602221646411,FALSE,FALSE
28,2023-03-02,890675,22:14:00,Pedestrian,1,NA,1,CHAPIN AVE,PARADE ST,2023-03-02,"Two-Way , Not Divided",Dry,Dark - Lighted,Clear,Not a Collision Between Two Motor Vehicles in Transport,No,Unknown,3,0,No Injury,NA,41.81189,-71.43117,FALSE,FALSE,"Chapin Ave and Parade Street, Providence, RI, USA",FALSE,-71.4311711,41.8119296,intersection,geometric_center,"chapin ave & parade st, providence, ri 02909, usa",NA,NA,NA,NA,41.8119296,-71.4311711,Med High,4.409196528674793,FALSE,FALSE
29,2023-03-01,890631,17:51:00,Pedestrian,1,NA,1,5 ELMWOOD AVE,ELMWOOD AVE,2023-03-01,"Two-Way , Not Divided",Dry,Daylight,Clear,Not a Collision Between Two Motor Vehicles in Transport,"Yes, M/V and Driver Left Scene",No Controls,1,1,Complains Of Pain,NA,NA,NA,TRUE,FALSE,"5 Elmwood Ave, Providence, RI, USA",FALSE,-71.4228341,41.8125918,premise,rooftop,"5 elmwood ave, providence, ri 02907, usa",NA,NA,NA,NA,41.8125918,-71.4228341,High,NA,FALSE,FALSE
30,2023-03-01,890638,19:58:00,Pedestrian,1,NA,1,BROAD ST,BROAD ST,2023-03-01,"Two-Way , Not Divided",Dry,Dark - Lighted,Clear,Not a Collision Between Two Motor Vehicles in Transport,No,No Controls,4,1,Complains Of Pain,NA,41.80587,-71.41983,FALSE,FALSE,"Broad Street and Broad Street, Providence, RI, USA",FALSE,-71.4101636,41.7945838,route,geometric_center,"broad st, providence, ri, usa",NA,NA,NA,NA,41.7945838,-71.4101636,Med,1490.6231642830671,FALSE,FALSE
31,2023-02-25,889523,10:26:00,Pedestrian,1,NA,1,332 VALLEY ST,RILL ST,2023-02-25,Unknown,Dry,Daylight,Cloudy,Not a Collision Between Two Motor Vehicles in Transport,"Yes, M/V and Driver Left Scene",No Controls,1,1,Complains Of Pain,NA,41.82645,-71.4384,TRUE,FALSE,"332 Valley Street, Providence, RI, USA",FALSE,-71.43877189999999,41.8265155,street_address,rooftop,"332 valley st, providence, ri 02908, usa",NA,NA,NA,NA,41.8265155,-71.43877189999999,High,31.699704987650595,FALSE,FALSE
32,2023-02-25,889549,18:32:00,Pedestrian,1,NA,1,PLAINFIELD ST,ATWOOD ST,2023-02-25,"Two-Way , Not Divided",Wet,Dark - Lighted,"Sleet, Hail (Freezing Rain or Drizzle)",Not a Collision Between Two Motor Vehicles in Transport,No,No Controls,2,1,Complains Of Pain,NA,41.81606,-71.44491,FALSE,FALSE,"Plainfield Street and Atwood Street, Providence, RI, USA",FALSE,-71.44504909999999,41.8159764,intersection,geometric_center,"atwood st & plainfield st, providence, ri 02909, usa",NA,NA,NA,NA,41.8159764,-71.44504909999999,Med High,14.825309277073288,FALSE,FALSE
33,2023-02-22,889457,13:04:00,Pedestrian,1,NA,1,MEMORIAL BLVD,COLLEGE ST,2023-02-22,"Two-Way, Divided, Positive Median Barrier",Dry,Daylight,Cloudy,Not a Collision Between Two Motor Vehicles in Transport,No,No Controls,2,1,Complains Of Pain,NA,41.82551,-71.40906,FALSE,FALSE,"Memorial Blvd and College Street, Providence, RI, USA",FALSE,-71.4088081,41.8253077,intersection,geometric_center,"memorial blvd & college st, providence, ri 02903, usa",NA,NA,NA,NA,41.8253077,-71.4088081,Med High,30.721090268926737,FALSE,FALSE
34,2023-02-22,889474,19:32:00,Pedestrian,1,NA,1,POCASSET AVE,LAUREL HILL AVE,2023-02-22,"Two-Way , Not Divided",Unknown,Unknown,Rain,Not a Collision Between Two Motor Vehicles in Transport,No,Pavement Markings,6,1,Complains Of Pain,NA,41.81072,-71.4541,FALSE,FALSE,"Pocasset Ave and Laurel Hill Ave, Providence, RI, USA",FALSE,-71.454084,41.8107702,intersection,geometric_center,"pocasset ave & laurel hill ave, providence, ri 02909, usa",NA,NA,NA,NA,41.8107702,-71.454084,Med High,5.743762448742963,FALSE,FALSE
35,2023-02-21,889436,10:31:00,Other,NA,NA,2,POWER ST,SOUTH MAIN STREET,2023-02-21,"Two-Way , Not Divided",Wet,Daylight,Rain,Angle (Front - to - Side) Right Angle (Includes Broadside),No,No Controls,2,1,Complains Of Pain,NA,41.82266,-71.40536,FALSE,FALSE,"Power Street and South Main Street, Providence, RI, USA",FALSE,-71.5250709,41.9943735,route,geometric_center,"s main st, woonsocket, ri 02895, usa","Power Street & South Main Street, Providence, RI, USA",EjVQb3dlciBTdHJlZXQgJiBTb3V0aCBNYWluIFN0cmVldCwgUHJvdmlkZW5jZSwgUkksIFVTQSJmImQKFAoSCX0yHBA-ReSJEYnx5GGUd41_EhQKEgl9MhwQPkXkiRGJ8eRhlHeNfxoUChIJmUi3yTtF5IkRJd3cgKm6RO4aFAoSCcX8-1M-ReSJEcdxWb_mAoT0IgoNGKPtGBXrZ3DV,41.8226968,-71.4053653,41.8226968,-71.4053653,Med,4.120083888261524,TRUE,FALSE
36,2023-02-21,889449,18:38:00,Pedestrian,1,NA,1,744 BRANCH AVE,NA,2023-02-21,"Two-Way , Not Divided",Wet,Dark - Lighted,Rain,Not a Collision Between Two Motor Vehicles in Transport,No,No Controls,4,1,Complains Of Pain,NA,NA,NA,TRUE,TRUE,"744 Branch Ave, Providence, RI, USA",FALSE,-71.4305956,41.8544786,street_address,rooftop,"744 branch ave, providence, ri 02904, usa",NA,NA,NA,NA,41.8544786,-71.4305956,High,NA,FALSE,FALSE
37,2023-02-20,889415,18:56:00,Pedestrian,1,NA,1,Harris Ave,Delaine Street,2023-02-20,"Two-Way , Not Divided",Dry,Dark - Lighted,Clear,Not a Collision Between Two Motor Vehicles in Transport,"Yes, M/V and Driver Left Scene",No Controls,2,1,Complains Of Pain,NA,41.81919,-71.43881,FALSE,FALSE,"Harris Ave and Delaine Street, Providence, RI, USA",FALSE,-71.438802,41.819221400000004,intersection,geometric_center,"delaine st & harris ave, providence, ri 02909, usa",NA,NA,NA,NA,41.819221400000004,-71.438802,Med High,3.5578825330932053,FALSE,FALSE
38,2023-02-18,889350,12:46:00,Pedestrian,1,NA,1,AMICA CENTER PARKING LOT (SABIN),ATWELLS AVE,2023-02-18,"Two-Way , Not Divided",Dry,Daylight,Clear,Not a Collision Between Two Motor Vehicles in Transport,No,Person,2,1,Complains Of Pain,NA,41.82281,-71.41793,FALSE,FALSE,"Amica Center Parking Lot (Sabin) and Atwells Ave, Providence, RI, USA",FALSE,-71.4179556,41.8236281,establishment,rooftop,"1 la salle square, providence, ri 02903, usa",NA,NA,NA,NA,41.8236281,-71.4179556,Med,91.09523299913128,FALSE,FALSE
39,2023-02-17,889326,18:44:00,Pedestrian,1,NA,1,LLOYD AVE.,HOPE ST,2023-02-17,"Two-Way , Not Divided",Wet,Dark - Lighted,"Sleet, Hail (Freezing Rain or Drizzle)",Rear End(Front-to-Rear),No,No Controls,3,1,Complains Of Pain,NA,41.83156,-71.39974,FALSE,FALSE,"Lloyd Ave. and Hope Street, Providence, RI, USA",FALSE,-71.3997648,41.8315633,intersection,geometric_center,"hope st & lloyd ave, providence, ri 02906, usa",NA,NA,NA,NA,41.8315633,-71.3997648,Med High,2.089583433857223,FALSE,FALSE
40,2023-02-17,889330,19:30:00,Pedestrian,1,NA,1,dudley st,GAY ST,2023-02-17,"Two-Way , Not Divided",Wet,Dark - Lighted,Clear,Not a Collision Between Two Motor Vehicles in Transport,"Yes, M/V and Driver Left Scene",Stop Signs,2,1,Complains Of Pain,NA,41.81003,-71.4129,FALSE,FALSE,"Dudley Street and Gay Street, Providence, RI, USA",FALSE,-71.4128949,41.8100358,intersection,geometric_center,"gay st & dudley st, providence, ri 02905, usa",NA,NA,NA,NA,41.8100358,-71.4128949,Med High,0.7719677794031524,FALSE,FALSE
41,2023-02-16,889278,06:53:00,Pedestrian,1,NA,1,WICKENDEN ST,GOVERNOR ST,2023-02-16,"Two-Way , Not Divided",Dry,Daylight,Clear,Not a Collision Between Two Motor Vehicles in Transport,No,Stop Signs,3,1,Complains Of Pain,NA,41.82036,-71.39367,FALSE,FALSE,"Wickenden Street and Governor Street, Providence, RI, USA",FALSE,-71.3936325,41.8201267,intersection,geometric_center,"wickenden st & governor st, providence, ri 02903, usa",NA,NA,NA,NA,41.8201267,-71.3936325,Med High,26.156503140826384,FALSE,FALSE
42,2023-02-16,889281,14:16:00,Pedestrian,1,NA,1,264 Weybossett St,Snow St,2023-02-16,"Two-Way , Not Divided",Dry,Daylight,Cloudy,Not a Collision Between Two Motor Vehicles in Transport,No,No Controls,3,1,Complains Of Pain,2,NA,NA,TRUE,FALSE,"264 Weybossett Street, Providence, RI, USA",FALSE,-71.413054,41.8207371,street_address,rooftop,"264 weybosset st, providence, ri 02903, usa",NA,NA,NA,NA,41.8207371,-71.413054,High,NA,FALSE,FALSE
43,2023-02-15,889267,18:07:00,Pedestrian,1,NA,1,SMITH ST.,GASPEE ST,2023-02-15,"Two-Way , Not Divided",Dry,Dark - Lighted,Clear,Not a Collision Between Two Motor Vehicles in Transport,No,No Controls,3,1,Non-Incapacitating,NA,41.83154,-71.41297,FALSE,FALSE,"Smith St. and Gaspee Street, Providence, RI, USA",FALSE,-71.4128107,41.8315462,intersection,geometric_center,"gaspee st & smith st, providence, ri 02908, usa",NA,NA,NA,NA,41.8315462,-71.4128107,Med High,13.231175334812505,FALSE,FALSE