row_number,crash_date,crash_report_id,crash_time,collision_type,count_pedestrian,count_bicycle,number_of_vehicles,street_or_highway,nearest_intersection,report_date,type_of_roadway,road_surface_condition,light_condition,weather_condition,manner_of_impact,hit_and_run,traffic_control,person_count,injury_count,most_serious_injury,number_of_lanes,lat_raw,lon_raw,has_st_number,is_intersection_null,address_sent_to_geocoder,is_address_blank,lon_api_first_try,lat_api_first_try,type,loctype,address_returned_by_geocoder,address_returned_by_autocomplete,place_ids_autocompleted,lat_api_second_try,lon_api_second_try,lat_api_best,lon_api_best,api_coord_conf,distance_btwn_coords_meters,scooter,wheel_chair
44,2023-02-14,889235,19:36:00,Pedestrian,1,NA,1,Manton Ave,Sission Street,2023-02-14,"Two-Way , Not Divided",Dry,Dark - Lighted,Clear,Not a Collision Between Two Motor Vehicles in Transport,No,No Controls,3,1,Complains Of Pain,NA,41.82556,-71.45587,FALSE,FALSE,"Manton Ave and Sission Street, Providence, RI, USA",FALSE,-71.4553928,41.8254879,intersection,geometric_center,"manton ave & sisson st, providence, ri 02909, usa",NA,NA,NA,NA,41.8254879,-71.4553928,Med High,40.390625806901106,FALSE,FALSE
45,2023-02-14,889244,18:09:00,Pedestrian,1,NA,1,ELMWOOD AVE.,CARTER ST,2023-02-14,"Two-Way , Not Divided",Dry,Daylight,Clear,Not a Collision Between Two Motor Vehicles in Transport,No,No Controls,3,1,Complains Of Pain,NA,41.7994,-71.4265,FALSE,FALSE,"Elmwood Ave. and Carter Street, Providence, RI, USA",FALSE,-71.426574,41.800197,intersection,geometric_center,"carter st & elmwood ave, providence, ri 02907, usa",NA,NA,NA,NA,41.800197,-71.426574,Med High,88.93390833784242,FALSE,FALSE
46,2023-02-14,889245,21:53:00,Pedestrian,1,NA,1,NORTH MAIN ST.,DOYLE AVE,2023-02-14,"Two-Way, Divided, Positive Median Barrier",Dry,Dark - Not Lighted,Clear,Not a Collision Between Two Motor Vehicles in Transport,"Yes, M/V and Driver Left Scene",No Controls,2,1,Fatal,NA,41.83914,-71.40906,FALSE,FALSE,"North Main St. and Doyle Ave, Providence, RI, USA",FALSE,-71.4000972,41.8387695,route,geometric_center,"doyle ave, providence, ri 02906, usa","N Main St & Doyle Ave, Providence, RI, USA",EipOIE1haW4gU3QgJiBEb3lsZSBBdmUsIFByb3ZpZGVuY2UsIFJJLCBVU0EiZiJkChQKEgl3-b8rHkXkiRExZwfAsgZoUBIUChIJd_m_Kx5F5IkRMWcHwLIGaFAaFAoSCfn6QT3eROSJEV_Xrb4NXCM_GhQKEgk5gPc430TkiRFEv0u54Nc0SSIKDUMH8BgVJ9Fv1Q,41.83836830000001,-71.4092249,41.83836830000001,-71.4092249,Med,86.9870579395796,FALSE,FALSE
47,2023-02-10,889124,23:06:00,Pedestrian,1,NA,1,DEAN ST,W EXCHANGE ST,2023-02-10,"Two-Way, Divided, Unprotected (painted>4feet) Medium",Dry,Dark - Lighted,Clear,Not a Collision Between Two Motor Vehicles in Transport,No,Traffic Control Signal,3,1,Incapacitating,NA,41.82543,-71.42583,FALSE,FALSE,"Dean Street and W Exchange Street, Providence, RI, USA",FALSE,-71.4202531,41.825222,route,geometric_center,"w exchange st, providence, ri 02903, usa","Dean Street & West Exchange Street, Providence, RI, USA",EjdEZWFuIFN0cmVldCAmIFdlc3QgRXhjaGFuZ2UgU3RyZWV0LCBQcm92aWRlbmNlLCBSSSwgVVNBImYiZAoUChIJtQnOuAtF5IkRkzwfpUoL0JcSFAoSCbUJzrgLReSJEZM8H6VKC9CXGhQKEglbBmx-DEXkiRHItJ_foOdA5BoUChIJZcnnxA1F5IkRv8kI-Xim7hoiCg3QDe4YFYlIbdU,41.8254288,-71.42582949999999,41.8254288,-71.42582949999999,Med,0.1398743179669248,FALSE,FALSE
48,2023-02-09,889070,07:54:00,Pedestrian,3,NA,1,NORTH MAIN ST,1ST ST,2023-02-09,"Two-Way, Divided, Positive Median Barrier",Dry,Daylight,Clear,Not a Collision Between Two Motor Vehicles in Transport,No,No Controls,5,3,Complains Of Pain,NA,41.84987,-71.40309,FALSE,FALSE,"North Main Street and 1st Street, Providence, RI, USA",FALSE,-71.4128343,41.8239891,locality,approximate,"providence, ri, usa",NA,NA,NA,NA,41.8239891,-71.4128343,Med,2992.254482931425,FALSE,FALSE
49,2023-02-06,888997,NA,Bicycle,NA,1,1,Washington Street,EMPIRE ST,2023-02-06,"Two-Way, Divided, Positive Median Barrier",Dry,Dark - Lighted,Clear,Not a Collision Between Two Motor Vehicles in Transport,"Yes, M/V and Driver Left Scene",Traffic Control Signal,4,1,Complains Of Pain,NA,41.82189,-71.41635,FALSE,FALSE,"Washington Street and Empire Street, Providence, RI, USA",FALSE,-71.4157797,41.821349,route,geometric_center,"empire st, providence, ri 02903, usa","Washington Street & Empire Street, Providence, RI, USA",EjZXYXNoaW5ndG9uIFN0cmVldCAmIEVtcGlyZSBTdHJlZXQsIFByb3ZpZGVuY2UsIFJJLCBVU0EiZiJkChQKEgmNpp3sEkXkiRHnvAEsqcaDvRIUChIJjaad7BJF5IkR57wBLKnGg70aFAoSCanazZwSReSJERoH0JajEjT2GhQKEgnHPO_pEkXkiRGhxI4iuiomFSIKDWmC7RgVI7hu1Q,41.82186009999999,-71.4164189,41.82186009999999,-71.4164189,Med,6.614286203856251,FALSE,FALSE
50,2023-02-05,888961,22:15:00,Pedestrian,1,NA,1,ATWELLS AVE,EUTAW ST,2023-02-05,"Two-Way , Not Divided",Dry,Dark - Lighted,Clear,Not a Collision Between Two Motor Vehicles in Transport,"Yes, M/V and Driver Left Scene",No Controls,1,1,Complains Of Pain,NA,41.82354,-71.42615,FALSE,FALSE,"Atwells Ave and Eutaw Street, Providence, RI, USA",FALSE,-71.4263084,41.8235618,intersection,geometric_center,"eutaw st & atwells ave, providence, ri 02903, usa",NA,NA,NA,NA,41.8235618,-71.4263084,Med High,13.362364122606714,FALSE,FALSE
51,2023-02-03,888881,12:33:00,Pedestrian,1,NA,1,84 Carr St,CACTUS ST,2023-02-03,"Two-Way , Not Divided",Dry,Daylight,Clear,Not a Collision Between Two Motor Vehicles in Transport,No,No Controls,3,1,Complains Of Pain,NA,41.78827,-71.40722,TRUE,FALSE,"84 Carr Street, Providence, RI, USA",FALSE,-71.40728179999999,41.7881672,premise,rooftop,"84 carr st, providence, ri 02905, usa",NA,NA,NA,NA,41.7881672,-71.40728179999999,High,12.540674850787898,FALSE,FALSE
52,2023-01-31,888798,10:57:00,Pedestrian,1,NA,1,DORRANCE ST,FRIENDSHIP ST,2023-01-31,"Two-Way, Divided, Unprotected (painted>4feet) Medium",Wet,Daylight,Cloudy,Not a Collision Between Two Motor Vehicles in Transport,No,No Controls,4,1,Complains Of Pain,NA,41.80989,-71.42405,FALSE,FALSE,"Dorrance Street and Friendship Street, Providence, RI, USA",FALSE,-71.40944019999999,41.8220269,intersection,geometric_center,"friendship st & dorrance st, providence, ri 02903, usa",NA,NA,NA,NA,41.8220269,-71.40944019999999,Med High,1815.1041479109551,FALSE,FALSE
53,2023-01-31,888804,15:13:00,Pedestrian,1,NA,1,HAWKINS ST,BRANCH AVE,2023-01-31,"Two-Way , Not Divided",Dry,Daylight,Clear,Not a Collision Between Two Motor Vehicles in Transport,No,Pavement Markings,2,1,Complains Of Pain,NA,41.8509,-71.42142,FALSE,FALSE,"Hawkins Street and Branch Ave, Providence, RI, USA",FALSE,-71.4214171,41.8509231,intersection,geometric_center,"hawkins st & branch ave, providence, ri 02904, usa",NA,NA,NA,NA,41.8509231,-71.4214171,Med High,2.582699272713118,FALSE,FALSE
54,2023-01-31,888807,18:14:00,Pedestrian,1,NA,1,EATON ST,ROSLYN AVE,2023-01-31,"Two-Way , Not Divided",Dry,Dark - Lighted,Clear,Not a Collision Between Two Motor Vehicles in Transport,No,No Controls,4,1,Incapacitating,NA,41.84173,-71.43616,FALSE,FALSE,"Eaton Street and Roslyn Ave, Providence, RI, USA",FALSE,-71.43586669999999,41.8417273,intersection,geometric_center,"eaton st & roslyn ave, providence, ri 02908, usa",NA,NA,NA,NA,41.8417273,-71.43586669999999,Med High,24.325797271243882,FALSE,FALSE
55,2023-01-30,888758,01:52:00,Pedestrian,1,NA,1,HARTFORD AVE,HARTFORD AVE,2023-01-30,"Two-Way , Not Divided",Dry,Dark - Lighted,Clear,Not a Collision Between Two Motor Vehicles in Transport,"Yes, M/V and Driver Left Scene",No Controls,1,1,Complains Of Pain,NA,41.81718,-71.44905,FALSE,FALSE,"Hartford Ave and Hartford Ave, Providence, RI, USA",FALSE,-71.4587339,41.8185901,route,geometric_center,"hartford ave, providence, ri, usa","Hartford Ave Service Rd & Hartford Ave, Johnston, Providence, RI, USA",EkVIYXJ0Zm9yZCBBdmUgU2VydmljZSBSZCAmIEhhcnRmb3JkIEF2ZSwgSm9obnN0b24sIFByb3ZpZGVuY2UsIFJJLCBVU0EiZiJkChQKEgmP4Jty0EfkiRFZT82Cwq1hZxIUChIJj-CbctBH5IkRWU_NgsKtYWcaFAoSCUk2WRTQR-SJEffJJKBODzFaGhQKEgkvAx61JEbkiRGCwC0vu7gN1iIKDdap7hgVnoNc1Q,41.829423,-71.5357282,41.829423,-71.5357282,Med,7318.482682191294,FALSE,FALSE
56,2023-01-30,888785,23:13:00,Pedestrian,1,NA,1,ASHBURTON ST,I 95 N,2023-01-30,One-Way Trafficway,Dry,Dark - Lighted,Clear,Not a Collision Between Two Motor Vehicles in Transport,No,No Controls,5,1,Complains Of Pain,NA,41.83678,-71.41422,FALSE,FALSE,"Ashburton Street and I 95 N, Providence, RI, USA",FALSE,-71.41583270000001,41.838576,street_address,range_interpolated,"95 ashburton st, providence, ri 02904, usa",NA,NA,NA,NA,41.838576,-71.41583270000001,Med High,240.54468116179763,FALSE,FALSE
57,2023-01-27,888676,11:50:00,Pedestrian,1,NA,1,CRANSTON ST,NIANTIC AVE,2023-01-27,"Two-Way , Not Divided",Dry,Daylight,Clear,Not a Collision Between Two Motor Vehicles in Transport,No,No Controls,4,1,Complains Of Pain,NA,41.80339,-71.44,FALSE,FALSE,"Cranston Street and Niantic Ave, Providence, RI, USA",FALSE,-71.4400039,41.8034026,intersection,geometric_center,"cranston st & niantic ave, cranston, ri 02907, usa",NA,NA,NA,NA,41.8034026,-71.4400039,Med High,1.4394769158079557,FALSE,FALSE
58,2023-01-25,888630,09:26:00,Pedestrian,1,NA,1,Union Ave,UNION AVE EXIT,2023-01-25,One-Way Trafficway,Dry,Daylight,Clear,Not a Collision Between Two Motor Vehicles in Transport,No,Traffic Control Signal,4,0,No Injury,NA,41.8088,-71.44019,FALSE,FALSE,"Union Ave and Union Ave Exit, Providence, RI, USA",FALSE,-71.4475494,41.8068304,route,geometric_center,"union ave, providence, ri, usa",NA,NA,NA,NA,41.8068304,-71.4475494,Med,648.8216022525079,FALSE,FALSE
59,2023-01-25,888641,18:03:00,Pedestrian,1,NA,1,RANDALL ST,CHARLES ST,2023-01-25,"Two-Way , Not Divided",Wet,Dark - Lighted,"Sleet, Hail (Freezing Rain or Drizzle)",Not a Collision Between Two Motor Vehicles in Transport,"Yes, M/V and Driver Left Scene",No Controls,3,1,Non-Incapacitating,NA,41.83744,-71.41053,FALSE,FALSE,"Randall Street and Charles Street, Providence, RI, USA",FALSE,-71.419539,41.8474982,route,geometric_center,"charles st, providence, ri, usa","Randall Street & Charles Street, Providence, RI, USA",EjRSYW5kYWxsIFN0cmVldCAmIENoYXJsZXMgU3RyZWV0LCBQcm92aWRlbmNlLCBSSSwgVVNBImYiZAoUChIJK5_7KRxF5IkRC4AGxe12bdQSFAoSCSuf-ykcReSJEQuABsXtdm3UGhQKEgmXgCFvHkXkiREFR8Ne4aJLqhoUChIJdQvObPFE5IkRy2TLLjVV_TIiCg0Sse8YFcNfb9U,41.8361618,-71.4121277,41.8361618,-71.4121277,Med,194.43531320098535,FALSE,FALSE
60,2023-01-24,888584,06:21:00,Pedestrian,1,NA,1,CHARLES ST,ASHBURTON ST,2023-01-24,One-Way Trafficway,Dry,Dark - Lighted,Clear,Not a Collision Between Two Motor Vehicles in Transport,"Yes, M/V and Driver Left Scene",Stop Signs,1,1,Incapacitating,NA,41.83648,-71.41272,FALSE,FALSE,"Charles Street and Ashburton Street, Providence, RI, USA",FALSE,-71.4161424,41.8393902,intersection,geometric_center,"ashburton st & charles st, providence, ri 02904, usa",NA,NA,NA,NA,41.8393902,-71.4161424,Med High,430.7183366016238,FALSE,FALSE
61,2023-01-23,888560,18:05:00,Pedestrian,1,NA,1,BROADWAY,SERVICE ROAD 7,2023-01-23,"Two-Way , Not Divided",Wet,Dark - Not Lighted,Rain,Not a Collision Between Two Motor Vehicles in Transport,"Yes, Driver Left Scene",No Controls,2,1,Complains Of Pain,NA,41.82182,-71.42064,FALSE,FALSE,"Broadway and Service Road 7, Providence, RI, USA",FALSE,-71.4200451,41.8199608,route,geometric_center,"service rd 1, providence, ri, usa","Broadway & Service Road 7th, Providence, RI, USA",EjBCcm9hZHdheSAmIFNlcnZpY2UgUm9hZCA3dGgsIFByb3ZpZGVuY2UsIFJJLCBVU0EiZiJkChQKEgn30PkmDUXkiRGVfBMop6wTihIUChIJ99D5Jg1F5IkRlXwTKKesE4oaFAoSCaW15YZ1ReSJERrCM7HXpG-zGhQKEgkHeHRCdkXkiRHLEV0GTCEFTCIKDd-B7RgV9gxu1Q,41.8218463,-71.420801,41.8218463,-71.420801,Med,13.673308646969502,FALSE,FALSE
62,2023-01-23,888578,21:00:00,Pedestrian,1,NA,1,GEORGE ST,THAYER ST,2023-01-23,"Two-Way , Not Divided",Wet,Dark - Lighted,Clear,Not a Collision Between Two Motor Vehicles in Transport,"Yes, M/V and Driver Left Scene",Stop Signs,2,1,Complains Of Pain,NA,41.82553,-71.40037,FALSE,FALSE,"George Street and Thayer Street, Providence, RI, USA",FALSE,-71.4005135,41.8268796,route,geometric_center,"thayer st, providence, ri, usa","George Street & Thayer Street, Providence, RI, USA",EjJHZW9yZ2UgU3RyZWV0ICYgVGhheWVyIFN0cmVldCwgUHJvdmlkZW5jZSwgUkksIFVTQSJmImQKFAoSCUdpPp08ReSJEcUiisIDcbH9EhQKEglHaT6dPEXkiRHFIorCA3Gx_RoUChIJx-okYztF5IkRsmeONi5JlGUaFAoSCVG076s8ReSJEZJMNfXilGkAIgoNUhLuGBV7K3HV,41.8255442,-71.4003589,41.8255442,-71.4003589,Med,1.829360538226498,FALSE,FALSE
63,2023-01-22,888509,02:32:00,Pedestrian,1,NA,1,CLEMENCE ST,WEYBOSSET ST,2023-01-22,One-Way Trafficway,Dry,Dark - Not Lighted,Clear,Not a Collision Between Two Motor Vehicles in Transport,"Yes, M/V and Driver Left Scene",No Controls,1,1,Non-Incapacitating,NA,41.82185,-71.41227,FALSE,FALSE,"Clemence Street and Weybosset Street, Providence, RI, USA",FALSE,-71.4121859,41.8218016,intersection,geometric_center,"weybosset st & clemence st, providence, ri 02903, usa",NA,NA,NA,NA,41.8218016,-71.4121859,Med High,8.814990261056666,FALSE,FALSE
64,2023-01-22,888527,18:28:00,Pedestrian,1,NA,1,NORTH MAIN ST.,SMITHFIELD AVE,2023-01-22,"Two-Way, Divided, Positive Median Barrier",Wet,Dark - Lighted,Rain,Not a Collision Between Two Motor Vehicles in Transport,No,Traffic Control Signal,3,1,Complains Of Pain,NA,41.85336,-71.40114,FALSE,FALSE,"North Main St. and Smithfield Ave, Providence, RI, USA",FALSE,-71.4075551,41.8559078,route,geometric_center,"smithfield ave, providence, ri, usa","N Main St & Smithfield Ave, Providence, RI, USA",Ei9OIE1haW4gU3QgJiBTbWl0aGZpZWxkIEF2ZSwgUHJvdmlkZW5jZSwgUkksIFVTQSJmImQKFAoSCZtRcyXBROSJEeKhApBlu5q0EhQKEgmbUXMlwUTkiRHioQKQZbuatBoUChIJ-fpBPd5E5IkRX9etvg1cIz8aFAoSCRdfT9GfROSJEbd0LHi5l-MWIgoN_lDyGBUMDXHV,41.853363,-71.401138,41.853363,-71.401138,Med,0.3728660484623794,FALSE,FALSE
65,2023-01-20,888475,18:47:00,Bicycle,NA,2,1,PUBLIC ST,BROAD ST,2023-01-20,"Two-Way , Not Divided",Wet,Dark - Lighted,"Sleet, Hail (Freezing Rain or Drizzle)",Not a Collision Between Two Motor Vehicles in Transport,"Yes, M/V and Driver Left Scene",Traffic Control Signal,2,2,Complains Of Pain,NA,41.80442,-71.41935,FALSE,FALSE,"Public Street and Broad Street, Providence, RI, USA",FALSE,-71.41935959999999,41.804449,intersection,geometric_center,"public st & broad st, providence, ri 02907, usa",NA,NA,NA,NA,41.804449,-71.41935959999999,Med High,3.325099214272177,FALSE,FALSE
66,2023-01-20,888477,17:34:00,Pedestrian,1,NA,1,EXCHANGE TERRACE,EXCHANGE ST,2023-01-20,"Two-Way , Not Divided",Wet,Dark - Lighted,Rain,Not a Collision Between Two Motor Vehicles in Transport,No,Flashing Traffic Control Signal,5,1,Complains Of Pain,NA,41.82611,-71.4116,FALSE,FALSE,"Exchange Terrace and Exchange Street, Providence, RI, USA",FALSE,-71.41480469999999,41.8250247,intersection,geometric_center,"exchange terrace & w exchange st, providence, ri 02903, usa",NA,NA,NA,NA,41.8250247,-71.41480469999999,Med High,292.00465251643567,FALSE,FALSE
67,2023-01-19,888445,18:39:00,Pedestrian,1,NA,1,ORCHARD AVE,BUTLER AVE,2023-01-19,"Two-Way , Not Divided",Wet,Dark - Lighted,Rain,Not a Collision Between Two Motor Vehicles in Transport,No,Pavement Markings,4,1,Complains Of Pain,NA,41.83202,-71.38417,FALSE,FALSE,"Orchard Ave and Butler Ave, Providence, RI, USA",FALSE,-71.3841776,41.8320613,intersection,geometric_center,"butler ave & orchard ave, providence, ri 02906, usa",NA,NA,NA,NA,41.8320613,-71.3841776,Med High,4.64051039198115,FALSE,FALSE
68,2023-01-19,888448,20:29:00,Pedestrian,1,NA,1,FRANCIS ST,AMERICAN EXPRESS PLZ,2023-01-19,"Two-Way , Not Divided",Wet,Dark - Lighted,Rain,Not a Collision Between Two Motor Vehicles in Transport,No,No Controls,2,0,No Injury,NA,41.8273,-71.41543,FALSE,FALSE,"Francis Street and American Express Plz, Providence, RI, USA",FALSE,-71.4128343,41.8239891,locality,approximate,"providence, ri, usa",NA,NA,NA,NA,41.8239891,-71.4128343,Med,426.85488632313314,FALSE,FALSE
69,2023-01-18,888390,10:26:00,Bicycle,NA,1,1,CRANSTON ST,WAVERLY ST,2023-01-18,"Two-Way , Not Divided",Dry,Daylight,Clear,Not a Collision Between Two Motor Vehicles in Transport,"Yes, M/V and Driver Left Scene",No Controls,1,1,Complains Of Pain,NA,41.80809,-71.43475,FALSE,FALSE,"Cranston Street and Waverly Street, Providence, RI, USA",FALSE,-71.43456739999999,41.8083361,intersection,geometric_center,"cranston st & waverly st, providence, ri 02907, usa",NA,NA,NA,NA,41.8083361,-71.43456739999999,Med High,31.306354315858894,FALSE,FALSE
70,2023-01-17,888376,18:08:00,Pedestrian,1,NA,1,VALLEY ST,GROVE ST,2023-01-17,"Two-Way , Not Divided",Wet,Dark - Lighted,Clear,Not a Collision Between Two Motor Vehicles in Transport,No,No Controls,4,1,Complains Of Pain,NA,41.82023,-71.44039,FALSE,FALSE,"Valley Street and Grove Street, Providence, RI, USA",FALSE,-71.4403753,41.820242,intersection,geometric_center,"valley st & grove st, providence, ri 02909, usa",NA,NA,NA,NA,41.820242,-71.4403753,Med High,1.8087715314901043,FALSE,FALSE
71,2023-01-16,888333,17:41:00,Pedestrian,1,NA,1,OAKLAND AVE,SMITH ST,2023-01-16,"Two-Way , Not Divided",Wet,Dark - Not Lighted,Clear,Not a Collision Between Two Motor Vehicles in Transport,"Yes, M/V and Driver Left Scene",Traffic Control Signal,1,1,Complains Of Pain,NA,41.83618,-71.43046,FALSE,FALSE,"Oakland Ave and Smith Street, Providence, RI, USA",FALSE,-71.43045500000001,41.8362474,intersection,geometric_center,"oakland ave & smith st, providence, ri 02908, usa",NA,NA,NA,NA,41.8362474,-71.43045500000001,Med High,7.514385279461102,FALSE,FALSE
72,2023-01-14,888279,21:52:00,Pedestrian,1,NA,1,BROAD ST,FRICKER ST,2023-01-14,"Two-Way , Not Divided",Dry,Dark - Lighted,Clear,Not a Collision Between Two Motor Vehicles in Transport,No,Traffic Control Signal,4,1,Non-Incapacitating,NA,41.81528,-71.42066,FALSE,FALSE,"Broad Street and Fricker Street, Providence, RI, USA",FALSE,-71.42173,41.8165575,route,geometric_center,"fricker st, providence, ri, usa","Broad Street & Fricker Street, Providence, RI, USA",EjJCcm9hZCBTdHJlZXQgJiBGcmlja2VyIFN0cmVldCwgUHJvdmlkZW5jZSwgUkksIFVTQSJmImQKFAoSCcsO7ptxReSJEe1RgLr0NWTvEhQKEgnLDu6bcUXkiRHtUYC69DVk7xoUChIJg9591YxP5IkRLKLKk5hLCKMaFAoSCaG8FtZzReSJESAHFPqNHvDOIgoNcoXsGBU0FG7V,41.8153842,-71.42061559999999,41.8153842,-71.42061559999999,Med,12.170366235721222,FALSE,FALSE
73,2023-01-13,888225,08:20:00,Pedestrian,1,NA,1,WESTMINSTER ST,BARTON ST,2023-01-13,"Two-Way , Not Divided",Wet,Daylight,Rain,Not a Collision Between Two Motor Vehicles in Transport,No,Person,3,1,Complains Of Pain,NA,41.81592,-71.43653,FALSE,FALSE,"Westminster Street and Barton Street, Providence, RI, USA",FALSE,-71.4365339,41.8159344,intersection,geometric_center,"barton st & westminster st, providence, ri 02909, usa",NA,NA,NA,NA,41.8159344,-71.4365339,Med High,1.6353303755184845,TRUE,FALSE
74,2023-01-13,888237,12:28:00,Bicycle,NA,1,1,BROAD ST,LENOX AVE,2023-01-13,"Two-Way , Not Divided",Wet,Daylight,Rain,Not a Collision Between Two Motor Vehicles in Transport,No,Pavement Markings,2,0,No Injury,NA,41.79843,-71.41495,FALSE,FALSE,"Broad Street and Lenox Ave, Providence, RI, USA",FALSE,-71.4128343,41.8239891,locality,approximate,"providence, ri, usa","Broad Street & Lenox Ave, Providence, RI, USA",Ei1Ccm9hZCBTdHJlZXQgJiBMZW5veCBBdmUsIFByb3ZpZGVuY2UsIFJJLCBVU0EiZiJkChQKEgmT6t8AiU_kiRFShKlWkME5IRIUChIJk-rfAIlP5IkRUoSpVpDBOSEaFAoSCYPefdWMT-SJESyiypOYSwijGhQKEgmLIQXfhU_kiRERQQXUPieyyyIKDcnq6RgVUvdu1Q,41.7983177,-71.4148014,41.7983177,-71.4148014,Med,17.560140371382406,FALSE,FALSE
75,2023-01-13,888245,17:00:00,Pedestrian,1,NA,1,ATWELLS AVE,CUTLER ST,2023-01-13,"Two-Way , Not Divided",Dry,Dark - Lighted,Clear,Not a Collision Between Two Motor Vehicles in Transport,No,Pavement Markings,3,1,Complains Of Pain,NA,41.82467,-71.4415,FALSE,FALSE,"Atwells Ave and Cutler Street, Providence, RI, USA",FALSE,-71.4415532,41.82469529999999,intersection,geometric_center,"cutler st & atwells ave, providence, ri 02908, usa",NA,NA,NA,NA,41.82469529999999,-71.4415532,Med High,5.235260149348986,FALSE,FALSE
76,2023-01-13,888252,20:42:00,Pedestrian,1,NA,1,ADMIRAL ST,HAWKINS ST,2023-01-13,"Two-Way , Not Divided",Wet,Dark - Lighted,Clear,Not a Collision Between Two Motor Vehicles in Transport,"Yes, M/V and Driver Left Scene",Pavement Markings,3,1,Complains Of Pain,NA,41.84591,-71.42831,FALSE,FALSE,"Admiral Street and Hawkins Street, Providence, RI, USA",FALSE,-71.4283351,41.8459297,intersection,geometric_center,"admiral st & hawkins st, providence, ri 02908, usa",NA,NA,NA,NA,41.8459297,-71.4283351,Med High,3.0235210833294155,FALSE,FALSE
77,2023-01-12,888665,15:00:00,Pedestrian,1,NA,1,FULTON ST,DORRANCE ST,2023-01-27,"Two-Way , Not Divided",Unknown,Daylight,Clear,Not a Collision Between Two Motor Vehicles in Transport,"Yes, M/V and Driver Left Scene",Traffic Control Signal,1,1,Non-Incapacitating,2,41.82413,-71.41236,FALSE,FALSE,"Fulton Street and Dorrance Street, Providence, RI, USA",FALSE,-71.4113407,41.8233534,route,geometric_center,"dorrance st, providence, ri 02903, usa","Fulton Street & Dorrance Street, Providence, RI, USA",EjRGdWx0b24gU3RyZWV0ICYgRG9ycmFuY2UgU3RyZWV0LCBQcm92aWRlbmNlLCBSSSwgVVNBImYiZAoUChIJf0Y9-RNF5IkRa402C95i2d0SFAoSCX9GPfkTReSJEWuNNgveYtndGhQKEgmV_SepFkXkiRFnZiyNOi8BiRoUChIJpfpicxRF5IkR4zxQTjprQnQiCg1O2-0YFQlYb9U,41.8241358,-71.4123255,41.8241358,-71.4123255,Med,2.9338646577899943,FALSE,FALSE
78,2023-01-10,888144,18:38:00,Pedestrian,1,NA,1,PLAINFIELD ST.,POCASSET AVE,2023-01-10,"Two-Way , Not Divided",Dry,Dark - Lighted,Clear,Not a Collision Between Two Motor Vehicles in Transport,No,No Controls,3,1,Complains Of Pain,NA,41.8137,-71.44793,FALSE,FALSE,"Plainfield St. and Pocasset Ave, Providence, RI, USA",FALSE,-71.44779419999999,41.8138447,intersection,geometric_center,"pocasset ave & plainfield st, providence, ri 02909, usa",NA,NA,NA,NA,41.8138447,-71.44779419999999,Med High,19.657376669375292,FALSE,FALSE
79,2023-01-08,888094,02:22:00,Pedestrian,1,NA,1,EDDY ST,OXFORD ST,2023-01-08,"Two-Way, Divided, Unprotected (painted>4feet) Medium",Dry,Dark - Lighted,Clear,Not a Collision Between Two Motor Vehicles in Transport,"Yes, M/V and Driver Left Scene",No Controls,1,1,Incapacitating,NA,NA,NA,FALSE,FALSE,"Eddy Street and Oxford Street, Providence, RI, USA",FALSE,-71.4066724,41.8031182,intersection,geometric_center,"oxford st & eddy st, providence, ri 02905, usa",NA,NA,NA,NA,41.8031182,-71.4066724,Med High,NA,FALSE,FALSE
80,2023-01-07,888121,16:40:00,Pedestrian,1,NA,1,BROAD ST,ADELAIDE AVE,2023-01-09,"Two-Way , Not Divided",Dry,Dusk,Clear,Not a Collision Between Two Motor Vehicles in Transport,No,No Controls,5,1,Complains Of Pain,NA,41.79882,-71.41543,FALSE,FALSE,"Broad Street and Adelaide Ave, Providence, RI, USA",FALSE,-71.4229955,41.7965181,route,geometric_center,"adelaide ave, providence, ri 02907, usa","Broad Street & Adelaide Ave, Providence, RI, USA",EjBCcm9hZCBTdHJlZXQgJiBBZGVsYWlkZSBBdmUsIFByb3ZpZGVuY2UsIFJJLCBVU0EiZiJkChQKEgmHmKxWiE_kiRHEyK6zP1G3PRIUChIJh5isVohP5IkRxMiusz9Rtz0aFAoSCYPefdWMT-SJESyiypOYSwijGhQKEgn7ze1zhE_kiRG6QeI0WTshsiIKDUkA6hgV2dxu1Q,41.7988681,-71.4154791,41.7988681,-71.4154791,Med,6.728550554644694,FALSE,FALSE
81,2023-01-05,888039,21:55:00,Bicycle,NA,1,1,FRICKER ST.,BROAD ST,2023-01-06,"Two-Way , Not Divided",Dry,Daylight,Clear,Not a Collision Between Two Motor Vehicles in Transport,"Yes, M/V and Driver Left Scene",Stop Signs,2,1,Non-Incapacitating,NA,41.81539,-71.42076,FALSE,FALSE,"Fricker St. and Broad Street, Providence, RI, USA",FALSE,-71.42061559999999,41.8153842,intersection,geometric_center,"fricker st & broad st, providence, ri 02903, usa",NA,NA,NA,NA,41.8153842,-71.42061559999999,Med High,11.99768730376156,FALSE,FALSE
82,2023-01-04,887992,01:56:00,Pedestrian,1,NA,1,PUBLIC ST,BROAD ST,2023-01-04,"Two-Way , Not Divided",Wet,Dark - Lighted,Rain,Not a Collision Between Two Motor Vehicles in Transport,"Yes, M/V and Driver Left Scene",Traffic Control Signal,1,1,Complains Of Pain,NA,41.80442,-71.41935,FALSE,FALSE,"Public Street and Broad Street, Providence, RI, USA",FALSE,-71.41935959999999,41.804449,intersection,geometric_center,"public st & broad st, providence, ri 02907, usa",NA,NA,NA,NA,41.804449,-71.41935959999999,Med High,3.325099214272177,FALSE,FALSE
83,2023-01-03,887972,14:25:00,Bicycle,NA,1,1,SMITH ST,CALVERLY ST,2023-01-03,"Two-Way , Not Divided",Wet,Daylight,Rain,Not a Collision Between Two Motor Vehicles in Transport,"Yes, M/V and Driver Left Scene",No Controls,1,1,Complains Of Pain,NA,41.83297,-71.42,FALSE,FALSE,"Smith Street and Calverly Street, Providence, RI, USA",FALSE,-71.4205609,41.8332067,intersection,geometric_center,"calverly st & smith st, providence, ri 02908, usa",NA,NA,NA,NA,41.8332067,-71.4205609,Med High,53.46642612434348,FALSE,FALSE