row_number,crash_date,crash_report_id,crash_time,collision_type,count_pedestrian,count_bicycle,number_of_vehicles,street_or_highway,nearest_intersection,report_date,type_of_roadway,road_surface_condition,light_condition,weather_condition,manner_of_impact,hit_and_run,traffic_control,person_count,injury_count,most_serious_injury,number_of_lanes,lat_raw,lon_raw,has_st_number,is_intersection_null,address_sent_to_geocoder,is_address_blank,lon_api_first_try,lat_api_first_try,type,loctype,address_returned_by_geocoder,address_returned_by_autocomplete,place_ids_autocompleted,lat_api_second_try,lon_api_second_try,lat_api_best,lon_api_best,api_coord_conf,distance_btwn_coords_meters,scooter,wheel_chair
215,2022-08-12,880209,17:34:00,Other,NA,1,1,584 SMITH ST,OAKLAND AVE,2022-08-18,"Two-Way, Divided, Unprotected (painted>4feet) Medium",Dry,Daylight,Clear,Not a Collision Between Two Motor Vehicles in Transport,No,Traffic Control Signal,2,0,No Injury,NA,41.83624,-71.43048,TRUE,FALSE,"584 Smith Street, Providence, RI, USA",FALSE,-71.430685,41.8361929,premise,rooftop,"584 smith st, providence, ri 02908, usa",NA,NA,NA,NA,41.8361929,-71.430685,High,17.79258489430936,TRUE,FALSE
216,2022-08-10,879964,15:05:00,Pedestrian,1,NA,1,BURLINGTON ST,HOPE ST,2022-08-10,"Two-Way , Not Divided",Dry,Daylight,Clear,Not a Collision Between Two Motor Vehicles in Transport,"Yes, M/V and Driver Left Scene",Pavement Markings,1,1,Complains Of Pain,NA,41.84803,-71.3955,FALSE,FALSE,"Burlington Street and Hope Street, Providence, RI, USA",FALSE,-71.3955059,41.84804279999999,intersection,geometric_center,"hope st & burlington st, providence, ri 02906, usa",NA,NA,NA,NA,41.84804279999999,-71.3955059,Med High,1.5065443391470061,FALSE,FALSE
217,2022-08-08,879899,01:42:00,Pedestrian,1,NA,1,257 ALLENS AVE,ALLENS AVE,2022-08-08,"Two-Way, Divided, Positive Median Barrier",Dry,Dark - Lighted,Clear,Not a Collision Between Two Motor Vehicles in Transport,"Yes, M/V and Driver Left Scene",No Controls,3,1,Incapacitating,NA,41.80613,-71.40278,TRUE,FALSE,"257 Allens Ave, Providence, RI, USA",FALSE,-71.4036844,41.8065951,premise,rooftop,"257 allens ave, providence, ri 02905, usa",NA,NA,NA,NA,41.8065951,-71.4036844,High,91.17228301565868,FALSE,FALSE
218,2022-08-07,879875,10:23:00,Pedestrian,1,NA,1,993 Manton Avenue,993 Manton Avenue,2022-08-07,"Two-Way , Not Divided",Dry,Daylight,Clear,Not a Collision Between Two Motor Vehicles in Transport,No,No Controls,2,1,Complains Of Pain,1,NA,NA,TRUE,FALSE,"993 Manton Avenue, Providence, RI, USA",FALSE,-71.4710291,41.8337412,premise,rooftop,"993 manton ave, providence, ri 02909, usa",NA,NA,NA,NA,41.8337412,-71.4710291,High,NA,FALSE,TRUE
219,2022-08-06,879852,13:33:00,Pedestrian,1,NA,1,POTTERS AVE,BAXTER ST,2022-08-06,"Two-Way , Not Divided",Dry,Daylight,Clear,Not a Collision Between Two Motor Vehicles in Transport,No,Stop Signs,4,1,Non-Incapacitating,NA,41.80352,-71.41662,FALSE,FALSE,"Potters Ave and Baxter Street, Providence, RI, USA",FALSE,-71.416608,41.803539,intersection,geometric_center,"potters ave & baxter st, providence, ri 02905, usa",NA,NA,NA,NA,41.803539,-71.416608,Med High,2.3377542253578683,FALSE,FALSE
220,2022-08-05,879811,06:19:00,Pedestrian,1,NA,1,GRIMWOOD ST,OPHELIA ST,2022-08-05,"Two-Way , Not Divided",Dry,Daylight,Clear,Not a Collision Between Two Motor Vehicles in Transport,"Yes, M/V and Driver Left Scene",No Controls,1,1,Complains Of Pain,NA,41.82281,-71.46316,FALSE,FALSE,"Grimwood Street and Ophelia Street, Providence, RI, USA",FALSE,-71.463005,41.8228,intersection,geometric_center,"grimwood st & ophelia st, providence, ri 02909, usa",NA,NA,NA,NA,41.8228,-71.463005,Med High,12.906349902396945,FALSE,FALSE
221,2022-08-05,879831,18:02:00,Other,NA,NA,2,Washington St,UNION ST,2022-08-05,"Two-Way , Not Divided",Dry,Daylight,Clear,"Sideswipe, Same Direction",No,No Controls,2,1,Non-Incapacitating,NA,41.8236,-71.414,FALSE,FALSE,"Washington Street and Union Street, Providence, RI, USA",FALSE,-71.4128343,41.8239891,locality,approximate,"providence, ri, usa","Washington Street & Union Street, Providence, RI, USA",EjVXYXNoaW5ndG9uIFN0cmVldCAmIFVuaW9uIFN0cmVldCwgUHJvdmlkZW5jZSwgUkksIFVTQSJmImQKFAoSCXvJS8cTReSJEcVp0B49EFpXEhQKEgl7yUvHE0XkiRHFadAePRBaVxoUChIJqdrNnBJF5IkRGgfQlqMSNPYaFAoSCXNAs5UTReSJEZJE18owa50QIgoN_cbtGBWuFm_V,41.8236157,-71.4139986,41.8236157,-71.4139986,Med,1.7515704890054968,TRUE,FALSE
222,2022-08-05,879838,22:40:00,Pedestrian,1,NA,1,Charles Street,HAWKINS ST,2022-08-05,"Two-Way , Not Divided",Dry,Dark - Lighted,Clear,Not a Collision Between Two Motor Vehicles in Transport,"Yes, M/V and Driver Left Scene",Stop Signs,3,1,Complains Of Pain,NA,41.8514,-71.42016,FALSE,FALSE,"Charles Street and Hawkins Street, Providence, RI, USA",FALSE,-71.4201487,41.851388,intersection,geometric_center,"charles st & hawkins st, providence, ri 02904, usa",NA,NA,NA,NA,41.851388,-71.4201487,Med High,1.6316866740717042,FALSE,FALSE
223,2022-08-02,879750,11:42:00,Pedestrian,1,NA,1,HARTFORD AVE,EDNA ST,2022-08-02,"Two-Way , Not Divided",Dry,Daylight,Clear,Not a Collision Between Two Motor Vehicles in Transport,No,Pavement Markings,2,1,Complains Of Pain,NA,41.81686,-71.44563,FALSE,FALSE,"Hartford Ave and Edna Street, Providence, RI, USA",FALSE,-71.44650229999999,41.8169568,intersection,geometric_center,"hartford ave & edna st, providence, ri 02909, usa",NA,NA,NA,NA,41.8169568,-71.44650229999999,Med High,73.1674390231189,FALSE,FALSE
224,2022-08-01,879744,22:42:00,Bicycle,NA,1,1,DOVER ST,CARLETON ST,2022-08-01,"Two-Way , Not Divided",Dry,Dark - Lighted,Clear,Not a Collision Between Two Motor Vehicles in Transport,No,Stop Signs,3,1,Complains Of Pain,NA,41.82974,-71.44763,FALSE,FALSE,"Dover Street and Carleton Street, Providence, RI, USA",FALSE,-71.44759839999999,41.8297532,intersection,geometric_center,"dover st & carleton st, providence, ri 02908, usa",NA,NA,NA,NA,41.8297532,-71.44759839999999,Med High,3.0049231683154285,FALSE,FALSE
225,2022-07-30,879688,19:13:00,Bicycle,NA,1,1,TABER AVE,VILLA AVE,2022-07-30,"Two-Way, Divided, Unprotected (painted>4feet) Medium",Dry,Daylight,Clear,Not a Collision Between Two Motor Vehicles in Transport,No,No Controls,2,1,Complains Of Pain,NA,41.8301,-71.39115,FALSE,FALSE,"Taber Ave and Villa Ave, Providence, RI, USA",FALSE,-71.391182,41.830219,intersection,geometric_center,"taber ave & villa ave, providence, ri 02906, usa",NA,NA,NA,NA,41.830219,-71.391182,Med High,13.510323561754271,TRUE,FALSE
226,2022-07-29,879658,14:58:00,Pedestrian,1,NA,1,CORLISS ST,CHARLES ST,2022-07-29,"Two-Way , Not Divided",Dry,Daylight,Clear,Not a Collision Between Two Motor Vehicles in Transport,No,No Controls,4,1,Complains Of Pain,NA,41.83813,-71.41443,FALSE,FALSE,"Corliss Street and Charles Street, Providence, RI, USA",FALSE,-71.41448849999999,41.8380809,intersection,geometric_center,"charles st & corliss st, providence, ri 02904, usa",NA,NA,NA,NA,41.8380809,-71.41448849999999,Med High,7.308538104147526,FALSE,FALSE
227,2022-07-28,879638,19:26:00,Bicycle,NA,1,1,HOPE ST,STIMSON AVE,2022-07-28,"Two-Way , Not Divided",Dry,Dusk,Clear,Not a Collision Between Two Motor Vehicles in Transport,No,No Controls,2,0,No Injury,NA,41.82942,-71.3982,FALSE,FALSE,"Hope Street and Stimson Ave, Providence, RI, USA",FALSE,-71.3981831,41.82940749999999,intersection,geometric_center,"hope st & stimson ave, providence, ri 02906, usa",NA,NA,NA,NA,41.82940749999999,-71.3981831,Med High,1.9751842465808054,FALSE,FALSE
228,2022-07-27,879609,16:36:00,Pedestrian,1,NA,1,WICKENDEN ST,BROOK ST,2022-07-27,"Two-Way , Not Divided",Dry,Daylight,Clear,Not a Collision Between Two Motor Vehicles in Transport,"Yes, M/V and Driver Left Scene",Traffic Control Signal,2,0,No Injury,NA,41.81947,-71.3984,FALSE,FALSE,"Wickenden Street and Brook Street, Providence, RI, USA",FALSE,-71.3982534,41.8194797,intersection,geometric_center,"wickenden st & brook st, providence, ri 02903, usa",NA,NA,NA,NA,41.8194797,-71.3982534,Med High,12.209891430966369,FALSE,FALSE
229,2022-07-24,879505,21:24:00,Pedestrian,1,NA,1,DETROIT AVE,Broad Street,2022-07-24,"Two-Way , Not Divided",Dry,Dark - Lighted,Clear,Not a Collision Between Two Motor Vehicles in Transport,No,Stop Signs,3,1,Complains Of Pain,NA,41.79439,-71.40993,FALSE,FALSE,"Detroit Ave and Broad Street, Providence, RI, USA",FALSE,-71.4099112,41.794379,intersection,geometric_center,"detroit ave & broad st, providence, ri 02905, usa",NA,NA,NA,NA,41.794379,-71.4099112,Med High,1.983403499254194,TRUE,FALSE
230,2022-07-22,879425,13:01:00,Pedestrian,1,NA,1,280 Atwells Ave,CROUT ST,2022-07-22,Unknown,Dry,Daylight,Clear,Not a Collision Between Two Motor Vehicles in Transport,"Yes, M/V and Driver Left Scene",No Controls,1,1,Complains Of Pain,NA,41.82364,-71.42752,TRUE,FALSE,"280 Atwells Ave, Providence, RI, USA",FALSE,-71.42737249999999,41.8234282,premise,rooftop,"280 atwells ave, providence, ri 02903, usa",NA,NA,NA,NA,41.8234282,-71.42737249999999,High,26.56341903028866,FALSE,FALSE
231,2022-07-22,879450,23:55:00,Pedestrian,1,NA,1,Oxford Street,FRENCH ST,2022-07-23,"Two-Way, Divided, Positive Median Barrier",Dry,Dark - Lighted,Clear,Not a Collision Between Two Motor Vehicles in Transport,"Yes, M/V and Driver Left Scene",No Controls,2,1,Complains Of Pain,NA,41.80261,-71.40879,FALSE,FALSE,"Oxford Street and French Street, Providence, RI, USA",FALSE,-71.4087849,41.8026235,intersection,geometric_center,"oxford st & french st, providence, ri 02905, usa",NA,NA,NA,NA,41.8026235,-71.4087849,Med High,1.5612671608669044,FALSE,FALSE
232,2022-07-18,879312,09:55:00,Pedestrian,1,NA,1,BRANCH AVE,HAWKINS ST,2022-07-18,"Two-Way , Not Divided",Dry,Daylight,Clear,Not a Collision Between Two Motor Vehicles in Transport,"Yes, M/V and Driver Left Scene",Traffic Control Signal,1,1,Complains Of Pain,NA,41.85096,-71.42157,FALSE,FALSE,"Branch Ave and Hawkins Street, Providence, RI, USA",FALSE,-71.4214171,41.8509231,intersection,geometric_center,"hawkins st & branch ave, providence, ri 02904, usa",NA,NA,NA,NA,41.8509231,-71.4214171,Med High,13.327291058369866,FALSE,FALSE
233,2022-07-16,879257,21:23:00,Pedestrian,1,NA,1,ATWELLS AVE,CUTLER ST,2022-07-16,"Two-Way, Divided, Positive Median Barrier",Dry,Dark - Lighted,Cloudy,Not a Collision Between Two Motor Vehicles in Transport,No,No Controls,4,1,Incapacitating,NA,41.82468,-71.44157,FALSE,FALSE,"Atwells Ave and Cutler Street, Providence, RI, USA",FALSE,-71.4415532,41.82469529999999,intersection,geometric_center,"cutler st & atwells ave, providence, ri 02908, usa",NA,NA,NA,NA,41.82469529999999,-71.4415532,Med High,2.200692679519113,FALSE,FALSE
234,2022-07-16,879259,01:41:00,Pedestrian,1,NA,1,UNION AVE,CUMERFORD ST,2022-07-16,"Two-Way , Not Divided",Dry,Dark - Lighted,Clear,Not a Collision Between Two Motor Vehicles in Transport,"Yes, M/V and Driver Left Scene",Traffic Control Signal,2,1,Complains Of Pain,NA,41.80796,-71.44322,FALSE,FALSE,"Union Ave and Cumerford Street, Providence, RI, USA",FALSE,-71.443932,41.809914,route,geometric_center,"cumerford st, providence, ri 02909, usa","Union Ave & Cumerford Street, Providence, RI, USA",EjFVbmlvbiBBdmUgJiBDdW1lcmZvcmQgU3RyZWV0LCBQcm92aWRlbmNlLCBSSSwgVVNBImYiZAoUChIJMwFuiohF5IkRcGMIEuZXsXYSFAoSCTMBboqIReSJEXBjCBLmV7F2GhQKEgkjges4ikXkiRGe1Z8wsMWILxoUChIJf3hgxYhF5IkRnOQ1qNFwyg4iCg04ZusYFQSoatU,41.80803119999999,-71.443046,41.80803119999999,-71.443046,Med,16.470266206222114,FALSE,FALSE
235,2022-07-15,879206,18:04:00,Bicycle,NA,1,1,PUBLIC ST,GORDON AVE,2022-07-15,"Two-Way , Not Divided",Dry,Daylight,Clear,Not a Collision Between Two Motor Vehicles in Transport,No,No Controls,4,1,Complains Of Pain,NA,41.80519,-71.41634,FALSE,FALSE,"Public Street and Gordon Ave, Providence, RI, USA",FALSE,-71.41636299999999,41.8051973,intersection,geometric_center,"gordon ave & public st, providence, ri 02907, usa",NA,NA,NA,NA,41.8051973,-71.41636299999999,Med High,2.0743271608153995,FALSE,FALSE
236,2022-07-15,879219,21:53:00,Pedestrian,1,NA,1,WARRINGTON ST,BROAD STREET,2022-07-15,"Two-Way, Divided, Unprotected (painted>4feet) Medium",Dry,Dark - Lighted,Cloudy,Not a Collision Between Two Motor Vehicles in Transport,"Yes, Driver Left Scene",No Controls,6,1,Incapacitating,NA,41.79667,-71.41277,FALSE,FALSE,"Warrington Street and Broad Street, Providence, RI, USA",FALSE,-71.4127794,41.7967017,intersection,geometric_center,"warrington st & broad st, providence, ri 02905, usa",NA,NA,NA,NA,41.7967017,-71.4127794,Med High,3.614027646583442,FALSE,FALSE
237,2022-07-14,879154,16:26:00,Pedestrian,1,NA,1,WICKENDEN ST,Wickenden St,2022-07-14,"Two-Way , Not Divided",Dry,Daylight,Clear,Not a Collision Between Two Motor Vehicles in Transport,No,Traffic Control Signal,2,0,No Injury,NA,41.81893,-71.40082,FALSE,FALSE,"Wickenden Street and Wickenden Street, Providence, RI, USA",FALSE,-71.3960063,41.8196128,route,geometric_center,"wickenden st, providence, ri, usa",NA,NA,NA,NA,41.8196128,-71.3960063,Med,406.5187065303163,TRUE,FALSE
238,2022-07-14,879158,15:55:00,Bicycle,NA,1,1,INDUSTRIAL DR,N MAIN ST,2022-07-14,"Two-Way, Divided, Positive Median Barrier",Dry,Daylight,Clear,Not a Collision Between Two Motor Vehicles in Transport,No,Traffic Control Signal,2,1,Complains Of Pain,NA,41.84063,-71.40872,FALSE,FALSE,"Industrial Dr and N Main Street, Providence, RI, USA",FALSE,-71.37025750000001,41.8264716,establishment,rooftop,"105 wilmarth ave, east providence, ri 02914, usa","Industrial Dr & North Main Street, Providence, RI, USA",EjZJbmR1c3RyaWFsIERyICYgTm9ydGggTWFpbiBTdHJlZXQsIFByb3ZpZGVuY2UsIFJJLCBVU0EiZiJkChQKEgkDezJW4ETkiRG9xnXQ5dwU2BIUChIJA3syVuBE5IkRvcZ10OXcFNgaFAoSCXnPQqDhROSJEYo636_w5uWZGhQKEgn5-kE93kTkiRFf162-DVwjPyIKDURg8BgV7uVv1Q,41.84064679999999,-71.408693,41.84064679999999,-71.408693,Med,2.917455443485986,FALSE,FALSE
239,2022-07-13,879112,01:41:00,Pedestrian,1,NA,1,COMMODORE ST,BRANCH AVE,2022-07-13,"Two-Way, Divided, Unprotected (painted>4feet) Medium",Wet,Dark - Lighted,Cloudy,Not a Collision Between Two Motor Vehicles in Transport,"Yes, M/V and Driver Left Scene",Pavement Markings,2,1,Complains Of Pain,NA,41.84955,-71.41837,FALSE,FALSE,"Commodore Street and Branch Ave, Providence, RI, USA",FALSE,-71.4183292,41.8495491,intersection,geometric_center,"branch ave & commodore st, providence, ri 02904, usa",NA,NA,NA,NA,41.8495491,-71.4183292,Med High,3.3846929976929148,FALSE,FALSE
240,2022-07-12,879080,06:33:00,Other,1,NA,1,Canal St/ Steeple St,CANAL ST,2022-07-12,One-Way Trafficway,Dry,Daylight,Clear,Not a Collision Between Two Motor Vehicles in Transport,No,Traffic Control Signal,2,1,Incapacitating,NA,41.82718,-71.40991,FALSE,FALSE,"Canal St/ Steeple Street and Canal Street, Providence, RI, USA",FALSE,-71.409902,41.8271852,intersection,geometric_center,"steeple st & canal st, providence, ri 02903, usa",NA,NA,NA,NA,41.8271852,-71.409902,Med High,0.8805986010145954,TRUE,FALSE
241,2022-07-06,878944,17:30:00,Bicycle,NA,1,1,WESTMINSTER ST,COURTLAND ST,2022-07-06,"Two-Way , Not Divided",Dry,Daylight,Clear,"Sideswipe, Same Direction",No,No Controls,2,1,Complains Of Pain,NA,41.81669,-71.43043,FALSE,FALSE,"Westminster Street and Courtland Street, Providence, RI, USA",FALSE,-71.43048619999999,41.816707,intersection,geometric_center,"westminster st & courtland st, providence, ri 02909, usa",NA,NA,NA,NA,41.816707,-71.43048619999999,Med High,5.032009365648416,FALSE,FALSE
242,2022-07-06,878953,14:48:00,Bicycle,NA,1,1,EAGLE ST,VALLEY ST,2022-07-06,"Two-Way , Not Divided",Dry,Daylight,Clear,Not a Collision Between Two Motor Vehicles in Transport,No,No Controls,2,1,Complains Of Pain,NA,41.82703,-71.43611,FALSE,FALSE,"Eagle Street and Valley Street, Providence, RI, USA",FALSE,-71.4364099,41.8274251,intersection,geometric_center,"valley st & eagle st, providence, ri 02908, usa",NA,NA,NA,NA,41.8274251,-71.4364099,Med High,50.53025738544447,FALSE,FALSE
243,2022-07-06,881461,19:41:00,Other,NA,NA,2,HARTFORD AVE,HARTFORD AVE,2022-09-26,"Two-Way, Divided, Unprotected (painted>4feet) Medium",Dry,Daylight,Clear,"Sideswipe, Same Direction",No,Stop Signs,4,0,No Injury,NA,41.81835,-71.45738,FALSE,FALSE,"Hartford Ave and Hartford Ave, Providence, RI, USA",FALSE,-71.4587339,41.8185901,route,geometric_center,"hartford ave, providence, ri, usa","Hartford Ave Service Rd & Hartford Ave, Johnston, Providence, RI, USA",EkVIYXJ0Zm9yZCBBdmUgU2VydmljZSBSZCAmIEhhcnRmb3JkIEF2ZSwgSm9obnN0b24sIFByb3ZpZGVuY2UsIFJJLCBVU0EiZiJkChQKEgmP4Jty0EfkiRFZT82Cwq1hZxIUChIJj-CbctBH5IkRWU_NgsKtYWcaFAoSCUk2WRTQR-SJEffJJKBODzFaGhQKEgkvAx61JEbkiRGCwC0vu7gN1iIKDdap7hgVnoNc1Q,41.829423,-71.5357282,41.829423,-71.5357282,Med,6615.235746035215,TRUE,FALSE
244,2022-07-05,878925,14:10:00,Bicycle,NA,1,1,Broadway,KNIGHT ST,2022-07-05,"Two-Way, Divided, Unprotected (painted>4feet) Medium",Dry,Daylight,Clear,Not a Collision Between Two Motor Vehicles in Transport,No,No Controls,3,1,Complains Of Pain,NA,41.81991,-71.42888,FALSE,FALSE,"Broadway and Knight Street, Providence, RI, USA",FALSE,-71.4298401,41.8202496,route,geometric_center,"knight st, providence, ri, usa","Broadway & Knight Street, Providence, RI, USA",Ei1Ccm9hZHdheSAmIEtuaWdodCBTdHJlZXQsIFByb3ZpZGVuY2UsIFJJLCBVU0EiZiJkChQKEgmvZYGEdUXkiRHAVmwJ-u4XKRIUChIJr2WBhHVF5IkRwFZsCfruFykaFAoSCaW15YZ1ReSJERrCM7HXpG-zGhQKEgkPqvF6dUXkiRGsZxyELkktfCIKDcQy7RgVV79s1Q,41.8198212,-71.4293417,41.8198212,-71.4293417,Med,39.5577810630402,FALSE,FALSE
245,2022-07-05,878927,15:57:00,Bicycle,NA,1,1,BUCKLIN ST,BELLEVUE AVE,2022-07-05,"Two-Way , Not Divided",Dry,Daylight,Cloudy,Not a Collision Between Two Motor Vehicles in Transport,No,Pavement Markings,3,1,Complains Of Pain,NA,41.80724,-71.42787,FALSE,FALSE,"Bucklin Street and Bellevue Ave, Providence, RI, USA",FALSE,-71.42786559999999,41.8072493,intersection,geometric_center,"bucklin st & bellevue ave, providence, ri 02907, usa",NA,NA,NA,NA,41.8072493,-71.42786559999999,Med High,1.0977625077619506,FALSE,FALSE
246,2022-07-03,878869,18:47:00,Pedestrian,1,NA,1,ELMWOOD AVE,DABOLL ST,2022-07-03,"Two-Way , Not Divided",Dry,Daylight,Clear,Not a Collision Between Two Motor Vehicles in Transport,"Yes, M/V and Driver Left Scene",No Controls,3,1,Complains Of Pain,NA,41.80409,-71.42558,FALSE,FALSE,"Elmwood Ave and Daboll Street, Providence, RI, USA",FALSE,-71.4255688,41.8041436,intersection,geometric_center,"daboll st & elmwood ave, providence, ri 02907, usa",NA,NA,NA,NA,41.8041436,-71.4255688,Med High,6.038671838284377,FALSE,FALSE
247,2022-07-03,878930,15:43:00,Other,NA,NA,2,CUSTOM HOUSE ST,DYER ST,2022-07-05,One-Way Trafficway,Dry,Daylight,Clear,Not a Collision Between Two Motor Vehicles in Transport,"Yes, M/V and Driver Left Scene",No Controls,1,0,No Injury,1,41.82425,-71.40894,FALSE,FALSE,"Custom House Street and Dyer Street, Providence, RI, USA",FALSE,-71.4084187,41.8242128,intersection,geometric_center,"dyer st & custom house st, providence, ri 02903, usa",NA,NA,NA,NA,41.8242128,-71.4084187,Med High,43.44206768767296,TRUE,FALSE
248,2022-07-01,877794,14:22:00,Pedestrian,1,NA,1,HARTFORD AVE,HARTFORD AVE,2022-07-01,"Two-Way, Divided, Unprotected (painted>4feet) Medium",Dry,Daylight,Clear,Not a Collision Between Two Motor Vehicles in Transport,No,No Controls,2,1,Complains Of Pain,NA,41.81889,-71.46093,FALSE,FALSE,"Hartford Ave and Hartford Ave, Providence, RI, USA",FALSE,-71.4587339,41.8185901,route,geometric_center,"hartford ave, providence, ri, usa","Hartford Ave Service Rd & Hartford Ave, Johnston, Providence, RI, USA",EkVIYXJ0Zm9yZCBBdmUgU2VydmljZSBSZCAmIEhhcnRmb3JkIEF2ZSwgSm9obnN0b24sIFByb3ZpZGVuY2UsIFJJLCBVU0EiZiJkChQKEgmP4Jty0EfkiRFZT82Cwq1hZxIUChIJj-CbctBH5IkRWU_NgsKtYWcaFAoSCUk2WRTQR-SJEffJJKBODzFaGhQKEgkvAx61JEbkiRGCwC0vu7gN1iIKDdap7hgVnoNc1Q,41.829423,-71.5357282,41.829423,-71.5357282,Med,6314.677529594953,FALSE,FALSE
249,2022-07-01,877799,18:15:00,Pedestrian,1,NA,1,DEXTER ST,SPRAGUE ST,2022-07-01,"Two-Way , Not Divided",Dry,Daylight,Clear,Not a Collision Between Two Motor Vehicles in Transport,No,No Controls,2,1,Complains Of Pain,NA,41.80987,-71.42838,FALSE,FALSE,"Dexter Street and Sprague Street, Providence, RI, USA",FALSE,-71.428322,41.809742,intersection,geometric_center,"sprague st & dexter st, providence, ri 02907, usa",NA,NA,NA,NA,41.809742,-71.428322,Med High,15.039637527807898,TRUE,FALSE
250,2022-06-28,877641,11:36:00,Pedestrian,3,NA,1,Atwells Ave,Valley St,2022-06-28,"Two-Way , Not Divided",Dry,Daylight,Clear,Not a Collision Between Two Motor Vehicles in Transport,No,Traffic Control Signal,6,1,Complains Of Pain,2,NA,NA,FALSE,FALSE,"Atwells Ave and Valley Street, Providence, RI, USA",FALSE,-71.4394736,41.8245768,intersection,geometric_center,"valley st & atwells ave, providence, ri 02908, usa",NA,NA,NA,NA,41.8245768,-71.4394736,Med High,NA,FALSE,FALSE
251,2022-06-27,877627,20:56:00,Pedestrian,1,NA,1,CRANSTON ST,DEXTER ST,2022-06-27,"Two-Way , Not Divided",Wet,Dark - Lighted,Clear,Not a Collision Between Two Motor Vehicles in Transport,"Yes, M/V and Driver Left Scene",No Controls,1,1,Complains Of Pain,NA,41.81284,-71.42912,FALSE,FALSE,"Cranston Street and Dexter Street, Providence, RI, USA",FALSE,-71.429588,41.81260289999999,intersection,geometric_center,"cranston st & dexter st, providence, ri 02907, usa",NA,NA,NA,NA,41.81260289999999,-71.429588,Med High,46.95086987387401,FALSE,FALSE
252,2022-06-25,877546,13:48:00,Bicycle,NA,1,1,VALLEY STREET,NEWARK ST,2022-06-25,"Two-Way, Divided, Unprotected (painted>4feet) Medium",Dry,Daylight,Clear,Not a Collision Between Two Motor Vehicles in Transport,"Yes, M/V and Driver Left Scene",No Controls,1,1,Complains Of Pain,NA,41.82531,-71.43927,FALSE,FALSE,"Valley Street and Newark Street, Providence, RI, USA",FALSE,-71.4393041,41.8252323,intersection,geometric_center,"valley st & newark st, providence, ri 02908, usa",NA,NA,NA,NA,41.8252323,-71.4393041,Med High,9.100321660127541,FALSE,FALSE
253,2022-06-24,877485,01:41:00,Pedestrian,1,NA,1,Steeple St,CANAL ST,2022-06-24,One-Way Trafficway,Dry,Dark - Lighted,Clear,Not a Collision Between Two Motor Vehicles in Transport,No,Traffic Control Signal,2,0,No Injury,NA,41.82715,-71.40997,FALSE,FALSE,"Steeple Street and Canal Street, Providence, RI, USA",FALSE,-71.409902,41.8271852,intersection,geometric_center,"steeple st & canal st, providence, ri 02903, usa",NA,NA,NA,NA,41.8271852,-71.409902,Med High,6.868130385082077,FALSE,FALSE
254,2022-06-23,877447,11:12:00,Bicycle,NA,1,1,Congress Ave,HAMILTON ST,2022-06-23,"Two-Way , Not Divided",Dry,Daylight,Clear,Not a Collision Between Two Motor Vehicles in Transport,No,Stop Signs,2,1,Complains Of Pain,NA,41.79994,-71.42156,FALSE,FALSE,"Congress Ave and Hamilton Street, Providence, RI, USA",FALSE,-71.4215639,41.7999493,intersection,geometric_center,"congress ave & hamilton st, providence, ri 02907, usa",NA,NA,NA,NA,41.7999493,-71.4215639,Med High,1.0846811235508325,FALSE,FALSE
255,2022-06-22,877418,12:49:00,Pedestrian,1,NA,1,81 WASHINGTON ST,CLEMENCE ST,2022-06-22,"Two-Way , Not Divided",Dry,Daylight,Clear,Not a Collision Between Two Motor Vehicles in Transport,"Yes, M/V and Driver Left Scene",Pavement Markings,1,1,Complains Of Pain,NA,41.82346,-71.4142,TRUE,FALSE,"81 Washington Street, Providence, RI, USA",FALSE,-71.4141969,41.8236656,street_address,rooftop,"81 washington st, providence, ri 02903, usa",NA,NA,NA,NA,41.8236656,-71.4141969,High,22.888732000505577,FALSE,FALSE
256,2022-06-20,877362,16:42:00,Bicycle,NA,1,1,NORTH MAIN ST,EVERGREEN ST,2022-06-20,"Two-Way , Not Divided",Dry,Daylight,Clear,Not a Collision Between Two Motor Vehicles in Transport,No,Pavement Markings,2,1,Non-Incapacitating,NA,41.84488,-71.40615,FALSE,FALSE,"North Main Street and Evergreen Street, Providence, RI, USA",FALSE,-71.4027343,41.8448794,route,geometric_center,"evergreen st, providence, ri, usa","North Main Street & Evergreen Street, Providence, RI, USA",EjlOb3J0aCBNYWluIFN0cmVldCAmIEV2ZXJncmVlbiBTdHJlZXQsIFByb3ZpZGVuY2UsIFJJLCBVU0EiZiJkChQKEgm7-2KA3UTkiRGGpVWSwcnYIBIUChIJu_tigN1E5IkRhqVVksHJ2CAaFAoSCfn6QT3eROSJEV_Xrb4NXCM_GhQKEglJ0az43ETkiRHnr0rNpn5bmyIKDfEG8RgVh0lw1Q,41.8449137,-71.4061433,41.8449137,-71.4061433,Med,3.7923888501314287,FALSE,FALSE
257,2022-06-20,877364,18:01:00,Bicycle,NA,1,1,HOPE ST,WILLIAMS ST,2022-06-20,"Two-Way, Divided, Unprotected (painted>4feet) Medium",Dry,Daylight,Clear,Not a Collision Between Two Motor Vehicles in Transport,No,Stop Signs,3,1,Complains Of Pain,NA,41.82254,-71.39682,FALSE,FALSE,"Hope Street and Williams Street, Providence, RI, USA",FALSE,-71.39680059999999,41.8225892,intersection,geometric_center,"hope st & williams st, providence, ri 02906, usa",NA,NA,NA,NA,41.8225892,-71.39680059999999,Med High,5.70847490761755,TRUE,FALSE