row_number,crash_date,crash_report_id,crash_time,collision_type,count_pedestrian,count_bicycle,number_of_vehicles,street_or_highway,nearest_intersection,report_date,type_of_roadway,road_surface_condition,light_condition,weather_condition,manner_of_impact,hit_and_run,traffic_control,person_count,injury_count,most_serious_injury,number_of_lanes,lat_raw,lon_raw,has_st_number,is_intersection_null,address_sent_to_geocoder,is_address_blank,lon_api_first_try,lat_api_first_try,type,loctype,address_returned_by_geocoder,address_returned_by_autocomplete,place_ids_autocompleted,lat_api_second_try,lon_api_second_try,lat_api_best,lon_api_best,api_coord_conf,distance_btwn_coords_meters,scooter,wheel_chair
301,2022-04-27,873499,22:56:00,Pedestrian,1,NA,1,ACADEMY AVE,SMITH ST,2022-04-28,"Two-Way , Not Divided",Dry,Dark - Unknown Lighting,Cloudy,"Sideswipe, Same Direction","Yes, M/V and Driver Left Scene",Traffic Control Signal,1,1,Non-Incapacitating,NA,41.84258,-71.44515,FALSE,FALSE,"Academy Ave and Smith Street, Providence, RI, USA",FALSE,-71.4451406,41.8425939,intersection,geometric_center,"academy ave & smith st, providence, ri 02908, usa",NA,NA,NA,NA,41.8425939,-71.4451406,Med High,1.732617068441539,TRUE,FALSE
302,2022-04-22,873266,18:10:00,Pedestrian,1,NA,1,ANGELL ST,THAYER ST,2022-04-22,One-Way Trafficway,Dry,Daylight,Clear,Not a Collision Between Two Motor Vehicles in Transport,"Yes, M/V and Driver Left Scene",No Controls,4,1,Complains Of Pain,NA,41.82815,-71.40008,FALSE,FALSE,"Angell Street and Thayer Street, Providence, RI, USA",FALSE,-71.4006581,41.8280973,intersection,geometric_center,"thayer st & angell st, providence, ri 02906, usa",NA,NA,NA,NA,41.8280973,-71.4006581,Med High,48.31067152926893,FALSE,FALSE
303,2022-04-20,873121,23:12:00,Bicycle,NA,1,1,PARK ROW E,CANAL ST,2022-04-21,One-Way Trafficway,Dry,Dark - Lighted,Clear,Angle (Front - to - Side) Right Angle (Includes Broadside),No,Traffic Control Signal,3,1,Complains Of Pain,NA,41.82847,-71.41069,FALSE,FALSE,"Park Row E and Canal Street, Providence, RI, USA",FALSE,-71.4106907,41.8284695,intersection,geometric_center,"park row w & canal st, providence, ri 02903, usa",NA,NA,NA,NA,41.8284695,-71.4106907,Med High,0.0804330830517588,FALSE,FALSE
304,2022-04-19,873055,11:58:00,Pedestrian,1,NA,1,Chalkstone Avenue,Van Ausdall Street,2022-04-19,"Two-Way , Not Divided",Dry,Daylight,Clear,Not a Collision Between Two Motor Vehicles in Transport,No,No Controls,3,1,Complains Of Pain,1,NA,NA,FALSE,FALSE,"Chalkstone Avenue and Van Ausdall Street, Providence, RI, USA",FALSE,-71.4662518,41.8339432,intersection,geometric_center,"van ausdall st & chalkstone ave, providence, ri 02909, usa",NA,NA,NA,NA,41.8339432,-71.4662518,Med High,NA,FALSE,FALSE
305,2022-04-18,873036,20:53:00,Pedestrian,1,NA,1,WASHINGTON ST,EXCHANGE ST,2022-04-18,One-Way Trafficway,Dry,Dark - Lighted,Clear,Not a Collision Between Two Motor Vehicles in Transport,"Yes, M/V and Driver Left Scene",Traffic Control Signal,2,1,Complains Of Pain,NA,41.82571,-71.41103,FALSE,FALSE,"Washington Street and Exchange Street, Providence, RI, USA",FALSE,-71.4118704,41.8265115,route,geometric_center,"exchange st, providence, ri 02903, usa","Washington Street & Exchange Street, Providence, RI, USA",EjhXYXNoaW5ndG9uIFN0cmVldCAmIEV4Y2hhbmdlIFN0cmVldCwgUHJvdmlkZW5jZSwgUkksIFVTQSJmImQKFAoSCX8SrsYWReSJEW5MQFQ5jjSiEhQKEgl_Eq7GFkXkiRFuTEBUOY40ohoUChIJqdrNnBJF5IkRGgfQlqMSNPYaFAoSCdFSn9cWReSJERdKzs-n0Y0OIgoNZxnuGBVVim_V,41.8257255,-71.4110379,41.8257255,-71.4110379,Med,1.8457078665939006,FALSE,FALSE
306,2022-04-16,872954,12:20:00,Pedestrian,1,NA,1,Potters Avenue,CRANSTON ST,2022-04-16,"Two-Way, Divided, Unprotected (painted>4feet) Medium",Dry,Daylight,Clear,Not a Collision Between Two Motor Vehicles in Transport,No,No Controls,5,0,No Injury,NA,41.80497,-71.43756,FALSE,FALSE,"Potters Avenue and Cranston Street, Providence, RI, USA",FALSE,-71.43779049999999,41.8050672,intersection,geometric_center,"potters ave & cranston st, providence, ri 02909, usa",NA,NA,NA,NA,41.8050672,-71.43779049999999,Med High,21.975247476159243,FALSE,FALSE
307,2022-04-16,872959,16:59:00,Pedestrian,1,NA,1,Candace St,CHALKSTONE AVE,2022-04-16,"Two-Way , Not Divided",Dry,Daylight,Clear,Other,No,No Controls,4,1,Complains Of Pain,NA,41.836,-71.42261,FALSE,FALSE,"Candace Street and Chalkstone Ave, Providence, RI, USA",FALSE,-71.42263059999999,41.8360642,intersection,geometric_center,"candace st & chalkstone ave, providence, ri 02908, usa",NA,NA,NA,NA,41.8360642,-71.42263059999999,Med High,7.348103589757114,TRUE,FALSE
308,2022-04-15,872915,11:48:00,Pedestrian,1,NA,1,CUSHING ST,HOPE ST,2022-04-15,"Two-Way , Not Divided",Dry,Daylight,Clear,Not a Collision Between Two Motor Vehicles in Transport,No,No Controls,5,1,Complains Of Pain,NA,41.83018,-71.39871,FALSE,FALSE,"Cushing Street and Hope Street, Providence, RI, USA",FALSE,-71.3987121,41.83019059999999,intersection,geometric_center,"hope st & cushing st, providence, ri 02906, usa",NA,NA,NA,NA,41.83019059999999,-71.3987121,Med High,1.1927740833652622,FALSE,FALSE
309,2022-04-15,872936,17:10:00,Pedestrian,1,NA,1,COLE AVE,ROCHAMBEAU AVE,2022-04-15,"Two-Way , Not Divided",Dry,Daylight,Clear,Not a Collision Between Two Motor Vehicles in Transport,No,Stop Signs,2,1,Complains Of Pain,NA,41.8458,-71.38919,FALSE,FALSE,"Cole Ave and Rochambeau Ave, Providence, RI, USA",FALSE,-71.38918249999999,41.8457995,intersection,geometric_center,"cole ave & rochambeau ave, providence, ri 02906, usa",NA,NA,NA,NA,41.8457995,-71.38918249999999,Med High,0.6244356303662181,FALSE,FALSE
310,2022-04-14,872909,13:57:00,Other,NA,1,1,330 EDDY ST,SHIP ST,2022-04-15,"Two-Way , Not Divided",Dry,Daylight,Clear,Not a Collision Between Two Motor Vehicles in Transport,No,No Controls,3,1,Complains Of Pain,2,NA,NA,TRUE,FALSE,"330 Eddy Street, Providence, RI, USA",FALSE,-71.407692,41.818861,street_address,rooftop,"330 eddy st, providence, ri 02903, usa",NA,NA,NA,NA,41.818861,-71.407692,High,NA,TRUE,FALSE
311,2022-04-12,872804,17:59:00,Bicycle,NA,1,1,PUBLIC STREET,PRAIRIE AVE,2022-04-12,"Two-Way, Divided, Unprotected (painted>4feet) Medium",Dry,Daylight,Clear,Not a Collision Between Two Motor Vehicles in Transport,No,No Controls,3,1,Complains Of Pain,NA,41.80547,-71.41519,FALSE,FALSE,"Public Street and Prairie Ave, Providence, RI, USA",FALSE,-71.41481200000001,41.8055601,intersection,geometric_center,"public st & prairie ave, providence, ri 02907, usa",NA,NA,NA,NA,41.8055601,-71.41481200000001,Med High,32.930613274685804,FALSE,FALSE
312,2022-04-09,872657,16:15:00,Pedestrian,1,NA,1,RANDALL SQ,RANDALL SQ,2022-04-09,One-Way Trafficway,Dry,Daylight,Cloudy,Not a Collision Between Two Motor Vehicles in Transport,No,No Controls,2,1,Complains Of Pain,NA,41.83677,-71.40993,FALSE,FALSE,"Randall Sq and Randall Sq, Providence, RI, USA",FALSE,-71.4108157,41.8366349,route,geometric_center,"randall square, providence, ri 02904, usa","Randall Street & Randall Square, Providence, RI, USA",EjRSYW5kYWxsIFN0cmVldCAmIFJhbmRhbGwgU3F1YXJlLCBQcm92aWRlbmNlLCBSSSwgVVNBImYiZAoUChIJIWQqZR5F5IkRdu9nl8nwkm4SFAoSCSFkKmUeReSJEXbvZ5fJ8JJuGhQKEgmXgCFvHkXkiREFR8Ne4aJLqhoUChIJB8ydYR5F5IkR7I-U6kQOzL0iCg2zyu8YFWV_b9U,41.8368179,-71.4113179,41.8368179,-71.4113179,Med,115.23356146071828,FALSE,FALSE
313,2022-04-08,872593,12:08:00,Bicycle,NA,1,1,N MAIN ST,7TH ST,2022-04-08,"Two-Way, Divided, Positive Median Barrier",Dry,Daylight,Clear,"Sidwswipe, Opposite Direction",No,No Controls,2,1,Non-Incapacitating,2,41.85357,-71.40087,FALSE,FALSE,"N Main Street and 7th Street, Providence, RI, USA",FALSE,-71.3980641,41.8526572,route,geometric_center,"7th st, providence, ri 02906, usa","North Main Street & 7th Street, Providence, RI, USA",EjNOb3J0aCBNYWluIFN0cmVldCAmIDd0aCBTdHJlZXQsIFByb3ZpZGVuY2UsIFJJLCBVU0EiZiJkChQKEgkBX_oowUTkiRFs0OQsdn0PVxIUChIJAV_6KMFE5IkRbNDkLHZ9D1caFAoSCfn6QT3eROSJEV_Xrb4NXCM_GhQKEgmpxljvxkTkiRHimHB769eCliIKDVNa8hgV-Bdx1Q,41.8536019,-71.40085839999999,41.8536019,-71.40085839999999,Med,3.67904526488756,FALSE,FALSE
314,2022-04-08,872636,20:03:00,Pedestrian,1,NA,1,CRANSTON ST,HARRISON ST,2022-04-08,"Two-Way , Not Divided",Dry,Dark - Lighted,Clear,Not a Collision Between Two Motor Vehicles in Transport,"Yes, M/V and Driver Left Scene",Stop Signs,1,1,Complains Of Pain,NA,41.81308,-71.42864,FALSE,FALSE,"Cranston Street and Harrison Street, Providence, RI, USA",FALSE,-71.4286583,41.8130997,intersection,geometric_center,"cranston st & harrison st, providence, ri 02907, usa",NA,NA,NA,NA,41.8130997,-71.4286583,Med High,2.667313217665586,FALSE,FALSE
315,2022-04-07,873169,04:28:00,Pedestrian,1,NA,1,BORDEN,EDDY,2022-04-22,Unknown,Dry,Daylight,Clear,Other,"Yes, M/V and Driver Left Scene",No Controls,1,1,Complains Of Pain,NA,41.81378,-71.41085,FALSE,FALSE,"Borden and Eddy, Providence, RI, USA",FALSE,-71.4070223,41.81219919999999,intersection,geometric_center,"eddy st & borden st, providence, ri 02903, usa",NA,NA,NA,NA,41.81219919999999,-71.4070223,Med High,363.07655214615124,FALSE,FALSE
316,2022-04-04,872453,21:55:00,Pedestrian,1,NA,1,Cranston St.,PARADE ST,2022-04-04,"Two-Way , Not Divided",Dry,Dark - Lighted,Clear,Not a Collision Between Two Motor Vehicles in Transport,"Yes, M/V and Driver Left Scene",No Controls,1,1,Complains Of Pain,NA,41.81202,-71.43073,FALSE,FALSE,"Cranston St. and Parade Street, Providence, RI, USA",FALSE,-71.4310747,41.8118451,intersection,geometric_center,"cranston st & parade st, providence, ri 02907, usa",NA,NA,NA,NA,41.8118451,-71.4310747,Med High,34.59811316180485,FALSE,FALSE
317,2022-03-30,871168,17:47:00,Pedestrian,1,NA,1,BLACKSTONE BLVD,ROCHAMBEAU AVE,2022-03-30,"Two-Way , Not Divided",Dry,Daylight,Clear,Not a Collision Between Two Motor Vehicles in Transport,No,No Controls,3,1,Complains Of Pain,NA,41.84593,-71.38725,FALSE,FALSE,"Blackstone Blvd and Rochambeau Ave, Providence, RI, USA",FALSE,-71.3867339,41.8455643,intersection,geometric_center,"blackstone blvd & rochambeau ave, providence, ri 02906, usa",NA,NA,NA,NA,41.8455643,-71.3867339,Med High,59.06756505717449,FALSE,FALSE
318,2022-03-26,870919,14:51:00,Bicycle,NA,1,1,BROADWAY,VALLEY ST,2022-03-26,"Two-Way, Divided, Positive Median Barrier",Dry,Daylight,Cloudy,Not a Collision Between Two Motor Vehicles in Transport,No,No Controls,4,1,Complains Of Pain,NA,41.81683,-71.44101,FALSE,FALSE,"Broadway and Valley Street, Providence, RI, USA",FALSE,-71.4361571,41.8275287,route,geometric_center,"valley st, providence, ri, usa","Broadway & Valley Street, Providence, RI, USA",Ei1Ccm9hZHdheSAmIFZhbGxleSBTdHJlZXQsIFByb3ZpZGVuY2UsIFJJLCBVU0EiZiJkChQKEglPQjeFmkXkiRFay9YdHmK0gBIUChIJT0I3hZpF5IkRWsvWHR5itIAaFAoSCaW15YZ1ReSJERrCM7HXpG-zGhQKEgn71PW-oUXkiRFACHbbKx7jfCIKDVm-7BgVgvdq1Q,41.8168409,-71.441011,41.8168409,-71.441011,Med,1.2162154530763396,FALSE,FALSE
319,2022-03-24,870814,12:22:00,Pedestrian,1,NA,1,CLADRASH'S AVE,FLORAL AVE,2022-03-24,"Two-Way , Not Divided",Wet,Daylight,Rain,Not a Collision Between Two Motor Vehicles in Transport,"Yes, M/V and Driver Left Scene",No Controls,1,1,Complains Of Pain,NA,41.78383,-71.4095,FALSE,FALSE,"Cladrash's Ave and Floral Ave, Providence, RI, USA",FALSE,-71.4085028,41.7827984,route,geometric_center,"floral ave, providence, ri 02905, usa",NA,NA,NA,NA,41.7827984,-71.4085028,Med,141.56027639737286,FALSE,FALSE
320,2022-03-22,870741,12:29:00,Bicycle,NA,1,1,Prospect Street,MEETING ST,2022-03-22,"Two-Way , Not Divided",Dry,Daylight,Clear,"Sideswipe, Same Direction",No,No Controls,2,1,Complains Of Pain,2,41.82891,-71.40498,FALSE,FALSE,"Prospect Street and Meeting Street, Providence, RI, USA",FALSE,-71.4038461,41.8289622,route,geometric_center,"meeting st, providence, ri, usa","Prospect Street & Meeting Street, Providence, RI, USA",EjVQcm9zcGVjdCBTdHJlZXQgJiBNZWV0aW5nIFN0cmVldCwgUHJvdmlkZW5jZSwgUkksIFVTQSJmImQKFAoSCbMhOLkiReSJERPb6MKRABWTEhQKEgmzITi5IkXkiRET2-jCkQAVkxoUChIJ_cyShSJF5IkReewRbmAY9WMaFAoSCXNjPN0iReSJEZwdFaXb3DO7IgoN1pXuGBUnd3DV,41.828911,-71.4049753,41.828911,-71.4049753,Med,0.40543984219335427,FALSE,FALSE
321,2022-03-21,870717,16:11:00,Pedestrian,1,NA,1,PROSPECT ST,OLIVE ST,2022-03-21,"Two-Way , Not Divided",Dry,Daylight,Cloudy,Not a Collision Between Two Motor Vehicles in Transport,"Yes, M/V and Driver Left Scene",Unknown,1,1,Complains Of Pain,NA,41.82816,-71.40487,FALSE,FALSE,"Prospect Street and Olive Street, Providence, RI, USA",FALSE,-71.4032483,41.8283103,route,geometric_center,"olive st, providence, ri 02906, usa","Prospect Street & Olive Street, Providence, RI, USA",EjNQcm9zcGVjdCBTdHJlZXQgJiBPbGl2ZSBTdHJlZXQsIFByb3ZpZGVuY2UsIFJJLCBVU0EiZiJkChQKEgm9swa1IkXkiRHOAb7WfmqLKRIUChIJvbMGtSJF5IkRzgG-1n5qiykaFAoSCf3MkoUiReSJEXnsEW5gGPVjGhQKEglhL8IlI0XkiRHll-1pvSMyjSIKDa147hgVeXtw1Q,41.8281645,-71.40486469999999,41.8281645,-71.40486469999999,Med,0.666494805345833,FALSE,FALSE
322,2022-03-20,870628,00:48:00,Pedestrian,1,NA,1,ELMWOOD AVE,HANOVER ST,2022-03-20,"Two-Way , Not Divided",Wet,Dark - Lighted,Rain,Not a Collision Between Two Motor Vehicles in Transport,No,No Controls,4,1,Incapacitating,NA,41.80736,-71.42484,FALSE,FALSE,"Elmwood Ave and Hanover Street, Providence, RI, USA",FALSE,-71.4248101,41.8076452,intersection,geometric_center,"hanover st & elmwood ave, providence, ri 02907, usa",NA,NA,NA,NA,41.8076452,-71.4248101,Med High,31.845110488360667,FALSE,FALSE
323,2022-03-11,870227,16:57:00,Bicycle,NA,1,1,BROADWAY,VALLEY ST,2022-03-11,"Two-Way , Not Divided",Dry,Dusk,Clear,Not a Collision Between Two Motor Vehicles in Transport,No,No Controls,3,1,Complains Of Pain,NA,41.81684,-71.441,FALSE,FALSE,"Broadway and Valley Street, Providence, RI, USA",FALSE,-71.4361571,41.8275287,route,geometric_center,"valley st, providence, ri, usa","Broadway & Valley Street, Providence, RI, USA",Ei1Ccm9hZHdheSAmIFZhbGxleSBTdHJlZXQsIFByb3ZpZGVuY2UsIFJJLCBVU0EiZiJkChQKEglPQjeFmkXkiRFay9YdHmK0gBIUChIJT0I3hZpF5IkRWsvWHR5itIAaFAoSCaW15YZ1ReSJERrCM7HXpG-zGhQKEgn71PW-oUXkiRFACHbbKx7jfCIKDVm-7BgVgvdq1Q,41.8168409,-71.441011,41.8168409,-71.441011,Med,0.9180890767018339,FALSE,FALSE
324,2022-03-10,870172,10:30:00,Pedestrian,1,NA,1,PEACE ST,UPDIKE ST,2022-03-10,"Two-Way , Not Divided",Dry,Daylight,Clear,Not a Collision Between Two Motor Vehicles in Transport,No,Pavement Markings,3,1,Complains Of Pain,NA,41.80662,-71.42006,FALSE,FALSE,"Peace Street and Updike Street, Providence, RI, USA",FALSE,-71.4225083,41.8065937,intersection,geometric_center,"updike st & peace st, providence, ri 02907, usa",NA,NA,NA,NA,41.8065937,-71.4225083,Med High,203.17479121786178,TRUE,FALSE
325,2022-03-09,870140,19:01:00,Pedestrian,1,NA,1,NORTHUP AVE,SILVER SPRING ST,2022-03-09,"Two-Way, Divided, Unprotected (painted>4feet) Medium",Snow,Dark - Lighted,Snow,Not a Collision Between Two Motor Vehicles in Transport,"Yes, M/V and Driver Left Scene",Traffic Control Signal,1,1,Complains Of Pain,NA,41.85177,-71.41301,FALSE,FALSE,"Northup Ave and Silver Spring Street, Providence, RI, USA",FALSE,-71.41301539999999,41.8517801,intersection,geometric_center,"silver spring st & northrup ave, providence, ri 02904, usa",NA,NA,NA,NA,41.8517801,-71.41301539999999,Med High,1.2102073660097592,FALSE,FALSE
326,2022-03-07,869986,18:24:00,Bicycle,NA,1,1,WASHINGTON ST,EMPIRE ST,2022-03-07,"Two-Way , Not Divided",Wet,Dark - Lighted,Rain,Head-On (Front - to - Front),No,Traffic Control Signal,3,1,Non-Incapacitating,NA,41.82182,-71.41645,FALSE,FALSE,"Washington Street and Empire Street, Providence, RI, USA",FALSE,-71.4157797,41.821349,route,geometric_center,"empire st, providence, ri 02903, usa","Washington Street & Empire Street, Providence, RI, USA",EjZXYXNoaW5ndG9uIFN0cmVldCAmIEVtcGlyZSBTdHJlZXQsIFByb3ZpZGVuY2UsIFJJLCBVU0EiZiJkChQKEgmNpp3sEkXkiRHnvAEsqcaDvRIUChIJjaad7BJF5IkR57wBLKnGg70aFAoSCanazZwSReSJERoH0JajEjT2GhQKEgnHPO_pEkXkiRGhxI4iuiomFSIKDWmC7RgVI7hu1Q,41.82186009999999,-71.4164189,41.82186009999999,-71.4164189,Med,5.155853917904554,FALSE,FALSE
327,2022-03-04,870723,19:00:00,Pedestrian,1,NA,1,BROAD ST,BROAD ST,2022-03-21,"Two-Way , Not Divided",Dry,Dark - Lighted,Clear,Not a Collision Between Two Motor Vehicles in Transport,"Yes, M/V and Driver Left Scene",Pavement Markings,1,1,Non-Incapacitating,NA,41.78746,-71.40285,FALSE,FALSE,"Broad Street and Broad Street, Providence, RI, USA",FALSE,-71.4101636,41.7945838,route,geometric_center,"broad st, providence, ri, usa",NA,NA,NA,NA,41.7945838,-71.4101636,Med,998.669199532204,FALSE,FALSE
328,2022-03-03,869854,18:59:00,Pedestrian,1,NA,1,HARTFORD AVE,ALVERSON AVE,2022-03-03,"Two-Way , Not Divided",Dry,Dark - Lighted,Clear,Not a Collision Between Two Motor Vehicles in Transport,No,No Controls,4,1,Non-Incapacitating,NA,41.81878,-71.46013,FALSE,FALSE,"Hartford Ave and Alverson Ave, Providence, RI, USA",FALSE,-71.4600789,41.81879139999999,intersection,geometric_center,"alverson ave & hartford ave, providence, ri 02909, usa",NA,NA,NA,NA,41.81879139999999,-71.4600789,Med High,4.42521027588063,FALSE,FALSE
329,2022-03-02,869794,10:40:00,Pedestrian,1,NA,1,6 Brush Hill Road,6 Brush Hill Road,2022-03-02,"Two-Way , Not Divided",Dry,Daylight,Clear,Other,No,No Controls,2,2,Complains Of Pain,1,NA,NA,TRUE,FALSE,"6 Brush Hill Road, Providence, RI, USA",FALSE,-71.458655,41.8262014,street_address,range_interpolated,"6 brush hill rd, providence, ri 02909, usa",NA,NA,NA,NA,41.8262014,-71.458655,High,NA,FALSE,FALSE
330,2022-02-28,869677,19:03:00,Pedestrian,1,NA,1,NORTH MAIN STREET,CYPRESS ST,2022-02-28,"Two-Way, Divided, Positive Median Barrier",Dry,Dark - Lighted,Clear,Not a Collision Between Two Motor Vehicles in Transport,No,Traffic Control Signal,3,0,No Injury,NA,41.84197,-71.40783,FALSE,FALSE,"North Main Street and Cypress Street, Providence, RI, USA",FALSE,-71.4019729,41.841889,route,geometric_center,"cypress st, providence, ri, usa","North Main Street & Cypress Street, Providence, RI, USA",EjdOb3J0aCBNYWluIFN0cmVldCAmIEN5cHJlc3MgU3RyZWV0LCBQcm92aWRlbmNlLCBSSSwgVVNBImYiZAoUChIJb9SHxuBE5IkRrHjPeWDDHKgSFAoSCW_Uh8bgROSJEax4z3lgwxyoGhQKEgn5-kE93kTkiRFf162-DVwjPxoUChIJd8X1hd5E5IkRUdBDgMYo3IAiCg1KlfAYFfUJcNU,41.8420042,-71.40777070000001,41.8420042,-71.40777070000001,Med,6.219277199690319,FALSE,FALSE
331,2022-02-26,869570,13:41:00,Pedestrian,1,NA,1,Brown St,Angel St,2022-02-26,"Two-Way , Not Divided",Wet,Daylight,Clear,Not a Collision Between Two Motor Vehicles in Transport,"Yes, M/V and Driver Left Scene",Stop Signs,1,1,Complains Of Pain,2,NA,NA,FALSE,FALSE,"Brown Street and Angel Street, Providence, RI, USA",FALSE,-71.38593929999999,41.8296461,intersection,geometric_center,"moses brown st & s angell st, providence, ri 02906, usa",NA,NA,NA,NA,41.8296461,-71.38593929999999,Med High,NA,FALSE,FALSE
332,2022-02-26,869580,20:55:00,Pedestrian,1,NA,1,MEMORIAL BLVD,FRANCIS ST,2022-02-26,"Two-Way , Not Divided",Dry,Dark - Lighted,Clear,Not a Collision Between Two Motor Vehicles in Transport,"Yes, M/V and Driver Left Scene",Traffic Control Signal,2,1,Complains Of Pain,NA,41.8259,-71.41535,FALSE,FALSE,"Memorial Blvd and Francis Street, Providence, RI, USA",FALSE,-71.4153098,41.8257791,intersection,geometric_center,"memorial blvd & francis st, providence, ri 02903, usa",NA,NA,NA,NA,41.8257791,-71.4153098,Med High,13.865500523563528,FALSE,FALSE
333,2022-02-23,869422,13:51:00,Pedestrian,1,NA,1,SMITH ST,RUGGLES ST,2022-02-23,"Two-Way , Not Divided",Dry,Daylight,Clear,Not a Collision Between Two Motor Vehicles in Transport,No,Stop Signs,2,1,Non-Incapacitating,NA,41.83616,-71.42827,FALSE,FALSE,"Smith Street and Ruggles Street, Providence, RI, USA",FALSE,-71.4282411,41.8361735,intersection,geometric_center,"smith st & ruggles st, providence, ri 02908, usa",NA,NA,NA,NA,41.8361735,-71.4282411,Med High,2.82909462447529,FALSE,FALSE
334,2022-02-23,869438,14:45:00,Bicycle,NA,1,1,393 Prarie Avenue,NA,2022-02-23,"Two-Way , Not Divided",Dry,Daylight,Clear,"Sidwswipe, Opposite Direction","Yes, M/V and Driver Left Scene",No Controls,1,1,Complains Of Pain,NA,41.81403,-71.40623,TRUE,TRUE,"393 Prarie Avenue, Providence, RI, USA",FALSE,-71.41413589999999,41.8034309,premise,rooftop,"393 prairie ave, providence, ri 02905, usa",NA,NA,NA,NA,41.8034309,-71.41413589999999,High,1349.9831210950433,FALSE,FALSE
335,2022-02-22,869403,20:00:00,Bicycle,NA,1,1,CHAD BROWN ST,ADMIRAL ST,2022-02-22,"Two-Way , Not Divided",Wet,Dark - Lighted,Rain,Not a Collision Between Two Motor Vehicles in Transport,No,No Controls,3,0,No Injury,NA,41.84213,-71.42138,FALSE,FALSE,"Chad Brown Street and Admiral Street, Providence, RI, USA",FALSE,-71.4213576,41.8421504,intersection,geometric_center,"admiral st & chad brown st, providence, ri 02908, usa",NA,NA,NA,NA,41.8421504,-71.4213576,Med High,2.933936124405145,FALSE,FALSE
336,2022-02-21,869360,13:01:00,Bicycle,NA,1,1,IRVING AVE,BLACKSTONE BLVD,2022-02-21,"Two-Way , Not Divided",Dry,Daylight,Clear,Not a Collision Between Two Motor Vehicles in Transport,No,No Controls,2,0,No Injury,NA,41.83413,-71.3842,FALSE,FALSE,"Irving Ave and Blackstone Blvd, Providence, RI, USA",FALSE,-71.3837393,41.8342209,intersection,geometric_center,"irving ave & blackstone blvd, providence, ri 02906, usa",NA,NA,NA,NA,41.8342209,-71.3837393,Med High,39.528385078285815,FALSE,FALSE
337,2022-02-17,869231,02:38:00,Pedestrian,1,NA,1,CRANSTON ST,ALTHEA ST,2022-02-17,"Two-Way , Not Divided",Wet,Dark - Lighted,Clear,Not a Collision Between Two Motor Vehicles in Transport,"Yes, M/V and Driver Left Scene",No Controls,2,1,Incapacitating,NA,41.80742,-71.43535,FALSE,FALSE,"Cranston Street and Althea Street, Providence, RI, USA",FALSE,-71.4350772,41.807752,intersection,geometric_center,"althea st & cranston st, providence, ri 02907, usa",NA,NA,NA,NA,41.807752,-71.4350772,Med High,43.33916373569114,FALSE,FALSE
338,2022-02-17,869239,12:05:00,Pedestrian,1,NA,1,579 ATWELLS AVE,ATWELLS AVE,2022-02-17,"Two-Way , Not Divided",Dry,Daylight,Clear,Not a Collision Between Two Motor Vehicles in Transport,No,No Controls,3,0,No Injury,NA,41.82447,-71.43641,TRUE,FALSE,"579 Atwells Ave, Providence, RI, USA",FALSE,-71.4363784,41.82461240000001,premise,rooftop,"579 atwells ave, providence, ri 02909, usa",NA,NA,NA,NA,41.82461240000001,-71.4363784,High,16.067174115881443,FALSE,FALSE
339,2022-02-16,869166,00:25:00,Pedestrian,1,NA,1,Hope St,Olney St,2022-02-16,"Two-Way , Not Divided",Dry,Dark - Lighted,Clear,Not a Collision Between Two Motor Vehicles in Transport,"Yes, M/V and Driver Left Scene",No Controls,4,1,Complains Of Pain,NA,NA,NA,FALSE,FALSE,"Hope Street and Olney Street, Providence, RI, USA",FALSE,-71.4015677,41.8357179,intersection,geometric_center,"hope st & olney st, providence, ri 02906, usa",NA,NA,NA,NA,41.8357179,-71.4015677,Med High,NA,FALSE,FALSE
340,2022-02-16,869187,12:19:00,Pedestrian,1,NA,1,DOUGLAS AVE,VANDEWATER ST,2022-02-16,"Two-Way , Not Divided",Dry,Daylight,Clear,Not a Collision Between Two Motor Vehicles in Transport,No,No Controls,2,1,Complains Of Pain,NA,41.849850000000004,-71.43339,FALSE,FALSE,"Douglas Ave and Vandewater Street, Providence, RI, USA",FALSE,-71.4333766,41.8498395,intersection,geometric_center,"vandewater st & douglas ave, providence, ri 02908, usa",NA,NA,NA,NA,41.8498395,-71.4333766,Med High,1.6127210446664506,FALSE,FALSE
341,2022-02-12,868935,16:17:00,Bicycle,NA,1,1,CRANSTON ST,WAVERLY ST,2022-02-12,"Two-Way , Not Divided",Dry,Daylight,Clear,Not a Collision Between Two Motor Vehicles in Transport,No,Pavement Markings,2,1,Complains Of Pain,NA,41.80832,-71.43454,FALSE,FALSE,"Cranston Street and Waverly Street, Providence, RI, USA",FALSE,-71.43456739999999,41.8083361,intersection,geometric_center,"cranston st & waverly st, providence, ri 02907, usa",NA,NA,NA,NA,41.8083361,-71.43456739999999,Med High,2.89500191295151,FALSE,FALSE
342,2022-02-11,868867,10:15:00,Pedestrian,1,NA,1,PLAIN ST,BLACKSTONE ST,2022-02-11,Unknown,Dry,Daylight,Clear,Not a Collision Between Two Motor Vehicles in Transport,No,No Controls,3,1,Complains Of Pain,NA,41.80939,-71.4109,FALSE,FALSE,"Plain Street and Blackstone Street, Providence, RI, USA",FALSE,-71.4109722,41.80957720000001,intersection,geometric_center,"plain st & blackstone st, providence, ri 02905, usa",NA,NA,NA,NA,41.80957720000001,-71.4109722,Med High,21.683007299770534,FALSE,FALSE
343,2022-02-11,868901,19:31:00,Pedestrian,1,NA,1,WEYBOSSET ST,GREENE ST,2022-02-11,"Two-Way , Not Divided",Dry,Dark - Not Lighted,Clear,Not a Collision Between Two Motor Vehicles in Transport,"Yes, M/V and Driver Left Scene",Pavement Markings,1,1,Complains Of Pain,NA,41.81936,-71.41495,FALSE,FALSE,"Weybosset Street and Greene Street, Providence, RI, USA",FALSE,-71.4168727,41.8210088,route,geometric_center,"greene st, providence, ri 02903, usa",NA,NA,NA,NA,41.8210088,-71.4168727,Med,243.16806074560776,FALSE,FALSE