row_number,crash_date,crash_report_id,crash_time,collision_type,count_pedestrian,count_bicycle,number_of_vehicles,street_or_highway,nearest_intersection,report_date,type_of_roadway,road_surface_condition,light_condition,weather_condition,manner_of_impact,hit_and_run,traffic_control,person_count,injury_count,most_serious_injury,number_of_lanes,lat_raw,lon_raw,has_st_number,is_intersection_null,address_sent_to_geocoder,is_address_blank,lon_api_first_try,lat_api_first_try,type,loctype,address_returned_by_geocoder,address_returned_by_autocomplete,place_ids_autocompleted,lat_api_second_try,lon_api_second_try,lat_api_best,lon_api_best,api_coord_conf,distance_btwn_coords_meters,scooter,wheel_chair
387,2021-11-18,863175,08:28:00,Pedestrian,1,NA,1,POWER ST,THAYER ST,2021-11-18,"Two-Way , Not Divided",Dry,Daylight,Clear,Not a Collision Between Two Motor Vehicles in Transport,No,Stop Signs,3,1,Complains Of Pain,NA,41.82295,-71.40009,FALSE,FALSE,"Power Street and Thayer Street, Providence, RI, USA",FALSE,-71.4000173,41.8229706,intersection,geometric_center,"thayer st & power st, providence, ri 02912, usa",NA,NA,NA,NA,41.8229706,-71.4000173,Med High,6.45218459956786,FALSE,FALSE
388,2021-11-17,863090,08:53:00,Pedestrian,1,NA,1,POINT ST,CHESTNUT ST,2021-11-17,"Two-Way , Not Divided",Dry,Daylight,Clear,Not a Collision Between Two Motor Vehicles in Transport,No,Stop Signs,3,1,Complains Of Pain,NA,41.81626,-71.408,FALSE,FALSE,"Point Street and Chestnut Street, Providence, RI, USA",FALSE,-71.4080073,41.8162631,intersection,geometric_center,"point st & chestnut st, providence, ri 02903, usa",NA,NA,NA,NA,41.8162631,-71.4080073,Med High,0.697059672318198,FALSE,FALSE
389,2021-11-17,863106,09:52:00,Pedestrian,1,NA,1,Empire St,Broad St,2021-11-17,"Two-Way , Not Divided",Dry,Daylight,Clear,Not a Collision Between Two Motor Vehicles in Transport,No,Traffic Control Signal,3,1,Complains Of Pain,2,NA,NA,FALSE,FALSE,"Empire Street and Broad Street, Providence, RI, USA",FALSE,-71.41435729999999,41.8200721,intersection,geometric_center,"empire st & broad st, providence, ri 02903, usa",NA,NA,NA,NA,41.8200721,-71.41435729999999,Med High,NA,FALSE,FALSE
390,2021-11-17,863136,19:24:00,Pedestrian,1,NA,1,ELMWOOD AVE,ARCH ST,2021-11-18,"Two-Way , Not Divided",Dry,Dark - Lighted,Clear,Not a Collision Between Two Motor Vehicles in Transport,"Yes, M/V and Driver Left Scene",No Controls,1,1,Complains Of Pain,2,41.81206,-71.42258,FALSE,FALSE,"Elmwood Ave and Arch Street, Providence, RI, USA",FALSE,-71.4225885,41.8120767,intersection,geometric_center,"arch st & elmwood ave, providence, ri 02907, usa",NA,NA,NA,NA,41.8120767,-71.4225885,Med High,1.9883128581778255,FALSE,FALSE
391,2021-11-10,862644,17:22:00,Pedestrian,1,NA,1,Waterman St,WAYLAND AVE,2021-11-10,"Two-Way , Not Divided",Dry,Dark - Lighted,Clear,Not a Collision Between Two Motor Vehicles in Transport,"Yes, M/V and Driver Left Scene",Traffic Control Signal,1,1,Non-Incapacitating,NA,41.8286,-71.38838,FALSE,FALSE,"Waterman Street and Wayland Ave, Providence, RI, USA",FALSE,-71.38835329999999,41.8286345,intersection,geometric_center,"wayland ave & waterman st, providence, ri 02906, usa",NA,NA,NA,NA,41.8286345,-71.38835329999999,Med High,4.4333588926923095,FALSE,FALSE
392,2021-11-09,862511,06:04:00,Other,1,NA,1,Hartford Ave,Plainfield Street,2021-11-09,"Two-Way , Not Divided",Dry,Dawn,Clear,Not a Collision Between Two Motor Vehicles in Transport,No,No Controls,3,1,Complains Of Pain,NA,41.81668,-71.44385,FALSE,FALSE,"Hartford Ave and Plainfield Street, Providence, RI, USA",FALSE,-71.44392619999999,41.8166626,intersection,geometric_center,"plainfield st & hartford ave, providence, ri 02909, usa",NA,NA,NA,NA,41.8166626,-71.44392619999999,Med High,6.611965269961851,TRUE,FALSE
393,2021-11-09,862555,17:47:00,Pedestrian,1,NA,1,ADELAIDE AVE,HAMILTON ST,2021-11-09,"Two-Way , Not Divided",Dry,Dark - Not Lighted,Clear,Not a Collision Between Two Motor Vehicles in Transport,No,Stop Signs,3,1,Complains Of Pain,NA,41.80357,-71.42571,FALSE,FALSE,"Adelaide Ave and Hamilton Street, Providence, RI, USA",FALSE,-71.4201379,41.7973969,intersection,geometric_center,"adelaide ave & hamilton st, providence, ri 02907, usa",NA,NA,NA,NA,41.7973969,-71.4201379,Med High,828.2762057757831,FALSE,FALSE
394,2021-11-09,862561,20:51:00,Pedestrian,1,NA,1,7 Pemberton St.,Roanoke St.,2021-11-09,"Two-Way , Not Divided",Dry,Dark - Lighted,Clear,Not a Collision Between Two Motor Vehicles in Transport,"Yes, M/V and Driver Left Scene",No Controls,2,1,Complains Of Pain,NA,41.83136,-71.44589,TRUE,FALSE,"7 Pemberton St., Providence, RI, USA",FALSE,-71.4460263,41.8311672,premise,rooftop,"7 pemberton st, providence, ri 02908, usa",NA,NA,NA,NA,41.8311672,-71.4460263,High,24.257952103732777,FALSE,FALSE
395,2021-11-09,862566,21:45:00,Pedestrian,1,NA,1,HAGAN ST,MENDON ST,2021-11-09,"Two-Way , Not Divided",Dry,Dark - Lighted,Clear,Not a Collision Between Two Motor Vehicles in Transport,"Yes, M/V and Driver Left Scene",No Controls,1,1,Complains Of Pain,NA,41.85692,-71.4224,FALSE,FALSE,"Hagan Street and Mendon Street, Providence, RI, USA",FALSE,-71.4226281,41.8556752,route,geometric_center,"mendon st, providence, ri 02904, usa",NA,NA,NA,NA,41.8556752,-71.4226281,Med,139.8551592683977,FALSE,FALSE
396,2021-11-08,862467,08:10:00,Pedestrian,1,NA,1,BLACKSTONE BLVD,EAST AVE,2021-11-08,"Two-Way, Divided, Positive Median Barrier",Dry,Daylight,Clear,Not a Collision Between Two Motor Vehicles in Transport,No,No Controls,3,1,Complains Of Pain,NA,41.85657,-71.39103,FALSE,FALSE,"Blackstone Blvd and East Ave, Providence, RI, USA",FALSE,-71.3870926,41.8450883,route,geometric_center,"blackstone blvd, providence, ri 02906, usa",NA,NA,NA,NA,41.8450883,-71.3870926,Med,1319.1776898591093,FALSE,FALSE
397,2021-11-07,862410,08:29:00,Pedestrian,1,NA,1,ATWELLS AVE,DEAN ST,2021-11-07,"Two-Way , Not Divided",Dry,Daylight,Clear,Not a Collision Between Two Motor Vehicles in Transport,No,Traffic Control Signal,2,1,Incapacitating,NA,41.82339,-71.4242,FALSE,FALSE,"Atwells Ave and Dean Street, Providence, RI, USA",FALSE,-71.4242155,41.8234078,intersection,geometric_center,"atwells ave & dean st, providence, ri 02903, usa",NA,NA,NA,NA,41.8234078,-71.4242155,Med High,2.3621190603671844,FALSE,FALSE
398,2021-11-06,862395,15:40:00,Pedestrian,1,NA,1,EDGEHILL RD,SUMMIT AVE,2021-11-06,"Two-Way , Not Divided",Dry,Daylight,Clear,Angle (Front - to - Side) Right Angle (Includes Broadside),No,No Controls,3,1,Complains Of Pain,NA,41.84876,-71.39794,FALSE,FALSE,"Edgehill Rd and Summit Ave, Providence, RI, USA",FALSE,-71.39789429999999,41.8487776,intersection,geometric_center,"edgehill rd & summit ave, providence, ri 02906, usa",NA,NA,NA,NA,41.8487776,-71.39789429999999,Med High,4.26607765253707,FALSE,FALSE
399,2021-11-05,862376,21:06:00,Pedestrian,1,NA,1,SAYLES ST,PRAIRIE AVE,2021-11-05,"Two-Way , Not Divided",Dry,Dark - Lighted,Clear,Not a Collision Between Two Motor Vehicles in Transport,No,No Controls,3,1,Complains Of Pain,NA,41.80264,-71.41358,FALSE,FALSE,"Sayles Street and Prairie Ave, Providence, RI, USA",FALSE,-71.4135678,41.8026518,intersection,geometric_center,"sayles st & prairie ave, providence, ri 02905, usa",NA,NA,NA,NA,41.8026518,-71.4135678,Med High,1.6584313605839678,FALSE,FALSE
400,2021-11-03,862247,11:29:00,Pedestrian,1,NA,1,HOPKINS ST,BENEFIT ST,2021-11-03,"Two-Way , Not Divided",Dry,Daylight,Clear,Not a Collision Between Two Motor Vehicles in Transport,No,No Controls,3,1,Complains Of Pain,NA,41.82533,-71.40635,FALSE,FALSE,"Hopkins Street and Benefit Street, Providence, RI, USA",FALSE,-71.40634370000001,41.8253424,intersection,geometric_center,"hopkins st & benefit st, providence, ri 02903, usa",NA,NA,NA,NA,41.8253424,-71.40634370000001,Med High,1.4759791563183133,FALSE,FALSE
401,2021-11-01,862162,15:18:00,Pedestrian,1,NA,1,KILLINGLY ST,HARTFORD AVE,2021-11-01,"Two-Way , Not Divided",Dry,Daylight,Clear,Not a Collision Between Two Motor Vehicles in Transport,No,No Controls,3,0,No Injury,NA,41.81984,-71.46884,FALSE,FALSE,"Killingly Street and Hartford Ave, Providence, RI, USA",FALSE,-71.46893519999999,41.8200273,intersection,geometric_center,"killingly st & hartford ave, providence, ri 02909, usa",NA,NA,NA,NA,41.8200273,-71.46893519999999,Med High,22.295823995766828,FALSE,FALSE
402,2021-11-01,862164,16:01:00,Pedestrian,1,NA,1,HARVARD AVE,TAYLOR ST,2021-11-01,"Two-Way , Not Divided",Dry,Daylight,Clear,Not a Collision Between Two Motor Vehicles in Transport,"Yes, M/V and Driver Left Scene",No Controls,3,1,Non-Incapacitating,NA,41.80862,-71.4188,FALSE,FALSE,"Harvard Ave and Taylor Street, Providence, RI, USA",FALSE,-71.4179224,41.8086357,intersection,geometric_center,"taylor st & harvard ave, providence, ri 02907, usa",NA,NA,NA,NA,41.8086357,-71.4179224,Med High,72.83968528562283,FALSE,FALSE
403,2021-10-30,862064,18:33:00,Pedestrian,1,NA,1,OAKLAND AVE,SMITH ST,2021-10-30,"Two-Way , Not Divided",Wet,Dark - Lighted,Rain,Not a Collision Between Two Motor Vehicles in Transport,No,Traffic Control Signal,2,1,Complains Of Pain,NA,41.83623,-71.43046,FALSE,FALSE,"Oakland Ave and Smith Street, Providence, RI, USA",FALSE,-71.43045500000001,41.8362474,intersection,geometric_center,"oakland ave & smith st, providence, ri 02908, usa",NA,NA,NA,NA,41.8362474,-71.43045500000001,Med High,1.9808540859837125,FALSE,FALSE
404,2021-10-30,862096,22:54:00,Pedestrian,1,NA,1,SMITHFIELD AVE,SMITHFIELD AVE,2021-10-31,One-Way Trafficway,Wet,Dark - Lighted,Rain,Not a Collision Between Two Motor Vehicles in Transport,"Yes, M/V and Driver Left Scene",Traffic Control Signal,1,1,Complains Of Pain,NA,41.8558,-71.40766,FALSE,FALSE,"Smithfield Ave and Smithfield Ave, Providence, RI, USA",FALSE,-71.4524031,41.8563993,intersection,geometric_center,"smithfield rd & smithfield ave, north providence, ri 02904, usa",NA,NA,NA,NA,41.8563993,-71.4524031,Med High,3710.398731807251,FALSE,FALSE
405,2021-10-29,863666,13:00:00,Pedestrian,1,NA,1,BRANCH AVE,SILVER SPRING ST,2021-11-25,"Two-Way , Not Divided",Dry,Daylight,Clear,Other,"Yes, M/V and Driver Left Scene",No Controls,2,1,Complains Of Pain,NA,41.84782,-71.41467,FALSE,FALSE,"Branch Ave and Silver Spring Street, Providence, RI, USA",FALSE,-71.4147046,41.8478499,intersection,geometric_center,"silver spring st & branch ave, providence, ri 02904, usa",NA,NA,NA,NA,41.8478499,-71.4147046,Med High,4.394399083449415,FALSE,FALSE
406,2021-10-23,861454,20:14:00,Bicycle,NA,1,1,WESTMINSTER ST,DEXTER ST,2021-10-16,"Two-Way , Not Divided",Dry,Dark - Lighted,Clear,Not a Collision Between Two Motor Vehicles in Transport,No,Other,2,1,Non-Incapacitating,NA,41.81659,-71.43134,FALSE,FALSE,"Westminster Street and Dexter Street, Providence, RI, USA",FALSE,-71.4313462,41.8166033,intersection,geometric_center,"dexter st & westminster st, providence, ri 02909, usa",NA,NA,NA,NA,41.8166033,-71.4313462,Med High,1.567358534700792,FALSE,FALSE
407,2021-10-22,861720,21:03:00,Pedestrian,1,NA,1,THAYER ST,ANGELL ST,2021-10-22,One-Way Trafficway,Dry,Dark - Lighted,Clear,Not a Collision Between Two Motor Vehicles in Transport,"Yes, M/V and Driver Left Scene",Traffic Control Signal,1,1,Complains Of Pain,NA,41.82812,-71.40066,FALSE,FALSE,"Thayer Street and Angell Street, Providence, RI, USA",FALSE,-71.4006581,41.8280973,intersection,geometric_center,"thayer st & angell st, providence, ri 02906, usa",NA,NA,NA,NA,41.8280973,-71.4006581,Med High,2.531862501846308,FALSE,FALSE
408,2021-10-20,861659,17:51:00,Pedestrian,1,NA,1,WASHINGTON ST,EMPIRE ST,2021-10-20,"Two-Way , Not Divided",Dry,Dark - Lighted,Clear,"Sideswipe, Same Direction",No,Traffic Control Signal,2,1,Complains Of Pain,NA,41.82198,-71.41623,FALSE,FALSE,"Washington Street and Empire Street, Providence, RI, USA",FALSE,-71.4157797,41.821349,route,geometric_center,"empire st, providence, ri 02903, usa","Washington Street & Empire Street, Providence, RI, USA",EjZXYXNoaW5ndG9uIFN0cmVldCAmIEVtcGlyZSBTdHJlZXQsIFByb3ZpZGVuY2UsIFJJLCBVU0EiZiJkChQKEgmNpp3sEkXkiRHnvAEsqcaDvRIUChIJjaad7BJF5IkR57wBLKnGg70aFAoSCanazZwSReSJERoH0JajEjT2GhQKEgnHPO_pEkXkiRGhxI4iuiomFSIKDWmC7RgVI7hu1Q,41.82186009999999,-71.4164189,41.82186009999999,-71.4164189,Med,20.584425520117005,FALSE,FALSE
409,2021-10-18,861534,13:05:00,Pedestrian,1,NA,1,ELMWOOD AVE,ROGER WILLIAMS AVE,2021-10-18,"Two-Way, Divided, Positive Median Barrier",Dry,Daylight,Clear,Not a Collision Between Two Motor Vehicles in Transport,No,Traffic Control Signal,3,1,Complains Of Pain,NA,41.78878,-71.42116,FALSE,FALSE,"Elmwood Ave and Roger Williams Ave, Providence, RI, USA",FALSE,-71.4209033,41.7885278,intersection,geometric_center,"roger williams ave & elmwood ave, providence, ri 02907, usa",NA,NA,NA,NA,41.7885278,-71.4209033,Med High,35.244156690653725,FALSE,TRUE
410,2021-10-18,861536,14:24:00,Bicycle,NA,1,1,ELMWOOD AVE,PRINCETON AVE,2021-10-18,"Two-Way , Not Divided",Dry,Daylight,Clear,Not a Collision Between Two Motor Vehicles in Transport,No,No Controls,3,1,Complains Of Pain,NA,41.80556,-71.42517,FALSE,FALSE,"Elmwood Ave and Princeton Ave, Providence, RI, USA",FALSE,-71.4252446,41.8053667,intersection,geometric_center,"princeton ave & elmwood ave, providence, ri 02907, usa",NA,NA,NA,NA,41.8053667,-71.4252446,Med High,22.390750981391374,FALSE,FALSE
411,2021-10-18,861566,18:01:00,Pedestrian,1,NA,1,ROGER WILLIAMS AVE,ELMWOOD AVE,2021-10-18,"Two-Way , Not Divided",Dry,Dusk,Clear,Not a Collision Between Two Motor Vehicles in Transport,"Yes, M/V and Driver Left Scene",Traffic Control Signal,1,1,Complains Of Pain,NA,41.78851,-71.42102,FALSE,FALSE,"Roger Williams Ave and Elmwood Ave, Providence, RI, USA",FALSE,-71.4209033,41.7885278,intersection,geometric_center,"roger williams ave & elmwood ave, providence, ri 02907, usa",NA,NA,NA,NA,41.7885278,-71.4209033,Med High,9.886799377057029,FALSE,FALSE
412,2021-10-17,861508,21:39:00,Pedestrian,1,NA,1,Dexter Street,SPRAGUE ST,2021-10-17,"Two-Way , Not Divided",Dry,Dark - Lighted,Clear,Not a Collision Between Two Motor Vehicles in Transport,"Yes, M/V and Driver Left Scene",No Controls,1,1,Complains Of Pain,NA,41.80977,-71.42834,FALSE,FALSE,"Dexter Street and Sprague Street, Providence, RI, USA",FALSE,-71.428322,41.809742,intersection,geometric_center,"sprague st & dexter st, providence, ri 02907, usa",NA,NA,NA,NA,41.809742,-71.428322,Med High,3.4562920759699374,FALSE,FALSE
413,2021-10-16,861449,17:49:00,Pedestrian,1,NA,1,74 CONCORD ST,CONCORD ST,2021-10-16,"Two-Way , Not Divided",Dry,Daylight,Cloudy,Not a Collision Between Two Motor Vehicles in Transport,No,No Controls,2,1,Non-Incapacitating,NA,41.85337,-71.40322,TRUE,FALSE,"74 Concord Street, Providence, RI, USA",FALSE,-71.40329249999999,41.85355,premise,rooftop,"74 concord st, providence, ri 02904, usa",NA,NA,NA,NA,41.85355,-71.40329249999999,High,20.919833589057884,FALSE,FALSE
414,2021-10-14,861388,18:24:00,Bicycle,NA,1,1,CRANSTON ST,WAVERLY ST,2021-10-14,"Two-Way , Not Divided",Dry,Dark - Lighted,Clear,Not a Collision Between Two Motor Vehicles in Transport,No,Pavement Markings,4,1,Non-Incapacitating,NA,41.80845,-71.43444,FALSE,FALSE,"Cranston Street and Waverly Street, Providence, RI, USA",FALSE,-71.43456739999999,41.8083361,intersection,geometric_center,"cranston st & waverly st, providence, ri 02907, usa",NA,NA,NA,NA,41.8083361,-71.43456739999999,Med High,16.50791104035933,FALSE,FALSE
415,2021-10-13,861308,13:33:00,Pedestrian,1,NA,1,WICKHAM ST,BROAD ST,2021-10-13,"Two-Way , Not Divided",Dry,Daylight,Clear,Not a Collision Between Two Motor Vehicles in Transport,No,Stop Signs,3,1,Complains Of Pain,NA,41.81579,-71.41998,FALSE,FALSE,"Wickham Street and Broad Street, Providence, RI, USA",FALSE,-71.4200845,41.8159698,intersection,geometric_center,"wickham st & broad st, providence, ri 02903, usa",NA,NA,NA,NA,41.8159698,-71.4200845,Med High,21.81231253852575,FALSE,FALSE
416,2021-10-13,861328,16:39:00,Other,NA,1,1,PUBLIC ST,TAYLOR ST,2021-10-13,"Two-Way , Not Divided",Dry,Daylight,Clear,Not a Collision Between Two Motor Vehicles in Transport,No,No Controls,2,1,Complains Of Pain,NA,41.80503,-71.41708,FALSE,FALSE,"Public Street and Taylor Street, Providence, RI, USA",FALSE,-71.4170642,41.805035,intersection,geometric_center,"taylor st & public st, providence, ri 02907, usa",NA,NA,NA,NA,41.805035,-71.4170642,Med High,1.4243317395840447,TRUE,FALSE
417,2021-10-12,861288,19:02:00,Pedestrian,1,NA,1,ELMWOOD AVE,DARTMOUTH AVE,2021-10-12,"Two-Way , Not Divided",Dry,Dark - Lighted,Clear,Not a Collision Between Two Motor Vehicles in Transport,No,No Controls,2,0,No Injury,NA,41.80839,-71.42469,FALSE,FALSE,"Elmwood Ave and Dartmouth Ave, Providence, RI, USA",FALSE,-71.4247037,41.8084548,intersection,geometric_center,"dartmouth ave & elmwood ave, providence, ri 02907, usa",NA,NA,NA,NA,41.8084548,-71.4247037,Med High,7.3025232851988,FALSE,FALSE
418,2021-10-08,861146,18:32:00,Pedestrian,1,NA,2,COLLEGE ST,SOUTH MAIN ST,2021-10-08,"Two-Way , Not Divided",Dry,Daylight,Clear,"Sideswipe, Same Direction","Yes, M/V and Driver Left Scene",Pavement Markings,6,1,Non-Incapacitating,NA,41.82564,-71.40785,FALSE,FALSE,"College Street and South Main Street, Providence, RI, USA",FALSE,-71.4037098,41.8208275,route,geometric_center,"s main st, providence, ri 02903, usa","College Street & South Main Street, Providence, RI, USA",EjdDb2xsZWdlIFN0cmVldCAmIFNvdXRoIE1haW4gU3RyZWV0LCBQcm92aWRlbmNlLCBSSSwgVVNBImYiZAoUChIJD1urSRZF5IkRzGbOghZosXsSFAoSCQ9bq0kWReSJEcxmzoIWaLF7GhQKEgnR5cstFkXkiRH1TvxbNfBkPhoUChIJxfz7Uz5F5IkRx3FZv-YChPQiCg2TF-4YFdUHcNU,41.8256787,-71.4078251,41.8256787,-71.4078251,Med,4.777636172498029,TRUE,FALSE
419,2021-10-05,861020,19:09:00,Bicycle,NA,1,1,VALLEY ST,RIVER AVE,2021-10-05,"Two-Way, Divided, Unprotected (painted>4feet) Medium",Dry,Dark - Lighted,Clear,Not a Collision Between Two Motor Vehicles in Transport,"Yes, M/V and Driver Left Scene",No Controls,1,1,Complains Of Pain,NA,41.82796,-71.43516,FALSE,FALSE,"Valley Street and River Ave, Providence, RI, USA",FALSE,-71.435152,41.827984,intersection,geometric_center,"valley st & river ave, providence, ri 02908, usa",NA,NA,NA,NA,41.827984,-71.435152,Med High,2.75284785123436,FALSE,FALSE
420,2021-10-02,860857,15:46:00,Pedestrian,1,NA,1,DOUGLAS AVE,WHIPPLE ST,2021-10-02,"Two-Way , Not Divided",Dry,Daylight,Clear,Not a Collision Between Two Motor Vehicles in Transport,No,Pavement Markings,2,1,Non-Incapacitating,NA,41.83685,-71.42154,FALSE,FALSE,"Douglas Ave and Whipple Street, Providence, RI, USA",FALSE,-71.4215517,41.8368745,intersection,geometric_center,"whipple st & douglas ave, providence, ri 02908, usa",NA,NA,NA,NA,41.8368745,-71.4215517,Med High,2.8948139972803513,FALSE,FALSE
421,2021-10-01,860829,16:53:00,Pedestrian,1,NA,1,FRANCIS ST,GASPEE ST,2021-10-01,"Two-Way, Divided, Positive Median Barrier",Dry,Daylight,Clear,Not a Collision Between Two Motor Vehicles in Transport,No,Traffic Control Signal,2,0,No Injury,NA,41.82897,-71.4153,FALSE,FALSE,"Francis Street and Gaspee Street, Providence, RI, USA",FALSE,-71.413218,41.8298918,route,geometric_center,"gaspee st, providence, ri 02903, usa",NA,NA,NA,NA,41.8298918,-71.413218,Med,200.8833518030632,FALSE,FALSE
422,2021-10-01,860830,16:48:00,Pedestrian,1,NA,1,EXIT 22A (RT ),FRANCIS ST,2021-10-01,"Two-Way, Divided, Positive Median Barrier",Dry,Daylight,Clear,Not a Collision Between Two Motor Vehicles in Transport,"Yes, M/V and Driver Left Scene",Traffic Control Signal,1,1,Complains Of Pain,NA,41.82577,-71.41527,FALSE,FALSE,"Exit 22a (Rt ) and Francis Street, Providence, RI, USA",FALSE,-71.4153409,41.8284747,route,geometric_center,"francis st, providence, ri, usa",NA,NA,NA,NA,41.8284747,-71.4153409,Med,301.1432612289948,FALSE,FALSE
423,2021-10-01,860837,20:40:00,Bicycle,NA,1,1,WESTMINSTER ST,BATTEY ST,2021-10-01,"Two-Way , Not Divided",Dry,Dark - Lighted,Clear,Not a Collision Between Two Motor Vehicles in Transport,"Yes, M/V and Driver Left Scene",No Controls,2,1,Incapacitating,NA,41.81724,-71.42463,FALSE,FALSE,"Westminster Street and Battey Street, Providence, RI, USA",FALSE,-71.4246276,41.8172544,intersection,geometric_center,"battey st & westminster st, providence, ri 02903, usa",NA,NA,NA,NA,41.8172544,-71.4246276,Med High,1.6153194894247698,FALSE,FALSE
424,2021-10-01,860842,22:36:00,Pedestrian,1,NA,1,Smith st,CHALKSTONE AVE,2021-10-02,"Two-Way , Not Divided",Dry,Dark - Lighted,Clear,Not a Collision Between Two Motor Vehicles in Transport,No,Traffic Control Signal,2,1,Complains Of Pain,NA,41.83521,-71.42565,FALSE,FALSE,"Smith Street and Chalkstone Ave, Providence, RI, USA",FALSE,-71.4256425,41.83522139999999,intersection,geometric_center,"chalkstone ave & smith st, providence, ri 02908, usa",NA,NA,NA,NA,41.83522139999999,-71.4256425,Med High,1.413300364710605,FALSE,FALSE
425,2021-09-27,860540,07:26:00,Pedestrian,1,NA,1,ATWELLS AVE,BRADFORD ST,2021-09-27,"Two-Way , Not Divided",Dry,Daylight,Clear,Not a Collision Between Two Motor Vehicles in Transport,No,Flashing Traffic Control Signal,4,1,Incapacitating,NA,41.82324,-71.42195,FALSE,FALSE,"Atwells Ave and Bradford Street, Providence, RI, USA",FALSE,-71.42178969999999,41.8232404,intersection,geometric_center,"atwells ave & bradford st, providence, ri 02903, usa",NA,NA,NA,NA,41.8232404,-71.42178969999999,Med High,13.297906248842596,FALSE,FALSE
426,2021-09-27,860604,22:22:00,Pedestrian,1,NA,1,Plain St,PUBLIC ST,2021-09-27,"Two-Way , Not Divided",Dry,Dark - Lighted,Clear,Unknown,"Yes, M/V and Driver Left Scene",Stop Signs,1,1,Non-Incapacitating,NA,41.80666,-71.40998,FALSE,FALSE,"Plain Street and Public Street, Providence, RI, USA",FALSE,-71.40997999999999,41.8066822,intersection,geometric_center,"public st & plain st, providence, ri 02905, usa",NA,NA,NA,NA,41.8066822,-71.40997999999999,Med High,2.4712926956101797,FALSE,FALSE
427,2021-09-23,858444,05:43:00,Pedestrian,1,NA,1,Grosvenor Ave,Chalkstone Ave,2021-09-23,"Two-Way , Not Divided",Dry,Dark - Lighted,Clear,Not a Collision Between Two Motor Vehicles in Transport,No,Stop Signs,3,1,Complains Of Pain,NA,41.83239,-71.43954,FALSE,FALSE,"Grosvenor Ave and Chalkstone Ave, Providence, RI, USA",FALSE,-71.439537,41.8323976,intersection,geometric_center,"grosvenor ave & chalkstone ave, providence, ri 02908, usa",NA,NA,NA,NA,41.8323976,-71.439537,Med High,0.8818622507045801,FALSE,FALSE
428,2021-09-21,858324,12:19:00,Other,NA,NA,1,CHALKSTONE AVE,ROSEBANK AVE,2021-09-21,"Two-Way , Not Divided",Dry,Daylight,Clear,Not a Collision Between Two Motor Vehicles in Transport,"Yes, M/V and Driver Left Scene",Stop Signs,3,1,Non-Incapacitating,NA,41.8339,-71.43335,FALSE,FALSE,"Chalkstone Ave and Rosebank Ave, Providence, RI, USA",FALSE,-71.4333511,41.8339277,intersection,geometric_center,"chalkstone ave & rosebank ave, providence, ri 02908, usa",NA,NA,NA,NA,41.8339277,-71.4333511,Med High,3.084899351919054,FALSE,FALSE
429,2021-09-20,858283,19:16:00,Pedestrian,1,NA,1,BROAD ST,COLFAX ST,2021-09-20,"Two-Way , Not Divided",Dry,Daylight,Clear,Not a Collision Between Two Motor Vehicles in Transport,"Yes, M/V and Driver Left Scene",No Controls,1,1,Complains Of Pain,NA,41.79888,-71.4155,FALSE,FALSE,"Broad Street and Colfax Street, Providence, RI, USA",FALSE,-71.4113103,41.7997204,route,geometric_center,"colfax st, providence, ri 02905, usa","Broad Street & Colfax Street, Providence, RI, USA",EjFCcm9hZCBTdHJlZXQgJiBDb2xmYXggU3RyZWV0LCBQcm92aWRlbmNlLCBSSSwgVVNBImYiZAoUChIJh5isVohP5IkRxMiusz9Rtz0SFAoSCYeYrFaIT-SJEcTIrrM_Ubc9GhQKEgmD3n3VjE_kiREsosqTmEsIoxoUChIJWUPFGopP5IkRprcHRHnzEIAiCg1JAOoYFdncbtU,41.7988681,-71.4154791,41.7988681,-71.4154791,Med,2.1824551766450484,FALSE,FALSE
430,2021-09-19,858210,18:00:00,Bicycle,NA,1,1,NORTH MAIN ST,DOYLE AVE,2021-09-19,"Two-Way, Divided, Positive Median Barrier",Dry,Daylight,Clear,Angle (Front - to - Side) Right Angle (Includes Broadside),No,Traffic Control Signal,9,1,Non-Incapacitating,NA,41.83835,-71.40923,FALSE,FALSE,"North Main Street and Doyle Ave, Providence, RI, USA",FALSE,-71.4000972,41.8387695,route,geometric_center,"doyle ave, providence, ri 02906, usa","North Main Street & Doyle Ave, Providence, RI, USA",EjJOb3J0aCBNYWluIFN0cmVldCAmIERveWxlIEF2ZSwgUHJvdmlkZW5jZSwgUkksIFVTQSJmImQKFAoSCXf5vyseReSJETFnB8CyBmhQEhQKEgl3-b8rHkXkiRExZwfAsgZoUBoUChIJ-fpBPd5E5IkRX9etvg1cIz8aFAoSCTmA9zjfROSJEUS_S7ng1zRJIgoNQwfwGBUn0W_V,41.83836830000001,-71.4092249,41.83836830000001,-71.4092249,Med,2.0805947786513452,FALSE,FALSE