row_number,crash_date,crash_report_id,crash_time,collision_type,count_pedestrian,count_bicycle,number_of_vehicles,street_or_highway,nearest_intersection,report_date,type_of_roadway,road_surface_condition,light_condition,weather_condition,manner_of_impact,hit_and_run,traffic_control,person_count,injury_count,most_serious_injury,number_of_lanes,lat_raw,lon_raw,has_st_number,is_intersection_null,address_sent_to_geocoder,is_address_blank,lon_api_first_try,lat_api_first_try,type,loctype,address_returned_by_geocoder,address_returned_by_autocomplete,place_ids_autocompleted,lat_api_second_try,lon_api_second_try,lat_api_best,lon_api_best,api_coord_conf,distance_btwn_coords_meters,scooter,wheel_chair
431,2021-09-18,858172,21:15:00,Bicycle,NA,1,1,THURBERS AVE,PRAIRIE AVE,2021-09-18,"Two-Way , Not Divided",Dry,Dark - Lighted,Clear,Angle (Front - to - Side) Right Angle (Includes Broadside),No,Traffic Control Signal,2,0,No Injury,NA,41.79873,-71.41191,FALSE,FALSE,"Thurbers Ave and Prairie Ave, Providence, RI, USA",FALSE,-71.41191049999999,41.7987434,intersection,geometric_center,"thurbers ave & prairie ave, providence, ri 02905, usa",NA,NA,NA,NA,41.7987434,-71.41191049999999,Med High,1.4922581778487964,FALSE,FALSE
432,2021-09-16,858115,23:32:00,Bicycle,NA,1,1,BENEVOLENT ST,BROOK ST,2021-09-17,"Two-Way , Not Divided",Dry,Dark - Lighted,Clear,Not a Collision Between Two Motor Vehicles in Transport,"Yes, M/V and Driver Left Scene",Stop Signs,1,1,Complains Of Pain,NA,41.8249,-71.39892,FALSE,FALSE,"Benevolent Street and Brook Street, Providence, RI, USA",FALSE,-71.39895160000002,41.8248965,intersection,geometric_center,"benevolent st & brook st, providence, ri 02906, usa",NA,NA,NA,NA,41.8248965,-71.39895160000002,Med High,2.6501356863007315,FALSE,FALSE
433,2021-09-15,858083,18:42:00,Pedestrian,1,NA,1,CHARLES ST,W RIVER ST,2021-09-15,"Two-Way, Divided, Unprotected (painted>4feet) Medium",Dry,Dark - Lighted,Clear,Not a Collision Between Two Motor Vehicles in Transport,No,Stop Signs,5,1,Incapacitating,NA,41.83961,-71.4164,FALSE,FALSE,"Charles Street and W River Street, Providence, RI, USA",FALSE,-71.4164329,41.8396195,intersection,geometric_center,"charles st & w river st, providence, ri 02904, usa",NA,NA,NA,NA,41.8396195,-71.4164329,Med High,2.9263240450394554,FALSE,FALSE
434,2021-09-15,858208,15:49:00,Bicycle,NA,1,1,STEEPLE ST,CANAL ST,2021-09-19,One-Way Trafficway,Dry,Daylight,Clear,Not a Collision Between Two Motor Vehicles in Transport,"Yes, M/V and Driver Left Scene",Traffic Control Signal,1,0,No Injury,NA,41.82718,-71.40991,FALSE,FALSE,"Steeple Street and Canal Street, Providence, RI, USA",FALSE,-71.409902,41.8271852,intersection,geometric_center,"steeple st & canal st, providence, ri 02903, usa",NA,NA,NA,NA,41.8271852,-71.409902,Med High,0.8805986010145954,FALSE,FALSE
435,2021-09-13,858004,21:57:00,Pedestrian,1,NA,1,Douglas Ave,Fillmore St,2021-09-13,"Two-Way , Not Divided",Dry,Dark - Lighted,Clear,Other,No,No Controls,2,1,Complains Of Pain,NA,NA,NA,FALSE,FALSE,"Douglas Ave and Fillmore Street, Providence, RI, USA",FALSE,-71.42231100000001,41.8371944,intersection,geometric_center,"fillmore st & douglas ave, providence, ri 02908, usa",NA,NA,NA,NA,41.8371944,-71.42231100000001,Med High,NA,FALSE,FALSE
436,2021-09-13,858005,21:43:00,Pedestrian,1,NA,1,N MAIN ST,CEMETERY ST,2021-09-13,"Two-Way, Divided, Positive Median Barrier",Dry,Dark - Lighted,Clear,Other,"Yes, M/V and Driver Left Scene",No Controls,1,1,Complains Of Pain,NA,41.84859,-71.40405,FALSE,FALSE,"N Main Street and Cemetery Street, Providence, RI, USA",FALSE,-71.4043938,41.851482,route,geometric_center,"cemetery st, providence, ri 02904, usa","North Main Street & Cemetery Street, Providence, RI, USA",EjhOb3J0aCBNYWluIFN0cmVldCAmIENlbWV0ZXJ5IFN0cmVldCwgUHJvdmlkZW5jZSwgUkksIFVTQSJmImQKFAoSCQXq4fjCROSJEWmmy9KX7dmWEhQKEgkF6uH4wkTkiRFppsvSl-3ZlhoUChIJ-fpBPd5E5IkRX9etvg1cIz8aFAoSCf3n8BbCROSJEatTgueuydGOIgoNAqnxGBX-pnDV,41.8490626,-71.4037506,41.8490626,-71.4037506,Med,58.17346947861388,FALSE,FALSE
437,2021-09-12,857938,13:15:00,Bicycle,NA,1,1,Killingly st,PLAINFIELD ST,2021-09-12,"Two-Way, Divided, Unprotected (painted>4feet) Medium",Dry,Daylight,Clear,Not a Collision Between Two Motor Vehicles in Transport,No,No Controls,2,1,Complains Of Pain,NA,41.81313,-71.459460000000007,FALSE,FALSE,"Killingly Street and Plainfield Street, Providence, RI, USA",FALSE,-71.4589726,41.8126703,intersection,geometric_center,"killingly st & plainfield st, providence, ri 02909, usa",NA,NA,NA,NA,41.8126703,-71.4589726,Med High,65.22320267764954,FALSE,FALSE
438,2021-09-12,857942,14:43:00,Pedestrian,1,NA,1,1049 ATWELLS AVENUE,LYNCH ST,2021-09-12,"Two-Way, Divided, Unprotected (painted>4feet) Medium",Dry,Daylight,Clear,Not a Collision Between Two Motor Vehicles in Transport,No,No Controls,3,1,Incapacitating,NA,41.82525,-71.45239,TRUE,FALSE,"1049 Atwells Avenue, Providence, RI, USA",FALSE,-71.45260739999999,41.8254514,premise,rooftop,"1049 atwells ave, providence, ri 02909, usa",NA,NA,NA,NA,41.8254514,-71.45260739999999,High,28.772744808195608,FALSE,FALSE
439,2021-09-11,857914,10:38:00,Pedestrian,1,NA,1,ATWELLS AVE,EAGLE ST,2021-09-11,Unknown,Dry,Daylight,Clear,Other,"Yes, M/V and Driver Left Scene",No Controls,1,0,No Injury,NA,41.82446,-71.4355,FALSE,FALSE,"Atwells Ave and Eagle Street, Providence, RI, USA",FALSE,-71.4354014,41.8244572,intersection,geometric_center,"atwells ave & eagle st, providence, ri 02909, usa",NA,NA,NA,NA,41.8244572,-71.4354014,Med High,8.185233498549849,FALSE,FALSE
440,2021-09-11,857917,16:36:00,Pedestrian,1,NA,1,MEMORIAL BLVD,WASHINGTON ST,2021-09-11,"Two-Way, Divided, Positive Median Barrier",Dry,Daylight,Clear,Other,No,Traffic Control Signal,3,1,Complains Of Pain,NA,41.82637,-71.41019,FALSE,FALSE,"Memorial Blvd and Washington Street, Providence, RI, USA",FALSE,-71.41016259999999,41.8263513,intersection,geometric_center,"memorial blvd & washington st, providence, ri 02903, usa",NA,NA,NA,NA,41.8263513,-71.41016259999999,Med High,3.0821026696239793,FALSE,FALSE
441,2021-09-08,857830,17:43:00,Bicycle,NA,1,1,S WATER ST,NA,2021-09-08,One-Way Trafficway,Dry,Daylight,Clear,Angle - Direction Not Specified,No,Traffic Control Signal,2,1,Complains Of Pain,NA,41.81877,-71.4019,FALSE,TRUE,"S Water Street, Providence, RI, USA",FALSE,-71.4039536,41.8202174,route,geometric_center,"s water st, providence, ri 02903, usa",NA,NA,NA,NA,41.8202174,-71.4039536,Inaccurate,234.4914025021583,FALSE,FALSE
442,2021-09-03,857672,20:52:00,Pedestrian,1,NA,1,PLEASANT ST,PLEASANT CT,2021-09-03,One-Way Trafficway,Dry,Daylight,Clear,Not a Collision Between Two Motor Vehicles in Transport,"Yes, M/V and Driver Left Scene",Warning Signs,2,0,No Injury,NA,41.8396,-71.40514,FALSE,FALSE,"Pleasant Street and Pleasant Ct, Providence, RI, USA",FALSE,-71.4726318,41.8596697,intersection,geometric_center,"pleasant ave & s pleasant st, north providence, ri 02911, usa",NA,NA,NA,NA,41.8596697,-71.4726318,Med High,6025.995359387918,TRUE,FALSE
443,2021-09-02,857612,11:07:00,Other,NA,NA,1,391 CHARLES ST,SILVER SPRING ST,2021-09-02,"Two-Way , Not Divided",Dry,Daylight,Clear,Not a Collision Between Two Motor Vehicles in Transport,No,No Controls,4,1,Complains Of Pain,NA,41.84476,-71.41869,TRUE,FALSE,"391 Charles Street, Providence, RI, USA",FALSE,-71.418266,41.8447294,premise,rooftop,"391 charles st, providence, ri 02904, usa",NA,NA,NA,NA,41.8447294,-71.418266,High,35.32610473561571,FALSE,FALSE
444,2021-08-31,857498,12:45:00,Bicycle,NA,1,1,BOWDITCH PL,DEAN ST,2021-08-31,"Two-Way , Not Divided",Dry,Daylight,Clear,Other,No,No Controls,2,1,Complains Of Pain,2,41.81988,-71.4213,FALSE,FALSE,"Bowditch Pl and Dean Street, Providence, RI, USA",FALSE,-71.4213822,41.8200143,intersection,geometric_center,"bowditch pl & dean st, providence, ri 02903, usa",NA,NA,NA,NA,41.8200143,-71.4213822,Med High,16.43203933711869,FALSE,FALSE
445,2021-08-30,857475,17:15:00,Pedestrian,1,NA,1,HOPE STREET,4TH ST,2021-08-30,"Two-Way , Not Divided",Dry,Daylight,Clear,Not a Collision Between Two Motor Vehicles in Transport,No,No Controls,3,1,Complains Of Pain,NA,41.84909,-71.39498,FALSE,FALSE,"Hope Street and 4th Street, Providence, RI, USA",FALSE,-71.3948887,41.8492949,intersection,geometric_center,"hope st & 4th st, providence, ri 02906, usa",NA,NA,NA,NA,41.8492949,-71.3948887,Med High,24.032980214281682,FALSE,FALSE
446,2021-08-30,857480,19:17:00,Bicycle,NA,1,1,MEMORIAL BLVD,FRANCIS ST,2021-08-30,"Two-Way , Not Divided",Dry,Daylight,Clear,Not a Collision Between Two Motor Vehicles in Transport,No,Traffic Control Signal,2,1,Non-Incapacitating,NA,41.82577,-71.41527,FALSE,FALSE,"Memorial Blvd and Francis Street, Providence, RI, USA",FALSE,-71.4153098,41.8257791,intersection,geometric_center,"memorial blvd & francis st, providence, ri 02903, usa",NA,NA,NA,NA,41.8257791,-71.4153098,Med High,3.4534303272334412,FALSE,FALSE
447,2021-08-30,857484,21:28:00,Bicycle,NA,1,1,Cranston Street,DEXTER ST,2021-08-30,"Two-Way , Not Divided",Dry,Dark - Lighted,Clear,Not a Collision Between Two Motor Vehicles in Transport,No,Traffic Control Signal,2,0,No Injury,NA,41.81257,-71.42965,FALSE,FALSE,"Cranston Street and Dexter Street, Providence, RI, USA",FALSE,-71.429588,41.81260289999999,intersection,geometric_center,"cranston st & dexter st, providence, ri 02907, usa",NA,NA,NA,NA,41.81260289999999,-71.429588,Med High,6.314684926458138,FALSE,FALSE
448,2021-08-26,857265,06:33:00,Pedestrian,1,NA,1,CHAPIN AVE,PARADE ST,2021-08-26,"Two-Way , Not Divided",Dry,Daylight,Clear,Not a Collision Between Two Motor Vehicles in Transport,No,Stop Signs,2,1,Non-Incapacitating,NA,41.81189,-71.43122,FALSE,FALSE,"Chapin Ave and Parade Street, Providence, RI, USA",FALSE,-71.4311711,41.8119296,intersection,geometric_center,"chapin ave & parade st, providence, ri 02909, usa",NA,NA,NA,NA,41.8119296,-71.4311711,Med High,5.991164783785831,FALSE,FALSE
449,2021-08-26,857301,19:15:00,Pedestrian,1,NA,1,BROAD ST,PARKIS AVE,2021-08-26,"Two-Way , Not Divided",Dry,Dusk,Clear,Not a Collision Between Two Motor Vehicles in Transport,"Yes, M/V and Driver Left Scene",No Controls,1,1,Complains Of Pain,NA,41.80925,-71.42087,FALSE,FALSE,"Broad Street and Parkis Ave, Providence, RI, USA",FALSE,-71.4216175,41.8091566,route,geometric_center,"parkis ave, providence, ri 02907, usa","Broad Street & Parkis Ave, Providence, RI, USA",Ei5Ccm9hZCBTdHJlZXQgJiBQYXJraXMgQXZlLCBQcm92aWRlbmNlLCBSSSwgVVNBImYiZAoUChIJRzM1_npF5IkRjtZmKd5_CBoSFAoSCUczNf56ReSJEY7WZinefwgaGhQKEgmD3n3VjE_kiREsosqTmEsIoxoUChIJMX42yntF5IkRzmf6NFIaq3EiCg0FkusYFZ8LbtU,41.8091525,-71.4208353,41.8091525,-71.4208353,Med,11.229048237228158,FALSE,FALSE
450,2021-08-23,857149,12:31:00,Pedestrian,1,NA,1,274 BENEFIT ST,GEORGE ST,2021-08-23,"Two-Way , Not Divided",Dry,Daylight,Clear,Not a Collision Between Two Motor Vehicles in Transport,"Yes, M/V and Driver Left Scene",No Controls,2,1,Complains Of Pain,NA,41.8251,-71.40615,TRUE,FALSE,"274 Benefit Street, Providence, RI, USA",FALSE,-71.4061675,41.8248928,premise,rooftop,"274 benefit st, providence, ri 02903, usa",NA,NA,NA,NA,41.8248928,-71.4061675,High,23.111036480557942,FALSE,FALSE
451,2021-08-18,856941,14:53:00,Pedestrian,1,NA,1,ORMS ST,SMITH ST,2021-08-18,"Two-Way , Not Divided",Dry,Daylight,Clear,Not a Collision Between Two Motor Vehicles in Transport,No,Traffic Control Signal,4,1,Complains Of Pain,NA,41.83372,-71.42229,FALSE,FALSE,"Orms Street and Smith Street, Providence, RI, USA",FALSE,-71.4219437,41.8337775,intersection,geometric_center,"orms st & smith st, providence, ri 02904, usa",NA,NA,NA,NA,41.8337775,-71.4219437,Med High,29.42748692279772,FALSE,FALSE
452,2021-08-17,856892,12:38:00,Bicycle,NA,1,1,355 Reservoir Ave,PONTIAC AVE,2021-08-17,"Two-Way , Not Divided",Dry,Daylight,Clear,Not a Collision Between Two Motor Vehicles in Transport,No,Traffic Control Signal,3,1,Complains Of Pain,3,41.78819,-71.43152,TRUE,FALSE,"355 Reservoir Ave, Providence, RI, USA",FALSE,-71.4327425,41.7887759,subpremise,rooftop,"355 reservoir ave, providence, ri 02910, usa",NA,NA,NA,NA,41.7887759,-71.4327425,High,120.62256493566035,FALSE,FALSE
453,2021-08-17,856893,12:20:00,Pedestrian,1,NA,1,BARBARA LEONARD WAY,N MAIN ST,2021-08-17,"Two-Way , Not Divided",Dry,Daylight,Clear,Not a Collision Between Two Motor Vehicles in Transport,No,Traffic Control Signal,4,0,No Injury,2,41.84063,-71.40879,FALSE,FALSE,"Barbara Leonard Way and N Main Street, Providence, RI, USA",FALSE,-71.37025750000001,41.8264716,establishment,rooftop,"105 wilmarth ave, east providence, ri 02914, usa","Barbara Leonard Way & North Main Street, Providence, RI, USA",EjxCYXJiYXJhIExlb25hcmQgV2F5ICYgTm9ydGggTWFpbiBTdHJlZXQsIFByb3ZpZGVuY2UsIFJJLCBVU0EiZiJkChQKEgkDezJW4ETkiRG9xnXQ5dwU2BIUChIJA3syVuBE5IkRvcZ10OXcFNgaFAoSCXnPQqDhROSJEVKSYDSAo98BGhQKEgn5-kE93kTkiRFf162-DVwjPyIKDURg8BgV7uVv1Q,41.84064679999999,-71.408693,41.84064679999999,-71.408693,Med,8.259060849228662,TRUE,FALSE
454,2021-08-17,856906,21:58:00,Bicycle,NA,1,1,BROAD ST,BAKER ST,2021-08-17,"Two-Way , Not Divided",Dry,Dark - Lighted,Clear,Not a Collision Between Two Motor Vehicles in Transport,"Yes, M/V and Driver Left Scene",Traffic Control Signal,4,1,Non-Incapacitating,NA,41.79275,-71.40789,FALSE,FALSE,"Broad Street and Baker Street, Providence, RI, USA",FALSE,-71.4026283,41.7929206,route,geometric_center,"baker st, providence, ri 02905, usa","Broad Street & Baker Street, Providence, RI, USA",EjBCcm9hZCBTdHJlZXQgJiBCYWtlciBTdHJlZXQsIFByb3ZpZGVuY2UsIFJJLCBVU0EiZiJkChQKEglPriThjE_kiREVXMdY8BOpCRIUChIJT64k4YxP5IkRFVzHWPATqQkaFAoSCYPefdWMT-SJESyiypOYSwijGhQKEgll_cCb80_kiRFs0PSM0XbDvCIKDSMR6RgVBgZw1Q,41.79274590000001,-71.40787139999999,41.79274590000001,-71.40787139999999,Med,1.609771489372204,FALSE,FALSE
455,2021-08-16,856850,16:05:00,Bicycle,NA,1,1,BROAD ST,EARLY ST,2021-08-16,"Two-Way , Not Divided",Dry,Daylight,Cloudy,Not a Collision Between Two Motor Vehicles in Transport,No,Pavement Markings,2,1,Complains Of Pain,NA,41.7955,-71.41131,FALSE,FALSE,"Broad Street and Early Street, Providence, RI, USA",FALSE,-71.4132727,41.7947406,route,geometric_center,"early st, providence, ri, usa","Broad Street & Early Street, Providence, RI, USA",EjBCcm9hZCBTdHJlZXQgJiBFYXJseSBTdHJlZXQsIFByb3ZpZGVuY2UsIFJJLCBVU0EiZiJkChQKEgmXU933i0_kiREGVbKb8h8HNxIUChIJl1Pd94tP5IkRBlWym_IfBzcaFAoSCYPefdWMT-SJESyiypOYSwijGhQKEgnvKWa8jk_kiRGRtjQvItEbESIKDWN86RgVooBv1Q,41.7954915,-71.41128619999999,41.7954915,-71.41128619999999,Med,2.1901511720803706,FALSE,FALSE
456,2021-08-14,856729,01:53:00,Pedestrian,1,NA,1,HAYES STREET,FRANCIS ST,2021-08-14,Unknown,Dry,Dark - Lighted,Clear,Not a Collision Between Two Motor Vehicles in Transport,"Yes, M/V and Driver Left Scene",No Controls,1,0,No Injury,2,41.82925,-71.41635,FALSE,FALSE,"Hayes Street and Francis Street, Providence, RI, USA",FALSE,-71.415279,41.8291896,intersection,geometric_center,"hayes st & francis st, providence, ri 02903, usa",NA,NA,NA,NA,41.8291896,-71.415279,Med High,89.09155688942177,FALSE,FALSE
457,2021-08-14,856789,21:13:00,Pedestrian,1,NA,1,CRANSTON ST,HANOVER ST,2021-08-14,"Two-Way , Not Divided",Dry,Dark - Lighted,Clear,Not a Collision Between Two Motor Vehicles in Transport,No,Pavement Markings,3,1,Complains Of Pain,NA,41.80947,-71.43356,FALSE,FALSE,"Cranston Street and Hanover Street, Providence, RI, USA",FALSE,-71.4335598,41.80949100000001,intersection,geometric_center,"cranston st & hanover st, providence, ri 02907, usa",NA,NA,NA,NA,41.80949100000001,-71.4335598,Med High,2.3377682081115587,FALSE,FALSE
458,2021-08-13,856699,10:00:00,Pedestrian,1,NA,1,BROADWAY,VALLEY ST,2021-08-13,"Two-Way, Divided, Unprotected (painted>4feet) Medium",Dry,Daylight,Clear,Other,No,No Controls,2,1,Complains Of Pain,NA,41.81689,-71.44083,FALSE,FALSE,"Broadway and Valley Street, Providence, RI, USA",FALSE,-71.4361571,41.8275287,route,geometric_center,"valley st, providence, ri, usa","Broadway & Valley Street, Providence, RI, USA",Ei1Ccm9hZHdheSAmIFZhbGxleSBTdHJlZXQsIFByb3ZpZGVuY2UsIFJJLCBVU0EiZiJkChQKEglPQjeFmkXkiRFay9YdHmK0gBIUChIJT0I3hZpF5IkRWsvWHR5itIAaFAoSCaW15YZ1ReSJERrCM7HXpG-zGhQKEgn71PW-oUXkiRFACHbbKx7jfCIKDVm-7BgVgvdq1Q,41.8168409,-71.441011,41.8168409,-71.441011,Med,15.980316406829102,FALSE,FALSE
459,2021-08-12,856630,00:44:00,Pedestrian,1,NA,1,NIANTIC AVE,NA,2021-08-12,Unknown,Dry,Dark - Lighted,Clear,Other,No,No Controls,3,1,Complains Of Pain,NA,41.79468,-71.43867,FALSE,TRUE,"Niantic Ave, Providence, RI, USA",FALSE,-71.4388718,41.7954757,route,geometric_center,"niantic ave, providence, ri, usa",NA,NA,NA,NA,41.7954757,-71.4388718,Inaccurate,90.1463335729045,FALSE,FALSE
460,2021-08-12,856644,10:37:00,Bicycle,NA,1,1,Blackstone Bluv,Upton Ave,2021-08-12,"Two-Way , Not Divided",Dry,Daylight,Clear,Not a Collision Between Two Motor Vehicles in Transport,"Yes, M/V and Driver Left Scene",No Controls,2,1,Complains Of Pain,2,NA,NA,FALSE,FALSE,"Blackstone Bluv and Upton Ave, Providence, RI, USA",FALSE,-71.385763,41.8395728,intersection,geometric_center,"upton ave & blackstone blvd, providence, ri 02906, usa",NA,NA,NA,NA,41.8395728,-71.385763,Med High,NA,FALSE,FALSE
461,2021-08-12,856661,15:00:00,Pedestrian,1,NA,2,CAMP ST,DOYLE AVE,2021-08-12,"Two-Way , Not Divided",Dry,Daylight,Clear,Not a Collision Between Two Motor Vehicles in Transport,No,Stop Signs,4,0,No Injury,NA,41.83877,-71.4042,FALSE,FALSE,"Camp Street and Doyle Ave, Providence, RI, USA",FALSE,-71.4041467,41.8390678,intersection,geometric_center,"doyle & camp st, providence, ri 02906, usa",NA,NA,NA,NA,41.8390678,-71.4041467,Med High,33.44436633730623,FALSE,FALSE
462,2021-08-11,856619,19:39:00,Pedestrian,1,NA,1,MEMORIAL BLVD,FRACIS STREET,2021-08-11,"Two-Way, Divided, Positive Median Barrier",Dry,Dusk,Clear,Not a Collision Between Two Motor Vehicles in Transport,No,Traffic Control Signal,3,1,Non-Incapacitating,NA,41.82578,-71.41524,FALSE,FALSE,"Memorial Blvd and Fracis Street, Providence, RI, USA",FALSE,-71.4153098,41.8257791,intersection,geometric_center,"memorial blvd & francis st, providence, ri 02903, usa",NA,NA,NA,NA,41.8257791,-71.4153098,Med High,5.790959302291204,FALSE,FALSE
463,2021-08-11,856622,21:09:00,Pedestrian,1,NA,1,ADELAIDE AVE,BROAD ST,2021-08-11,"Two-Way , Not Divided",Dry,Dark - Lighted,Clear,Not a Collision Between Two Motor Vehicles in Transport,"Yes, M/V and Driver Left Scene",No Controls,2,1,Non-Incapacitating,NA,41.79871,-71.41591,FALSE,FALSE,"Adelaide Ave and Broad Street, Providence, RI, USA",FALSE,-71.4154791,41.7988681,intersection,geometric_center,"adelaide ave & broad st, providence, ri 02905, usa",NA,NA,NA,NA,41.7988681,-71.4154791,Med High,39.85570489656887,FALSE,FALSE
464,2021-08-10,856563,13:46:00,Pedestrian,1,NA,1,CUSHING ST,BROOK STREET,2021-08-10,"Two-Way , Not Divided",Dry,Daylight,Clear,Head-On (Front - to - Front),No,Stop Signs,5,1,Complains Of Pain,2,41.83018,-71.39876,FALSE,FALSE,"Cushing Street and Brook Street, Providence, RI, USA",FALSE,-71.3997146,41.8301183,intersection,geometric_center,"cushing st & brook st, providence, ri 02906, usa",NA,NA,NA,NA,41.8301183,-71.3997146,Med High,79.4784974580737,FALSE,FALSE
465,2021-08-08,856518,20:43:00,Pedestrian,1,NA,1,24 MORNING STAR ROAD,NA,2021-08-08,"Two-Way , Not Divided",Dry,Dark - Lighted,Clear,Not a Collision Between Two Motor Vehicles in Transport,"Yes, M/V and Driver Left Scene",No Controls,1,1,Non-Incapacitating,NA,NA,NA,TRUE,TRUE,"24 Morning Star Road, Providence, RI, USA",FALSE,-71.4128343,41.8239891,locality,approximate,"providence, ri, usa",NA,NA,NA,NA,41.8239891,-71.4128343,High,NA,FALSE,FALSE
466,2021-08-07,856479,14:43:00,Pedestrian,1,NA,1,N MAIN ST,DOYLE AVE,2021-08-07,"Two-Way, Divided, Positive Median Barrier",Dry,Daylight,Clear,Not a Collision Between Two Motor Vehicles in Transport,"Yes, M/V and Driver Left Scene",Traffic Control Signal,1,1,Complains Of Pain,NA,41.83823,-71.40925,FALSE,FALSE,"N Main Street and Doyle Ave, Providence, RI, USA",FALSE,-71.4000972,41.8387695,route,geometric_center,"doyle ave, providence, ri 02906, usa","North Main Street & Doyle Ave, Providence, RI, USA",EjJOb3J0aCBNYWluIFN0cmVldCAmIERveWxlIEF2ZSwgUHJvdmlkZW5jZSwgUkksIFVTQSJmImQKFAoSCXf5vyseReSJETFnB8CyBmhQEhQKEgl3-b8rHkXkiRExZwfAsgZoUBoUChIJ-fpBPd5E5IkRX9etvg1cIz8aFAoSCTmA9zjfROSJEUS_S7ng1zRJIgoNQwfwGBUn0W_V,41.83836830000001,-71.4092249,41.83836830000001,-71.4092249,Med,15.535587065344513,FALSE,FALSE
467,2021-08-06,856439,09:38:00,Pedestrian,1,NA,1,775 Cranston Street,NA,2021-08-06,Unknown,Dry,Daylight,Clear,Other,No,No Controls,3,1,Complains Of Pain,NA,NA,NA,TRUE,TRUE,"775 Cranston Street, Providence, RI, USA",FALSE,-71.4391271,41.8042947,premise,rooftop,"775 cranston st, providence, ri 02907, usa",NA,NA,NA,NA,41.8042947,-71.4391271,High,NA,FALSE,FALSE
468,2021-08-03,856367,17:04:00,Bicycle,NA,1,1,Academy Ave,HEALTH AVE,2021-08-03,"Two-Way , Not Divided",Dry,Daylight,Clear,Head-On (Front - to - Front),No,No Controls,4,1,Complains Of Pain,NA,41.82778,-71.4438,FALSE,FALSE,"Academy Ave and Health Ave, Providence, RI, USA",FALSE,-71.4438011,41.827781,intersection,geometric_center,"health ave & academy ave, providence, ri 02908, usa",NA,NA,NA,NA,41.827781,-71.4438011,Med High,0.14393638814570228,FALSE,FALSE
469,2021-08-02,856314,21:10:00,Pedestrian,1,NA,1,BROAD ST,SACKETT ST,2021-08-02,"Two-Way , Not Divided",Dry,Dark - Lighted,Clear,Not a Collision Between Two Motor Vehicles in Transport,No,Traffic Control Signal,4,1,Fatal,NA,41.79614,-71.4121,FALSE,FALSE,"Broad Street and Sackett Street, Providence, RI, USA",FALSE,-71.4183646,41.7942259,route,geometric_center,"sackett st, providence, ri, usa","Broad Street & Sackett Street, Providence, RI, USA",EjJCcm9hZCBTdHJlZXQgJiBTYWNrZXR0IFN0cmVldCwgUHJvdmlkZW5jZSwgUkksIFVTQSJmImQKFAoSCWd7_VeJT-SJEYpZL4NwfcCcEhQKEglne_1XiU_kiRGKWS-DcH3AnBoUChIJg9591YxP5IkRLKLKk5hLCKMaFAoSCZdEqH6PT-SJEbKg-cvhkLFFIgoNIJfpGBXOX2_V,41.796176,-71.4121266,41.796176,-71.4121266,Med,4.575302343715075,FALSE,FALSE
470,2021-07-31,856204,13:04:00,Pedestrian,1,NA,1,FREMONT ST,IVES ST,2021-07-31,"Two-Way , Not Divided",Dry,Daylight,Clear,Not a Collision Between Two Motor Vehicles in Transport,No,Other,3,1,Non-Incapacitating,NA,41.82231,-71.39212,FALSE,FALSE,"Fremont Street and Ives Street, Providence, RI, USA",FALSE,-71.4128343,41.8239891,locality,approximate,"providence, ri, usa","Fremont Street & Ives Street, Providence, RI, USA",EjFGcmVtb250IFN0cmVldCAmIEl2ZXMgU3RyZWV0LCBQcm92aWRlbmNlLCBSSSwgVVNBImYiZAoUChIJ14AH6DBF5IkRBw-rWtmzpaISFAoSCdeAB-gwReSJEQcPq1rZs6WiGhQKEglHMAvnMEXkiRF8hcXvemvyVhoUChIJT4hqRDBF5IkRIYp7oG_dYMoiCg1VlO0YFZxuctU,41.8223189,-71.3920868,41.8223189,-71.3920868,Med,2.926953615413593,FALSE,FALSE
471,2021-07-31,856207,16:09:00,Other,NA,1,1,LOCKWOOD ST,HAYWARD ST,2021-07-31,Unknown,Dry,Daylight,Clear,Unknown,Unknown,Unknown,2,1,Complains Of Pain,NA,41.81473,-71.41935,FALSE,FALSE,"Lockwood Street and Hayward Street, Providence, RI, USA",FALSE,-71.41941779999999,41.8147559,intersection,geometric_center,"lockwood st & hayward st, providence, ri 02907, usa",NA,NA,NA,NA,41.8147559,-71.41941779999999,Med High,6.3210035221829335,TRUE,FALSE
472,2021-07-30,856179,20:55:00,Pedestrian,1,NA,1,Broad Street,FRICKER ST,2021-07-30,"Two-Way , Not Divided",Dry,Dark - Lighted,Clear,Not a Collision Between Two Motor Vehicles in Transport,No,No Controls,3,1,Complains Of Pain,NA,41.81478,-71.42094,FALSE,FALSE,"Broad Street and Fricker Street, Providence, RI, USA",FALSE,-71.42173,41.8165575,route,geometric_center,"fricker st, providence, ri, usa","Broad Street & Fricker Street, Providence, RI, USA",EjJCcm9hZCBTdHJlZXQgJiBGcmlja2VyIFN0cmVldCwgUHJvdmlkZW5jZSwgUkksIFVTQSJmImQKFAoSCcsO7ptxReSJEe1RgLr0NWTvEhQKEgnLDu6bcUXkiRHtUYC69DVk7xoUChIJg9591YxP5IkRLKLKk5hLCKMaFAoSCaG8FtZzReSJESAHFPqNHvDOIgoNcoXsGBU0FG7V,41.8153842,-71.42061559999999,41.8153842,-71.42061559999999,Med,72.44436297136141,FALSE,FALSE