row_number,crash_date,crash_report_id,crash_time,collision_type,count_pedestrian,count_bicycle,number_of_vehicles,street_or_highway,nearest_intersection,report_date,type_of_roadway,road_surface_condition,light_condition,weather_condition,manner_of_impact,hit_and_run,traffic_control,person_count,injury_count,most_serious_injury,number_of_lanes,lat_raw,lon_raw,has_st_number,is_intersection_null,address_sent_to_geocoder,is_address_blank,lon_api_first_try,lat_api_first_try,type,loctype,address_returned_by_geocoder,address_returned_by_autocomplete,place_ids_autocompleted,lat_api_second_try,lon_api_second_try,lat_api_best,lon_api_best,api_coord_conf,distance_btwn_coords_meters,scooter,wheel_chair
473,2021-07-24,855959,21:30:00,Bicycle,NA,1,1,CHALKSTONE AVE,SMITH ST,2021-07-24,"Two-Way , Not Divided",Dry,Dark - Lighted,Clear,Not a Collision Between Two Motor Vehicles in Transport,"Yes, M/V and Driver Left Scene",Traffic Control Signal,1,0,No Injury,NA,41.83521,-71.42565,FALSE,FALSE,"Chalkstone Ave and Smith Street, Providence, RI, USA",FALSE,-71.4256425,41.83522139999999,intersection,geometric_center,"chalkstone ave & smith st, providence, ri 02908, usa",NA,NA,NA,NA,41.83522139999999,-71.4256425,Med High,1.413300364710605,FALSE,FALSE
474,2021-07-23,855913,22:52:00,Pedestrian,1,NA,1,HARTFORD AVE,BODELL AVE,2021-07-23,"Two-Way, Divided, Unprotected (painted>4feet) Medium",Wet,Dark - Lighted,Clear,Not a Collision Between Two Motor Vehicles in Transport,"Yes, M/V and Driver Left Scene",Traffic Control Signal,1,1,Complains Of Pain,NA,41.81768,-71.45395,FALSE,FALSE,"Hartford Ave and Bodell Ave, Providence, RI, USA",FALSE,-71.4539423,41.81767929999999,intersection,geometric_center,"bodell ave & hartford ave, providence, ri 02909, usa",NA,NA,NA,NA,41.81767929999999,-71.4539423,Med High,0.6435510126342939,FALSE,FALSE
475,2021-07-21,855831,14:36:00,Bicycle,NA,1,1,Cranston St,POTTERS AVE,2021-07-21,"Two-Way, Divided, Positive Median Barrier",Dry,Daylight,Clear,Other,No,No Controls,5,1,Complains Of Pain,NA,41.80506,-71.43777,FALSE,FALSE,"Cranston Street and Potters Ave, Providence, RI, USA",FALSE,-71.43779049999999,41.8050672,intersection,geometric_center,"potters ave & cranston st, providence, ri 02909, usa",NA,NA,NA,NA,41.8050672,-71.43779049999999,Med High,1.8804445435906016,FALSE,FALSE
476,2021-07-18,855728,23:21:00,Pedestrian,1,NA,1,451 SMITH ST,CHALKSTONE AVE,2021-07-19,"Two-Way, Divided, Unprotected (painted>4feet) Medium",Dry,Dark - Lighted,Clear,Other,No,Traffic Control Signal,2,1,Fatal,NA,41.83531,-71.4259,TRUE,FALSE,"451 Smith Street, Providence, RI, USA",FALSE,-71.4260286,41.8354975,subpremise,rooftop,"451 smith st, providence, ri 02908, usa",NA,NA,NA,NA,41.8354975,-71.4260286,High,23.439774235679433,FALSE,FALSE
477,2021-07-16,855638,13:29:00,Pedestrian,1,NA,1,BRANCH AVE,OPPER ST,2021-07-16,"Two-Way, Divided, Unprotected (painted>4feet) Medium",Dry,Daylight,Clear,Not a Collision Between Two Motor Vehicles in Transport,No,Traffic Control Signal,2,1,Complains Of Pain,NA,41.85173,-71.42336,FALSE,FALSE,"Branch Ave and Opper Street, Providence, RI, USA",FALSE,-71.42336999999999,41.8517435,intersection,geometric_center,"opper st & branch ave, providence, ri 02904, usa",NA,NA,NA,NA,41.8517435,-71.42336999999999,Med High,1.7163924200980036,FALSE,FALSE
478,2021-07-16,855639,14:49:00,Pedestrian,1,1,2,BROAD ST,PEARL ST,2021-07-16,"Two-Way , Not Divided",Dry,Daylight,Clear,Not a Collision Between Two Motor Vehicles in Transport,"Yes, M/V and Driver Left Scene",No Controls,3,2,Incapacitating,NA,41.81475,-71.42095,FALSE,FALSE,"Broad Street and Pearl Street, Providence, RI, USA",FALSE,-71.4128343,41.8239891,locality,approximate,"providence, ri, usa","Broad Street & Pearl Street, Providence, RI, USA",EjBCcm9hZCBTdHJlZXQgJiBQZWFybCBTdHJlZXQsIFByb3ZpZGVuY2UsIFJJLCBVU0EiZiJkChQKEgk1O0-ncUXkiRHr2v1gzR_JJxIUChIJNTtPp3FF5IkR69r9YM0fyScaFAoSCYPefdWMT-SJESyiypOYSwijGhQKEgkNm4U0bkXkiRG6oe115UpVCiIKDYVt7BgVkQZu1Q,41.8147717,-71.4209647,41.8147717,-71.4209647,Med,2.7060560111306167,FALSE,FALSE
479,2021-07-16,855689,23:24:00,Bicycle,NA,1,1,PLAINFIELD ST,WEBSTER AVE,2021-07-17,"Two-Way , Not Divided",Dry,Dark - Lighted,Clear,Angle (Front - to - Side) Right Angle (Includes Broadside),No,Traffic Control Signal,5,1,Fatal,NA,41.81366,-71.45082,FALSE,FALSE,"Plainfield Street and Webster Ave, Providence, RI, USA",FALSE,-71.4507916,41.813667,intersection,geometric_center,"webster ave & plainfield st, providence, ri 02909, usa",NA,NA,NA,NA,41.813667,-71.4507916,Med High,2.4818056745283736,FALSE,FALSE
480,2021-07-14,855537,15:44:00,Pedestrian,1,NA,1,ARLINGTON AVE,IRVING AVE,2021-07-14,"Two-Way , Not Divided",Dry,Daylight,Clear,Not a Collision Between Two Motor Vehicles in Transport,"Yes, M/V and Driver Left Scene",No Controls,4,1,Incapacitating,NA,41.83169,-71.39327,FALSE,FALSE,"Arlington Ave and Irving Ave, Providence, RI, USA",FALSE,-71.3936154,41.8323355,intersection,geometric_center,"arlington ave & irving ave, providence, ri 02906, usa",NA,NA,NA,NA,41.8323355,-71.3936154,Med High,77.3573367374719,FALSE,FALSE
481,2021-07-14,855554,22:05:00,Bicycle,NA,1,1,99 KENNEDY PLAZA,DORRANCE ST,2021-07-14,"Two-Way , Not Divided",Dry,Dark - Lighted,Clear,Unknown,"Yes, M/V and Driver Left Scene",No Controls,1,1,Complains Of Pain,NA,41.82428,-71.41216,TRUE,FALSE,"99 Kennedy Plaza, Providence, RI, USA",FALSE,-71.4123453,41.8244292,premise,rooftop,"99 kennedy plaza, providence, ri 02903, usa",NA,NA,NA,NA,41.8244292,-71.4123453,High,22.63042940514715,FALSE,FALSE
482,2021-07-14,855555,22:50:00,Bicycle,NA,1,1,CRANSTON ST,DEXTER ST,2021-07-14,"Two-Way , Not Divided",Dry,Dark - Lighted,Clear,Unknown,"Yes, M/V and Driver Left Scene",No Controls,1,1,Non-Incapacitating,NA,41.81264,-71.42951,FALSE,FALSE,"Cranston Street and Dexter Street, Providence, RI, USA",FALSE,-71.429588,41.81260289999999,intersection,geometric_center,"cranston st & dexter st, providence, ri 02907, usa",NA,NA,NA,NA,41.81260289999999,-71.429588,Med High,7.677144944314699,FALSE,FALSE
483,2021-07-12,855448,20:36:00,Bicycle,NA,1,1,Broad St,Potters Ave,2021-07-12,"Two-Way , Not Divided",Dry,Dark - Lighted,Clear,Angle (Front - to - Side) Right Angle (Includes Broadside),No,Traffic Control Signal,2,1,Complains Of Pain,NA,41.80297,-71.41891,FALSE,FALSE,"Broad Street and Potters Ave, Providence, RI, USA",FALSE,-71.4218273,41.8021016,route,geometric_center,"potters ave, providence, ri, usa","Broad Street & Potters Ave, Providence, RI, USA",Ei9Ccm9hZCBTdHJlZXQgJiBQb3R0ZXJzIEF2ZSwgUHJvdmlkZW5jZSwgUkksIFVTQSJmImQKFAoSCauAkzl9ReSJEY3tO4gYhWQKEhQKEgmrgJM5fUXkiRGN7TuIGIVkChoUChIJg9591YxP5IkRLKLKk5hLCKMaFAoSCaWCY799ReSJERKc-8AFuCoEIgoNaqHqGBXTVm7V,41.80299300000001,-71.4189101,41.80299300000001,-71.4189101,Med,2.5603617365920543,FALSE,FALSE
484,2021-07-12,855449,19:43:00,Pedestrian,1,NA,1,BENEDICT ST,SORRENTO ST,2021-07-12,"Two-Way , Not Divided",Dry,Daylight,Cloudy,Not a Collision Between Two Motor Vehicles in Transport,"Yes, M/V and Driver Left Scene",No Controls,1,1,Complains Of Pain,NA,41.80607,-71.43881,FALSE,FALSE,"Benedict Street and Sorrento Street, Providence, RI, USA",FALSE,-71.43891529999999,41.8061355,intersection,geometric_center,"sorrento st & benedict st, providence, ri 02909, usa",NA,NA,NA,NA,41.8061355,-71.43891529999999,Med High,11.380266239479301,FALSE,FALSE
485,2021-07-11,855394,09:28:00,Bicycle,NA,1,1,LEDGE ST,CHARLES ST,2021-07-11,"Two-Way , Not Divided",Dry,Daylight,Cloudy,Not a Collision Between Two Motor Vehicles in Transport,"Yes, M/V and Driver Left Scene",No Controls,2,1,Complains Of Pain,NA,41.85325,-71.41996,FALSE,FALSE,"Ledge Street and Charles Street, Providence, RI, USA",FALSE,-71.42040209999999,41.8531487,intersection,geometric_center,"charles st & ledge st, providence, ri 02904, usa",NA,NA,NA,NA,41.8531487,-71.42040209999999,Med High,38.35291124144637,FALSE,FALSE
486,2021-07-10,855348,13:09:00,Pedestrian,1,NA,1,CRANSTON ST,ALTHEA ST,2021-07-10,"Two-Way , Not Divided",Dry,Daylight,Clear,Not a Collision Between Two Motor Vehicles in Transport,No,No Controls,2,1,Complains Of Pain,NA,41.80773,-71.43508,FALSE,FALSE,"Cranston Street and Althea Street, Providence, RI, USA",FALSE,-71.4350772,41.807752,intersection,geometric_center,"althea st & cranston st, providence, ri 02907, usa",NA,NA,NA,NA,41.807752,-71.4350772,Med High,2.460024503540409,FALSE,FALSE
487,2021-07-08,855272,18:50:00,Pedestrian,1,NA,1,HAWKINS ST,BRANCH AVE,2021-07-08,"Two-Way , Not Divided",Wet,Dusk,Rain,Not a Collision Between Two Motor Vehicles in Transport,No,Traffic Control Signal,4,1,Incapacitating,NA,41.8509,-71.42142,FALSE,FALSE,"Hawkins Street and Branch Ave, Providence, RI, USA",FALSE,-71.4214171,41.8509231,intersection,geometric_center,"hawkins st & branch ave, providence, ri 02904, usa",NA,NA,NA,NA,41.8509231,-71.4214171,Med High,2.582699272713118,FALSE,FALSE
488,2021-07-07,855195,01:06:00,Pedestrian,1,NA,1,Hartford Ave,Olneyville Sq,2021-07-07,One-Way Trafficway,Dry,Dark - Lighted,Clear,Not a Collision Between Two Motor Vehicles in Transport,"Yes, M/V and Driver Left Scene",No Controls,1,1,Complains Of Pain,NA,41.81673,-71.44427,FALSE,FALSE,"Hartford Ave and Olneyville Sq, Providence, RI, USA",FALSE,-71.4434849,41.8167835,route,geometric_center,"olneyville square, providence, ri 02909, usa",NA,NA,NA,NA,41.8167835,-71.4434849,Med,65.4069817372621,FALSE,FALSE
489,2021-07-06,855177,15:04:00,Bicycle,NA,1,1,CRANSTON ST,FRICKER ST,2021-07-06,"Two-Way , Not Divided",Dry,Daylight,Clear,Angle (Front - to - Side) Same Direction,No,No Controls,3,1,Complains Of Pain,2,41.81695,-71.4226,FALSE,FALSE,"Cranston Street and Fricker Street, Providence, RI, USA",FALSE,-71.42230959999999,41.817219,intersection,geometric_center,"cranston st & fricker st, providence, ri 02903, usa",NA,NA,NA,NA,41.817219,-71.42230959999999,Med High,38.433817555999184,FALSE,FALSE
490,2021-07-06,855180,17:54:00,Pedestrian,1,NA,1,ATWELLS AVE,JULIAN ST,2021-07-06,"Two-Way , Not Divided",Dry,Daylight,Cloudy,Not a Collision Between Two Motor Vehicles in Transport,No,No Controls,3,1,Non-Incapacitating,NA,41.82484,-71.44448,FALSE,FALSE,"Atwells Ave and Julian Street, Providence, RI, USA",FALSE,-71.4446179,41.8248635,intersection,geometric_center,"atwells ave & julian st, providence, ri 02909, usa",NA,NA,NA,NA,41.8248635,-71.4446179,Med High,11.73464114427199,FALSE,FALSE
491,2021-06-30,854967,16:59:00,Pedestrian,2,NA,1,ATWELLS AVE,WEEDEN ST,2021-06-30,"Two-Way , Not Divided",Dry,Daylight,Clear,Not a Collision Between Two Motor Vehicles in Transport,"Yes, M/V and Driver Left Scene",No Controls,3,1,Non-Incapacitating,NA,41.8234,-71.42431,FALSE,FALSE,"Atwells Ave and Weeden Street, Providence, RI, USA",FALSE,-71.424769,41.8234469,intersection,geometric_center,"weeden st & atwells ave, providence, ri 02903, usa",NA,NA,NA,NA,41.8234469,-71.424769,Med High,38.43291612623889,TRUE,FALSE
492,2021-06-29,854911,22:44:00,Bicycle,NA,1,1,Smith Street,Chalkstone Ave,2021-06-29,"Two-Way , Not Divided",Dry,Dark - Lighted,Clear,Not a Collision Between Two Motor Vehicles in Transport,"Yes, M/V and Driver Left Scene",Traffic Control Signal,1,1,Complains Of Pain,NA,41.83521,-71.42565,FALSE,FALSE,"Smith Street and Chalkstone Ave, Providence, RI, USA",FALSE,-71.4256425,41.83522139999999,intersection,geometric_center,"chalkstone ave & smith st, providence, ri 02908, usa",NA,NA,NA,NA,41.83522139999999,-71.4256425,Med High,1.413300364710605,FALSE,FALSE
493,2021-06-28,854829,10:53:00,Bicycle,NA,1,2,LENOX AVE,NIAGARA ST,2021-06-28,"Two-Way , Not Divided",Dry,Daylight,Clear,Not a Collision Between Two Motor Vehicles in Transport,No,Stop Signs,4,2,Incapacitating,NA,41.79732,-71.41793,FALSE,FALSE,"Lenox Ave and Niagara Street, Providence, RI, USA",FALSE,-71.41793059999999,41.7973363,intersection,geometric_center,"lenox ave & niagara st, providence, ri 02907, usa",NA,NA,NA,NA,41.7973363,-71.41793059999999,Med High,1.8151907891296513,FALSE,FALSE
494,2021-06-27,854775,01:00:00,Pedestrian,1,NA,1,POWER ST,POWER ST,2021-06-27,One-Way Trafficway,Dry,Dark - Lighted,Clear,Not a Collision Between Two Motor Vehicles in Transport,"Yes, M/V and Driver Left Scene",No Controls,3,0,Unknown,NA,41.82266,-71.40536,FALSE,FALSE,"Power Street and Power Street, Providence, RI, USA",FALSE,-71.3970049,41.8232025,route,geometric_center,"power st, providence, ri, usa",NA,NA,NA,NA,41.8232025,-71.3970049,Med,695.7341974724766,FALSE,FALSE
495,2021-06-24,854647,13:21:00,Pedestrian,1,NA,1,POTTERS AVE,BROAD ST,2021-06-24,"Two-Way , Not Divided",Dry,Daylight,Clear,Not a Collision Between Two Motor Vehicles in Transport,No,Traffic Control Signal,4,1,Non-Incapacitating,NA,41.80297,-71.41891,FALSE,FALSE,"Potters Ave and Broad Street, Providence, RI, USA",FALSE,-71.4189101,41.80299300000001,intersection,geometric_center,"potters ave & broad st, providence, ri 02905, usa",NA,NA,NA,NA,41.80299300000001,-71.4189101,Med High,2.5603617365920543,FALSE,FALSE
496,2021-06-23,854579,10:41:00,Bicycle,NA,1,1,IRVING AVE,BLACKSTONE BLVD,2021-06-23,"Two-Way, Divided, Positive Median Barrier",Dry,Daylight,Clear,Not a Collision Between Two Motor Vehicles in Transport,No,Pavement Markings,4,1,Incapacitating,NA,41.83413,-71.38419,FALSE,FALSE,"Irving Ave and Blackstone Blvd, Providence, RI, USA",FALSE,-71.3837393,41.8342209,intersection,geometric_center,"irving ave & blackstone blvd, providence, ri 02906, usa",NA,NA,NA,NA,41.8342209,-71.3837393,Med High,38.727186805792265,FALSE,FALSE
497,2021-06-23,854584,12:45:00,Pedestrian,1,NA,1,POTTERS AVE,ELMWOOD AVE,2021-06-23,"Two-Way , Not Divided",Dry,Daylight,Clear,Not a Collision Between Two Motor Vehicles in Transport,No,Traffic Control Signal,3,1,Incapacitating,NA,41.80151,-71.42635,FALSE,FALSE,"Potters Ave and Elmwood Ave, Providence, RI, USA",FALSE,-71.4263655,41.8015172,intersection,geometric_center,"potters ave & elmwood ave, providence, ri 02907, usa",NA,NA,NA,NA,41.8015172,-71.4263655,Med High,1.5155358547808577,FALSE,FALSE
498,2021-06-22,854527,06:27:00,Pedestrian,1,NA,1,PROMENADE ST,KINSLEY AVE,2021-06-22,"Two-Way , Not Divided",Dry,Daylight,Clear,Not a Collision Between Two Motor Vehicles in Transport,No,Stop Signs,2,1,Complains Of Pain,NA,41.82937,-71.4241,FALSE,FALSE,"Promenade Street and Kinsley Ave, Providence, RI, USA",FALSE,-71.4231696,41.8292321,intersection,geometric_center,"promenade st & kinsley ave, providence, ri 02908, usa",NA,NA,NA,NA,41.8292321,-71.4231696,Med High,78.68679831553025,FALSE,FALSE
499,2021-06-22,854593,14:03:00,Pedestrian,1,NA,1,ABBOTT ST,ROYAL ST,2021-06-23,One-Way Trafficway,Wet,Daylight,Rain,Not a Collision Between Two Motor Vehicles in Transport,No,No Controls,2,1,Complains Of Pain,NA,41.81911,-71.3893,FALSE,FALSE,"Abbott Street and Royal Street, Providence, RI, USA",FALSE,-71.4056432,41.8434195,route,geometric_center,"royal st, providence, ri 02906, usa",NA,NA,NA,NA,41.8434195,-71.4056432,Med,3026.6697106230845,FALSE,FALSE
500,2021-06-18,854337,02:10:00,Pedestrian,1,NA,1,51 Silver Spring Street,Charles Street,2021-06-18,Unknown,Dry,Dark - Lighted,Clear,Not a Collision Between Two Motor Vehicles in Transport,"Yes, M/V and Driver Left Scene",No Controls,1,1,Incapacitating,NA,41.84501,-71.41842,TRUE,FALSE,"51 Silver Spring Street, Providence, RI, USA",FALSE,-71.4166633,41.8454522,premise,rooftop,"51 silver spring st, providence, ri 02904, usa",NA,NA,NA,NA,41.8454522,-71.4166633,High,153.77059544149952,FALSE,FALSE
501,2021-06-18,854356,20:06:00,Pedestrian,1,NA,1,FRANCIS ST,AMERICAN EXPRESS PLZ,2021-06-18,"Two-Way , Not Divided",Dry,Dark - Lighted,Clear,Head-On (Front - to - Front),"Yes, M/V and Driver Left Scene",No Controls,1,1,Complains Of Pain,NA,41.82745,-71.41541,FALSE,FALSE,"Francis Street and American Express Plz, Providence, RI, USA",FALSE,-71.4128343,41.8239891,locality,approximate,"providence, ri, usa",NA,NA,NA,NA,41.8239891,-71.4128343,Med,440.5459489815115,FALSE,FALSE
502,2021-06-18,854362,23:05:00,Pedestrian,1,NA,1,Broad Street,Fricker Street,2021-06-18,"Two-Way , Not Divided",Dry,Dark - Lighted,Clear,Not a Collision Between Two Motor Vehicles in Transport,"Yes, M/V and Driver Left Scene",No Controls,1,1,Complains Of Pain,NA,41.81528,-71.42066,FALSE,FALSE,"Broad Street and Fricker Street, Providence, RI, USA",FALSE,-71.42173,41.8165575,route,geometric_center,"fricker st, providence, ri, usa","Broad Street & Fricker Street, Providence, RI, USA",EjJCcm9hZCBTdHJlZXQgJiBGcmlja2VyIFN0cmVldCwgUHJvdmlkZW5jZSwgUkksIFVTQSJmImQKFAoSCcsO7ptxReSJEe1RgLr0NWTvEhQKEgnLDu6bcUXkiRHtUYC69DVk7xoUChIJg9591YxP5IkRLKLKk5hLCKMaFAoSCaG8FtZzReSJESAHFPqNHvDOIgoNcoXsGBU0FG7V,41.8153842,-71.42061559999999,41.8153842,-71.42061559999999,Med,12.170366235721222,FALSE,FALSE
503,2021-06-14,854220,15:06:00,Pedestrian,1,NA,1,River Ave.,Smith St.,2021-06-14,"Two-Way , Not Divided",Wet,Daylight,Rain,Not a Collision Between Two Motor Vehicles in Transport,No,Traffic Control Signal,2,1,Complains Of Pain,NA,41.84058,-71.44055,FALSE,FALSE,"River Ave. and Smith St., Providence, RI, USA",FALSE,-71.44058749999999,41.8406638,intersection,geometric_center,"river ave & smith st, providence, ri 02908, usa",NA,NA,NA,NA,41.8406638,-71.44058749999999,Med High,9.833330656102067,FALSE,FALSE
504,2021-06-12,854148,22:48:00,Pedestrian,1,NA,1,Broad Street,Stewart Street,2021-06-12,"Two-Way , Not Divided",Dry,Dark - Lighted,Clear,Not a Collision Between Two Motor Vehicles in Transport,"Yes, M/V and Driver Left Scene",Traffic Control Signal,1,1,Complains Of Pain,NA,41.81692,-71.41795,FALSE,FALSE,"Broad Street and Stewart Street, Providence, RI, USA",FALSE,-71.4178923,41.8169459,route,geometric_center,"stewart st, providence, ri 02903, usa","Broad Street & Stewart Street, Providence, RI, USA",EjJCcm9hZCBTdHJlZXQgJiBTdGV3YXJ0IFN0cmVldCwgUHJvdmlkZW5jZSwgUkksIFVTQSJmImQKFAoSCXFyFvVtReSJEfHpf-l8DP4KEhQKEglxchb1bUXkiRHx6X_pfAz-ChoUChIJg9591YxP5IkRLKLKk5hLCKMaFAoSCTcC0IxtReSJEWSrw6cSaSzgIgoNc8LsGBWVfm7V,41.8169459,-71.41789229999999,41.8169459,-71.41789229999999,Med,5.588231094641271,FALSE,FALSE
505,2021-06-08,853952,19:13:00,Bicycle,NA,1,1,CHAFFEE ST,BAILEY CT,2021-06-08,"Two-Way , Not Divided",Dry,Daylight,Clear,Not a Collision Between Two Motor Vehicles in Transport,No,No Controls,2,1,Non-Incapacitating,NA,41.81931,-71.44445,FALSE,FALSE,"Chaffee Street and Bailey Ct, Providence, RI, USA",FALSE,-71.44440540000001,41.8193356,intersection,geometric_center,"bailey ct & chaffee st, providence, ri 02909, usa",NA,NA,NA,NA,41.8193356,-71.44440540000001,Med High,4.670297880763357,FALSE,FALSE
506,2021-06-06,853801,01:53:00,Pedestrian,1,NA,1,SILVER SPRING ST,CHARLES ST,2021-06-06,"Two-Way, Not Divided With a Continuous Left Turn Lane",Dry,Dark - Lighted,Clear,Not a Collision Between Two Motor Vehicles in Transport,"Yes, M/V and Driver Left Scene",Traffic Control Signal,3,1,Complains Of Pain,NA,41.84501,-71.41842,FALSE,FALSE,"Silver Spring Street and Charles Street, Providence, RI, USA",FALSE,-71.41870639999999,41.8448189,intersection,geometric_center,"silver spring st & charles st, providence, ri 02904, usa",NA,NA,NA,NA,41.8448189,-71.41870639999999,Med High,31.88470887281372,FALSE,FALSE
507,2021-06-05,853749,06:29:00,Pedestrian,2,NA,1,CRANSTON ST,POTTERS AVE,2021-06-05,"Two-Way, Divided, Unprotected (painted>4feet) Medium",Dry,Daylight,Clear,Not a Collision Between Two Motor Vehicles in Transport,"Yes, Driver Left Scene",No Controls,3,2,Incapacitating,2,41.80471,-71.43816,FALSE,FALSE,"Cranston Street and Potters Ave, Providence, RI, USA",FALSE,-71.43779049999999,41.8050672,intersection,geometric_center,"potters ave & cranston st, providence, ri 02909, usa",NA,NA,NA,NA,41.8050672,-71.43779049999999,Med High,50.21173316741909,FALSE,FALSE
508,2021-06-03,853666,18:36:00,Pedestrian,1,NA,1,ROSEDALE ST,MESSER ST,2021-06-03,"Two-Way , Not Divided",Dry,Daylight,Clear,Not a Collision Between Two Motor Vehicles in Transport,No,No Controls,4,0,No Injury,NA,41.81038,-71.4356,FALSE,FALSE,"Rosedale Street and Messer Street, Providence, RI, USA",FALSE,-71.435204,41.8103679,intersection,geometric_center,"rosedale st & messer st, providence, ri 02909, usa",NA,NA,NA,NA,41.8103679,-71.435204,Med High,32.884736513048956,FALSE,FALSE
509,2021-06-02,853631,14:26:00,Pedestrian,1,NA,1,MANTON AVE,OLNEYVILLE SQ,2021-06-02,"Two-Way, Divided, Positive Median Barrier",Dry,Daylight,Clear,Not a Collision Between Two Motor Vehicles in Transport,"Yes, M/V and Driver Left Scene",Pavement Markings,2,1,Complains Of Pain,NA,41.81677,-71.44322,FALSE,FALSE,"Manton Ave and Olneyville Sq, Providence, RI, USA",FALSE,-71.4434849,41.8167835,route,geometric_center,"olneyville square, providence, ri 02909, usa",NA,NA,NA,NA,41.8167835,-71.4434849,Med,22.028559154451063,FALSE,TRUE
510,2021-06-02,853644,16:31:00,Bicycle,NA,1,1,BROADWAY,WESTMINSTER ST,2021-06-02,"Two-Way , Not Divided",Dry,Daylight,Clear,"Sideswipe, Same Direction",No,No Controls,2,1,Complains Of Pain,NA,41.81663,-71.44201,FALSE,FALSE,"Broadway and Westminster Street, Providence, RI, USA",FALSE,-71.4257801,41.8171825,route,geometric_center,"westminster st, providence, ri, usa","Broadway & Westminster Street, Providence, RI, USA",EjJCcm9hZHdheSAmIFdlc3RtaW5zdGVyIFN0cmVldCwgUHJvdmlkZW5jZSwgUkksIFVTQSJmImQKFAoSCWVkWJyaReSJEbYjTHSaP1XMEhQKEgllZFicmkXkiRG2I0x0mj9VzBoUChIJpbXlhnVF5IkRGsIzsdekb7MaFAoSCf17EuZ0ReSJEcWGNOX-huwAIgoNcrbsGBWV3mrV,41.8166386,-71.44164909999999,41.8166386,-71.44164909999999,Med,29.95717595674219,FALSE,FALSE
511,2021-05-30,853479,00:19:00,Pedestrian,1,NA,1,Francis Street,Fountain Street,2021-05-30,"Two-Way , Not Divided",Wet,Dark - Lighted,Clear,Not a Collision Between Two Motor Vehicles in Transport,"Yes, M/V and Driver Left Scene",Traffic Control Signal,2,1,Incapacitating,NA,41.82492,-71.41462,FALSE,FALSE,"Francis Street and Fountain Street, Providence, RI, USA",FALSE,-71.4161507,41.8232429,route,geometric_center,"fountain st, providence, ri, usa","Francis Street & Fountain Street, Scranton, SC, USA",EjNGcmFuY2lzIFN0cmVldCAmIEZvdW50YWluIFN0cmVldCwgU2NyYW50b24sIFNDLCBVU0EiZiJkChQKEgmPjDUaT43_iBHX2ZixABOeIhIUChIJj4w1Gk-N_4gR19mYsQATniIaFAoSCVsPCwRPjf-IETFRxLfMAKuHGhQKEgl1IOXmTo3_iBHC06S-p07haSIKDftsNxQV_UZ30A,33.9176699,-79.7489411,33.9176699,-79.7489411,Med,1143864.2401048779,FALSE,FALSE
512,2021-05-27,853375,10:44:00,Pedestrian,1,NA,1,SMITH ST,ORMS ST,2021-05-27,"Two-Way , Not Divided",Dry,Daylight,Clear,Other,No,Traffic Control Signal,3,1,Complains Of Pain,NA,41.8338,-71.42207,FALSE,FALSE,"Smith Street and Orms Street, Providence, RI, USA",FALSE,-71.4219437,41.8337775,intersection,geometric_center,"orms st & smith st, providence, ri 02904, usa",NA,NA,NA,NA,41.8337775,-71.4219437,Med High,10.770875413439384,FALSE,FALSE
513,2021-05-27,853381,09:08:00,Bicycle,NA,1,1,Ledge St,Silver Spring St,2021-05-27,"Two-Way , Not Divided",Dry,Daylight,Clear,Not a Collision Between Two Motor Vehicles in Transport,No,Stop Signs,5,1,Complains Of Pain,2,NA,NA,FALSE,FALSE,"Ledge Street and Silver Spring Street, Providence, RI, USA",FALSE,-71.412629,41.8531992,intersection,geometric_center,"silver spring st & ledge st, providence, ri 02904, usa",NA,NA,NA,NA,41.8531992,-71.412629,Med High,NA,FALSE,FALSE
514,2021-05-25,853318,16:07:00,Pedestrian,1,NA,1,WASHINGTON ST,EDDY ST,2021-05-25,"Two-Way , Not Divided",Dry,Daylight,Clear,Not a Collision Between Two Motor Vehicles in Transport,No,Pavement Markings,2,1,Non-Incapacitating,NA,41.82401,-71.4134,FALSE,FALSE,"Washington Street and Eddy Street, Providence, RI, USA",FALSE,-71.4072274,41.8059506,route,geometric_center,"eddy st, providence, ri, usa","Washington Street & Eddy Street, Providence, RI, USA",EjRXYXNoaW5ndG9uIFN0cmVldCAmIEVkZHkgU3RyZWV0LCBQcm92aWRlbmNlLCBSSSwgVVNBImYiZAoUChIJYTKH6BNF5IkR5kp7LeyaeroSFAoSCWEyh-gTReSJEeZKey3smnq6GhQKEgmp2s2cEkXkiREaB9CWoxI09hoUChIJO0x4GWdF5IkRbcddUVrUSsgiCg1e1-0YFXYtb9U,41.82403499999999,-71.41341539999999,41.82403499999999,-71.41341539999999,Med,3.0621949692118475,FALSE,FALSE
515,2021-05-24,853281,14:41:00,Bicycle,NA,1,1,CAMP ST,DOYLE AVE,2021-05-24,"Two-Way , Not Divided",Dry,Daylight,Clear,Not a Collision Between Two Motor Vehicles in Transport,No,Stop Signs,2,1,Complains Of Pain,NA,41.8388,-71.40419,FALSE,FALSE,"Camp Street and Doyle Ave, Providence, RI, USA",FALSE,-71.4041467,41.8390678,intersection,geometric_center,"doyle & camp st, providence, ri 02906, usa",NA,NA,NA,NA,41.8390678,-71.4041467,Med High,30.026875222556434,FALSE,FALSE