row_number,crash_date,crash_report_id,crash_time,collision_type,count_pedestrian,count_bicycle,number_of_vehicles,street_or_highway,nearest_intersection,report_date,type_of_roadway,road_surface_condition,light_condition,weather_condition,manner_of_impact,hit_and_run,traffic_control,person_count,injury_count,most_serious_injury,number_of_lanes,lat_raw,lon_raw,has_st_number,is_intersection_null,address_sent_to_geocoder,is_address_blank,lon_api_first_try,lat_api_first_try,type,loctype,address_returned_by_geocoder,address_returned_by_autocomplete,place_ids_autocompleted,lat_api_second_try,lon_api_second_try,lat_api_best,lon_api_best,api_coord_conf,distance_btwn_coords_meters,scooter,wheel_chair
516,2021-05-24,853283,16:23:00,Pedestrian,1,NA,1,N MAIN ST,DOYLE AVE,2021-05-24,"Two-Way , Not Divided",Dry,Daylight,Clear,Not a Collision Between Two Motor Vehicles in Transport,No,Traffic Control Signal,2,1,Complains Of Pain,NA,41.83835,-71.40923,FALSE,FALSE,"N Main Street and Doyle Ave, Providence, RI, USA",FALSE,-71.4000972,41.8387695,route,geometric_center,"doyle ave, providence, ri 02906, usa","North Main Street & Doyle Ave, Providence, RI, USA",EjJOb3J0aCBNYWluIFN0cmVldCAmIERveWxlIEF2ZSwgUHJvdmlkZW5jZSwgUkksIFVTQSJmImQKFAoSCXf5vyseReSJETFnB8CyBmhQEhQKEgl3-b8rHkXkiRExZwfAsgZoUBoUChIJ-fpBPd5E5IkRX9etvg1cIz8aFAoSCTmA9zjfROSJEUS_S7ng1zRJIgoNQwfwGBUn0W_V,41.83836830000001,-71.4092249,41.83836830000001,-71.4092249,Med,2.0805947786513452,TRUE,FALSE
517,2021-05-20,853093,14:56:00,Pedestrian,1,NA,1,CLARENCE ST,WEBSTER AVE,2021-05-20,"Two-Way , Not Divided",Dry,Daylight,Clear,Not a Collision Between Two Motor Vehicles in Transport,No,Pavement Markings,3,1,Complains Of Pain,NA,41.80999,-71.44906,FALSE,FALSE,"Clarence Street and Webster Ave, Providence, RI, USA",FALSE,-71.4490339,41.809996,intersection,geometric_center,"clarence st & webster ave, providence, ri 02909, usa",NA,NA,NA,NA,41.809996,-71.4490339,Med High,2.266257611853511,FALSE,FALSE
518,2021-05-20,853135,19:54:00,Pedestrian,1,NA,1,Houghton St,Veazie St,2021-05-20,"Two-Way , Not Divided",Dry,Daylight,Clear,Not a Collision Between Two Motor Vehicles in Transport,"Yes, M/V and Driver Left Scene",No Controls,1,1,Non-Incapacitating,NA,41.85651,-71.43483,FALSE,FALSE,"Houghton Street and Veazie Street, Providence, RI, USA",FALSE,-71.43417,41.8561992,intersection,geometric_center,"houghton st & veazie st, providence, ri 02904, usa",NA,NA,NA,NA,41.8561992,-71.43417,Med High,64.74247723170511,FALSE,FALSE
519,2021-05-16,852911,13:14:00,Pedestrian,1,NA,1,325 VALLEY ST,TURNER ST,2021-05-16,"Two-Way , Not Divided",Dry,Daylight,Cloudy,Not a Collision Between Two Motor Vehicles in Transport,No,No Controls,3,1,Complains Of Pain,NA,41.82588,-71.43896,TRUE,FALSE,"325 Valley Street, Providence, RI, USA",FALSE,-71.4379021,41.8259072,premise,rooftop,"325 valley st, providence, ri 02908, usa",NA,NA,NA,NA,41.8259072,-71.4379021,High,87.80763711456224,FALSE,FALSE
520,2021-05-15,852927,19:44:00,Pedestrian,1,NA,1,Lowell Ave,NYE ST,2021-05-16,"Two-Way , Not Divided",Dry,Dark - Lighted,Clear,Not a Collision Between Two Motor Vehicles in Transport,"Yes, M/V and Driver Left Scene",No Controls,2,0,No Injury,NA,41.81648,-71.46019,FALSE,FALSE,"Lowell Ave and Nye Street, Providence, RI, USA",FALSE,-71.460381,41.81702800000001,intersection,geometric_center,"nye st & lowell ave, providence, ri 02909, usa",NA,NA,NA,NA,41.81702800000001,-71.460381,Med High,63.027592374829226,FALSE,FALSE
521,2021-05-12,851670,15:26:00,Bicycle,NA,1,1,Manton ave,TANYARD LN,2021-05-12,"Two-Way, Divided, Unprotected (painted>4feet) Medium",Dry,Daylight,Clear,"Sideswipe, Same Direction",No,No Controls,3,1,Complains Of Pain,NA,41.81729,-71.44379,FALSE,FALSE,"Manton Ave and Tanyard Ln, Providence, RI, USA",FALSE,-71.4440975,41.81754189999999,intersection,geometric_center,"tanyard ln & manton ave, providence, ri 02909, usa",NA,NA,NA,NA,41.81754189999999,-71.4440975,Med High,37.909674585486734,FALSE,FALSE
522,2021-05-11,851603,15:58:00,Pedestrian,1,NA,1,SORRENTO ST,WADSWORTH ST,2021-05-11,"Two-Way , Not Divided",Dry,Daylight,Clear,Not a Collision Between Two Motor Vehicles in Transport,No,No Controls,2,1,Complains Of Pain,NA,41.80663,-71.43846,FALSE,FALSE,"Sorrento Street and Wadsworth Street, Providence, RI, USA",FALSE,-71.4384539,41.806629,intersection,geometric_center,"sorrento st & wadsworth st, providence, ri 02909, usa",NA,NA,NA,NA,41.806629,-71.4384539,Med High,0.5182588959554247,FALSE,TRUE
523,2021-05-10,851513,14:07:00,Pedestrian,1,NA,1,POTTERS AVE,BROAD ST,2021-05-10,"Two-Way , Not Divided",Dry,Daylight,Clear,Not a Collision Between Two Motor Vehicles in Transport,No,Traffic Control Signal,2,0,No Injury,NA,41.80297,-71.41891,FALSE,FALSE,"Potters Ave and Broad Street, Providence, RI, USA",FALSE,-71.4189101,41.80299300000001,intersection,geometric_center,"potters ave & broad st, providence, ri 02905, usa",NA,NA,NA,NA,41.80299300000001,-71.4189101,Med High,2.5603617365920543,FALSE,FALSE
524,2021-05-10,851564,17:00:00,Bicycle,1,NA,1,MERINO ST,EASTWOOD AVE,2021-05-11,"Two-Way , Not Divided",Dry,Daylight,Clear,Angle (Front - to - Side) Right Angle (Includes Broadside),"Yes, M/V and Driver Left Scene",No Controls,2,1,Complains Of Pain,NA,41.81504,-71.45787,FALSE,FALSE,"Merino Street and Eastwood Ave, Providence, RI, USA",FALSE,-71.4578779,41.815075,intersection,geometric_center,"merino st & eastwood ave, providence, ri 02909, usa",NA,NA,NA,NA,41.815075,-71.4578779,Med High,3.9509278809108523,FALSE,FALSE
525,2021-05-09,851493,23:00:00,Pedestrian,2,NA,1,160 Benedict St,CRANSTON ST,2021-05-10,Unknown,Wet,Dark - Lighted,Rain,Not a Collision Between Two Motor Vehicles in Transport,"Yes, M/V and Driver Left Scene",No Controls,2,2,Complains Of Pain,NA,41.80585,-71.43835,TRUE,FALSE,"160 Benedict Street, Providence, RI, USA",FALSE,-71.4392845,41.8059127,premise,rooftop,"160 benedict st, providence, ri 02909, usa",NA,NA,NA,NA,41.8059127,-71.4392845,High,77.85679903163812,FALSE,FALSE
526,2021-05-06,851187,08:12:00,Other,NA,NA,1,POCASSET AVE,LOWELL AVE,2021-05-06,"Two-Way , Not Divided",Dry,Daylight,Clear,Not a Collision Between Two Motor Vehicles in Transport,No,Stop Signs,2,1,Non-Incapacitating,NA,41.80976,-71.45478,FALSE,FALSE,"Pocasset Ave and Lowell Ave, Providence, RI, USA",FALSE,-71.454773,41.809757,intersection,geometric_center,"pocasset ave & lowell ave, providence, ri 02909, usa",NA,NA,NA,NA,41.809757,-71.454773,Med High,0.6699796187441777,TRUE,FALSE
527,2021-05-05,851151,17:10:00,Pedestrian,1,NA,1,BROADWAY,EMPIRE ST,2021-05-05,"Two-Way , Not Divided",Wet,Daylight,Rain,Not a Collision Between Two Motor Vehicles in Transport,No,Pavement Markings,2,1,Complains Of Pain,NA,41.82257,-71.41747,FALSE,FALSE,"Broadway and Empire Street, Providence, RI, USA",FALSE,-71.4157797,41.821349,route,geometric_center,"empire st, providence, ri 02903, usa","Broadway & Empire Street, Providence, RI, USA",Ei1Ccm9hZHdheSAmIEVtcGlyZSBTdHJlZXQsIFByb3ZpZGVuY2UsIFJJLCBVU0EiZiJkChQKEglNlP-DEkXkiRHtQ_ofNG0sSxIUChIJTZT_gxJF5IkR7UP6HzRtLEsaFAoSCaW15YZ1ReSJERrCM7HXpG-zGhQKEgnHPO_pEkXkiRGhxI4iuiomFSIKDV6l7RgVloNu1Q,41.822755,-71.4177642,41.822755,-71.4177642,Med,31.93372190252782,FALSE,FALSE
528,2021-05-04,851034,09:13:00,Pedestrian,1,NA,1,35 TERMINAL RD,NA,2021-05-04,"Two-Way , Not Divided",Wet,Daylight,Rain,Not a Collision Between Two Motor Vehicles in Transport,No,No Controls,2,1,Complains Of Pain,NA,NA,NA,TRUE,TRUE,"35 Terminal Rd, Providence, RI, USA",FALSE,-71.38900129999999,41.7966332,premise,rooftop,"35 terminal rd, providence, ri 02905, usa",NA,NA,NA,NA,41.7966332,-71.38900129999999,High,NA,FALSE,FALSE
529,2021-05-04,851049,13:28:00,Pedestrian,1,NA,1,601 N Main St,NA,2021-05-04,"Two-Way , Not Divided",Dry,Daylight,Cloudy,Not a Collision Between Two Motor Vehicles in Transport,"Yes, M/V and Driver Left Scene",No Controls,1,1,Complains Of Pain,NA,NA,NA,TRUE,TRUE,"601 N Main Street, Providence, RI, USA",FALSE,-71.40832139999999,41.83723930000001,subpremise,rooftop,"601 n main st, providence, ri 02904, usa",NA,NA,NA,NA,41.83723930000001,-71.40832139999999,High,NA,FALSE,FALSE
530,2021-05-04,851095,20:59:00,Pedestrian,1,NA,1,ATWELLS AVE AT DEAN ST,DEAN ST,2021-05-04,"Two-Way , Not Divided",Dry,Dark - Lighted,Clear,Not a Collision Between Two Motor Vehicles in Transport,No,Traffic Control Signal,3,1,Incapacitating,NA,41.82339,-71.4242,FALSE,FALSE,"Atwells Ave At Dean Street and Dean Street, Providence, RI, USA",FALSE,-71.4363598,41.8244829,route,geometric_center,"atwells ave, providence, ri, usa",NA,NA,NA,NA,41.8244829,-71.4363598,Med,1016.0265234427578,FALSE,FALSE
531,2021-04-27,850500,14:24:00,Bicycle,NA,1,1,VALLEY ST,HEMLOCK ST,2021-04-27,"Two-Way , Not Divided",Dry,Daylight,Clear,Angle (Front - to - Side) Right Angle (Includes Broadside),No,Stop Signs,3,1,Complains Of Pain,NA,41.83044,-71.43051,FALSE,FALSE,"Valley Street and Hemlock Street, Providence, RI, USA",FALSE,-71.4304933,41.8304583,intersection,geometric_center,"valley st & hemlock st, providence, ri 02908, usa",NA,NA,NA,NA,41.8304583,-71.4304933,Med High,2.4634867179587663,FALSE,FALSE
532,2021-04-24,850317,14:30:00,Pedestrian,2,NA,1,WAVERLY ST,KENWOOD ST,2021-04-24,"Two-Way , Not Divided",Dry,Daylight,Clear,Not a Collision Between Two Motor Vehicles in Transport,No,No Controls,4,1,Non-Incapacitating,2,41.80888,-71.43569,FALSE,FALSE,"Waverly Street and Kenwood Street, Providence, RI, USA",FALSE,-71.4354099,41.8087389,intersection,geometric_center,"kenwood st & waverly st, providence, ri 02907, usa",NA,NA,NA,NA,41.8087389,-71.4354099,Med High,28.05117114925642,FALSE,FALSE
533,2021-04-22,850258,12:39:00,Pedestrian,1,NA,1,LISI LN,LANGDON ST,2021-04-22,"Two-Way , Not Divided",Dry,Daylight,Clear,Not a Collision Between Two Motor Vehicles in Transport,No,No Controls,3,1,Complains Of Pain,NA,41.85832,-71.42405,FALSE,FALSE,"Lisi Ln and Langdon Street, Providence, RI, USA",FALSE,-71.4243999,41.858299,intersection,geometric_center,"langdon st & lisi ln, providence, ri 02904, usa",NA,NA,NA,NA,41.858299,-71.4243999,Med High,29.104404238852517,FALSE,FALSE
534,2021-04-20,850109,14:43:00,Pedestrian,1,NA,1,DEXTER ST,CRANSTON ST,2021-04-20,"Two-Way , Not Divided",Dry,Daylight,Clear,Not a Collision Between Two Motor Vehicles in Transport,No,No Controls,2,1,Non-Incapacitating,NA,41.81267,-71.42962,FALSE,FALSE,"Dexter Street and Cranston Street, Providence, RI, USA",FALSE,-71.429588,41.81260289999999,intersection,geometric_center,"cranston st & dexter st, providence, ri 02907, usa",NA,NA,NA,NA,41.81260289999999,-71.429588,Med High,7.927368547499434,FALSE,FALSE
535,2021-04-20,850123,12:19:00,Bicycle,NA,1,1,5 BRANCH AVE,DRYDEN LN,2021-04-20,"Two-Way , Not Divided",Dry,Daylight,Clear,Not a Collision Between Two Motor Vehicles in Transport,No,No Controls,3,0,No Injury,2,41.84252,-71.4083,TRUE,FALSE,"5 Branch Ave, Providence, RI, USA",FALSE,-71.4074401,41.8438087,premise,rooftop,"5 branch ave, providence, ri 02904, usa",NA,NA,NA,NA,41.8438087,-71.4074401,High,160.20416761682318,FALSE,FALSE
536,2021-04-15,849775,11:25:00,Pedestrian,1,NA,1,BLACKSTONE ST,EDDY ST,2021-04-15,"Two-Way , Not Divided",Dry,Daylight,Cloudy,Not a Collision Between Two Motor Vehicles in Transport,No,No Controls,2,1,Complains Of Pain,NA,41.81013,-71.40722,FALSE,FALSE,"Blackstone Street and Eddy Street, Providence, RI, USA",FALSE,-71.4072137,41.8101324,intersection,geometric_center,"eddy st & blackstone st, providence, ri 02905, usa",NA,NA,NA,NA,41.8101324,-71.4072137,Med High,0.5870467559816289,FALSE,FALSE
537,2021-04-15,849821,15:25:00,Pedestrian,1,NA,1,PUBLIC ST,BROAD ST,2021-04-16,"Two-Way , Not Divided",Dry,Daylight,Cloudy,Not a Collision Between Two Motor Vehicles in Transport,"Yes, M/V and Driver Left Scene",No Controls,1,1,Complains Of Pain,NA,41.80442,-71.41935,FALSE,FALSE,"Public Street and Broad Street, Providence, RI, USA",FALSE,-71.41935959999999,41.804449,intersection,geometric_center,"public st & broad st, providence, ri 02907, usa",NA,NA,NA,NA,41.804449,-71.41935959999999,Med High,3.325099214272177,FALSE,FALSE
538,2021-04-14,849748,16:05:00,Bicycle,NA,1,1,CLEVELAND ST,LAUREL HILL AVE,2021-04-14,"Two-Way , Not Divided",Dry,Daylight,Clear,Not a Collision Between Two Motor Vehicles in Transport,No,No Controls,2,1,Non-Incapacitating,NA,41.81587,-71.45588,FALSE,FALSE,"Cleveland Street and Laurel Hill Ave, Providence, RI, USA",FALSE,-71.4525408,41.8067975,route,geometric_center,"laurel hill ave, providence, ri, usa","Cleveland Street & Laurel Hill Ave, Providence, RI, USA",EjdDbGV2ZWxhbmQgU3RyZWV0ICYgTGF1cmVsIEhpbGwgQXZlLCBQcm92aWRlbmNlLCBSSSwgVVNBImYiZAoUChIJ6x3x7fJF5IkRFnjfh3XZW_4SFAoSCesd8e3yReSJERZ434d12Vv-GhQKEgl1fnvx8kXkiRF-PztRmLLdUxoUChIJTVmu419P5IkR25zSrPUIG04iCg2AmOwYFbqyaNU,41.815872,-71.455879,41.815872,-71.455879,Med,0.23759499656882063,FALSE,FALSE
539,2021-04-14,849752,18:07:00,Bicycle,NA,1,1,VANDEWATER ST,BRANCH AVE,2021-04-14,"Two-Way , Not Divided",Dry,Daylight,Clear,Not a Collision Between Two Motor Vehicles in Transport,No,No Controls,4,1,Complains Of Pain,NA,41.85367,-71.42883,FALSE,FALSE,"Vandewater Street and Branch Ave, Providence, RI, USA",FALSE,-71.428823,41.8536926,intersection,geometric_center,"vandewater st & branch ave, providence, ri 02904, usa",NA,NA,NA,NA,41.8536926,-71.428823,Med High,2.5819052145350723,FALSE,FALSE
540,2021-04-12,849644,14:57:00,Bicycle,NA,1,1,BROAD ST,BROAD ST,2021-04-12,"Two-Way , Not Divided",Dry,Daylight,Clear,Not a Collision Between Two Motor Vehicles in Transport,No,Pavement Markings,3,0,No Injury,NA,41.79929,-71.41603,FALSE,FALSE,"Broad Street and Broad Street, Providence, RI, USA",FALSE,-71.4101636,41.7945838,route,geometric_center,"broad st, providence, ri, usa",NA,NA,NA,NA,41.7945838,-71.4101636,Med,715.1837911670073,FALSE,FALSE
541,2021-04-08,849507,17:21:00,Bicycle,NA,1,1,FLORAL AVE,CLADRASH'S AVE,2021-04-08,"Two-Way , Not Divided",Dry,Daylight,Clear,Not a Collision Between Two Motor Vehicles in Transport,"Yes, M/V and Driver Left Scene",No Controls,2,1,Non-Incapacitating,2,41.78419,-71.40703,FALSE,FALSE,"Floral Ave and Cladrash's Ave, Providence, RI, USA",FALSE,-71.4128343,41.8239891,locality,approximate,"providence, ri, usa",NA,NA,NA,NA,41.8239891,-71.4128343,Med,4456.519239964093,FALSE,FALSE
542,2021-04-07,849419,17:38:00,Bicycle,NA,1,1,NORTH MAIN STREET,CHURCH ST,2021-04-07,One-Way Trafficway,Dry,Daylight,Clear,Not a Collision Between Two Motor Vehicles in Transport,No,No Controls,6,1,Non-Incapacitating,NA,41.83071,-71.41035,FALSE,FALSE,"North Main Street and Church Street, Providence, RI, USA",FALSE,-71.3912211,41.8755687,intersection,geometric_center,"church st & main st, pawtucket, ri 02860, usa",NA,NA,NA,NA,41.8755687,-71.3912211,Med High,5239.491768090388,FALSE,FALSE
543,2021-04-06,849334,11:49:00,Bicycle,NA,1,1,VALLEY ST,HAROLD ST,2021-04-06,"Two-Way , Not Divided",Dry,Daylight,Clear,Not a Collision Between Two Motor Vehicles in Transport,No,Stop Signs,2,1,Non-Incapacitating,NA,41.8269,-71.43756,FALSE,FALSE,"Valley Street and Harold Street, Providence, RI, USA",FALSE,-71.4375676,41.826923,intersection,geometric_center,"valley st & harold st, providence, ri 02908, usa",NA,NA,NA,NA,41.826923,-71.4375676,Med High,2.636820764661018,FALSE,FALSE
544,2021-04-06,849373,20:00:00,Bicycle,NA,1,1,72 Goddard St,CANDACE ST,2021-04-06,"Two-Way , Not Divided",Dry,Dark - Lighted,Clear,Not a Collision Between Two Motor Vehicles in Transport,No,No Controls,3,1,Incapacitating,NA,41.83463,-71.42069,TRUE,FALSE,"72 Goddard Street, Providence, RI, USA",FALSE,-71.4206258,41.834517,premise,rooftop,"72 goddard st, providence, ri 02908, usa",NA,NA,NA,NA,41.834517,-71.4206258,High,13.659706976125168,FALSE,FALSE
545,2021-04-06,849381,20:52:00,Pedestrian,1,NA,1,BROAD ST,FRICKER ST,2021-04-06,"Two-Way , Not Divided",Dry,Dark - Lighted,Clear,Not a Collision Between Two Motor Vehicles in Transport,No,Pavement Markings,2,1,Non-Incapacitating,NA,41.81528,-71.42066,FALSE,FALSE,"Broad Street and Fricker Street, Providence, RI, USA",FALSE,-71.42173,41.8165575,route,geometric_center,"fricker st, providence, ri, usa","Broad Street & Fricker Street, Providence, RI, USA",EjJCcm9hZCBTdHJlZXQgJiBGcmlja2VyIFN0cmVldCwgUHJvdmlkZW5jZSwgUkksIFVTQSJmImQKFAoSCcsO7ptxReSJEe1RgLr0NWTvEhQKEgnLDu6bcUXkiRHtUYC69DVk7xoUChIJg9591YxP5IkRLKLKk5hLCKMaFAoSCaG8FtZzReSJESAHFPqNHvDOIgoNcoXsGBU0FG7V,41.8153842,-71.42061559999999,41.8153842,-71.42061559999999,Med,12.170366235721222,TRUE,FALSE
546,2021-04-04,849204,16:35:00,Pedestrian,1,NA,1,ACADEMY AVENUE,NEWARK ST,2021-04-04,"Two-Way, Divided, Unprotected (painted>4feet) Medium",Dry,Daylight,Clear,Not a Collision Between Two Motor Vehicles in Transport,No,No Controls,2,1,Complains Of Pain,NA,41.82544,-71.4434,FALSE,FALSE,"Academy Avenue and Newark Street, Providence, RI, USA",FALSE,-71.4434441,41.8254949,intersection,geometric_center,"academy ave & newark st, providence, ri 02908, usa",NA,NA,NA,NA,41.8254949,-71.4434441,Med High,7.122663328511238,FALSE,FALSE
547,2021-03-31,848959,15:04:00,Bicycle,NA,1,1,BROOK ST,WILLIAMS ST,2021-03-31,"Two-Way , Not Divided",Dry,Daylight,Clear,Angle (Front - to - Side) Right Angle (Includes Broadside),No,Stop Signs,3,1,Complains Of Pain,2,41.82248,-71.3986,FALSE,FALSE,"Brook Street and Williams Street, Providence, RI, USA",FALSE,-71.3972807,41.8225518,route,geometric_center,"williams st, providence, ri, usa","Brook Street & Williams Street, Providence, RI, USA",EjNCcm9vayBTdHJlZXQgJiBXaWxsaWFtcyBTdHJlZXQsIFByb3ZpZGVuY2UsIFJJLCBVU0EiZiJkChQKEglDtn3eO0XkiRGjnWxp6ydaBhIUChIJQ7Z93jtF5IkRo51saesnWgYaFAoSCZtmfXI7ReSJEXWGhyEQeABoGhQKEgnPFWYtOkXkiRHW0StZazEqCyIKDeWZ7RgVg3Bx1Q,41.8224613,-71.3985917,41.8224613,-71.3985917,Med,2.19259187281204,FALSE,FALSE
548,2021-03-31,848969,19:57:00,Pedestrian,1,NA,1,PLAINFIELD ST,WEBSTER AVE,2021-03-31,"Two-Way, Divided, Unprotected (painted>4feet) Medium",Wet,Dark - Lighted,Rain,Head-On (Front - to - Front),"Yes, M/V and Driver Left Scene",Traffic Control Signal,1,1,Complains Of Pain,NA,41.81366,-71.45081,FALSE,FALSE,"Plainfield Street and Webster Ave, Providence, RI, USA",FALSE,-71.4507916,41.813667,intersection,geometric_center,"webster ave & plainfield st, providence, ri 02909, usa",NA,NA,NA,NA,41.813667,-71.4507916,Med High,1.7139920394818038,FALSE,FALSE
549,2021-03-29,848788,12:54:00,Pedestrian,1,NA,1,WASHINGTON ST,DAVE GAVITT WAY,2021-03-29,"Two-Way , Not Divided",Dry,Daylight,Clear,Not a Collision Between Two Motor Vehicles in Transport,No,Traffic Control Signal,3,1,Complains Of Pain,NA,41.82022,-71.41883,FALSE,FALSE,"Washington Street and Dave Gavitt Way, Providence, RI, USA",FALSE,-71.418832,41.8202201,intersection,geometric_center,"washington st & dave gavitt way, providence, ri 02903, usa",NA,NA,NA,NA,41.8202201,-71.418832,Med High,0.1662926520917501,FALSE,FALSE
550,2021-03-29,848792,12:56:00,Pedestrian,1,NA,1,ORMS ST,SMITH ST,2021-03-29,"Two-Way , Not Divided",Dry,Daylight,Clear,Not a Collision Between Two Motor Vehicles in Transport,"Yes, M/V and Driver Left Scene",No Controls,1,1,Complains Of Pain,NA,41.83376,-71.422,FALSE,FALSE,"Orms Street and Smith Street, Providence, RI, USA",FALSE,-71.4219437,41.8337775,intersection,geometric_center,"orms st & smith st, providence, ri 02904, usa",NA,NA,NA,NA,41.8337775,-71.4219437,Med High,5.0597119331203,FALSE,FALSE
551,2021-03-27,848640,11:53:00,Pedestrian,1,NA,1,850 Manton Ave,MANTON CT,2021-03-27,"Two-Way , Not Divided",Dry,Daylight,Clear,Not a Collision Between Two Motor Vehicles in Transport,"Yes, M/V and Driver Left Scene",Unknown,1,1,Complains Of Pain,2,41.83358,-71.46604,TRUE,FALSE,"850 Manton Ave, Providence, RI, USA",FALSE,-71.46590429999999,41.8329814,premise,rooftop,"850 manton ave, providence, ri 02909, usa",NA,NA,NA,NA,41.8329814,-71.46590429999999,High,67.5797237116411,FALSE,FALSE
552,2021-03-26,848583,20:30:00,Pedestrian,1,NA,1,W RIVER ST,BRANCH AVE,2021-03-26,"Two-Way , Not Divided",Dry,Dark - Lighted,Clear,Not a Collision Between Two Motor Vehicles in Transport,"Yes, M/V and Driver Left Scene",No Controls,1,1,Complains Of Pain,NA,41.84598,-71.41326,FALSE,FALSE,"W River Street and Branch Ave, Providence, RI, USA",FALSE,-71.4126689,41.8468987,intersection,geometric_center,"w river st & branch ave, providence, ri 02904, usa",NA,NA,NA,NA,41.8468987,-71.4126689,Med High,113.40945508123991,FALSE,FALSE
553,2021-03-25,848492,20:47:00,Pedestrian,1,NA,1,MEMORIAL BLVD,FRANCIS ST,2021-03-25,"Two-Way , Not Divided",Dry,Dark - Lighted,Clear,Not a Collision Between Two Motor Vehicles in Transport,No,Traffic Control Signal,3,1,Complains Of Pain,NA,41.82577,-71.41527,FALSE,FALSE,"Memorial Blvd and Francis Street, Providence, RI, USA",FALSE,-71.4153098,41.8257791,intersection,geometric_center,"memorial blvd & francis st, providence, ri 02903, usa",NA,NA,NA,NA,41.8257791,-71.4153098,Med High,3.4534303272334412,FALSE,FALSE
554,2021-03-23,848391,14:19:00,Other,NA,1,1,N MAIN STREET,7TH ST,2021-03-24,"Two-Way, Divided, Positive Median Barrier",Dry,Daylight,Clear,Not a Collision Between Two Motor Vehicles in Transport,No,No Controls,2,0,No Injury,NA,41.85416,-71.40056,FALSE,FALSE,"N Main Street and 7th Street, Providence, RI, USA",FALSE,-71.3980641,41.8526572,route,geometric_center,"7th st, providence, ri 02906, usa","North Main Street & 7th Street, Providence, RI, USA",EjNOb3J0aCBNYWluIFN0cmVldCAmIDd0aCBTdHJlZXQsIFByb3ZpZGVuY2UsIFJJLCBVU0EiZiJkChQKEgkBX_oowUTkiRFs0OQsdn0PVxIUChIJAV_6KMFE5IkRbNDkLHZ9D1caFAoSCfn6QT3eROSJEV_Xrb4NXCM_GhQKEgmpxljvxkTkiRHimHB769eCliIKDVNa8hgV-Bdx1Q,41.8536019,-71.40085839999999,41.8536019,-71.40085839999999,Med,66.87294604256137,FALSE,FALSE
555,2021-03-22,848292,16:02:00,Pedestrian,1,NA,1,CANAL ST,SMITH ST,2021-03-22,One-Way Trafficway,Dry,Daylight,Clear,Not a Collision Between Two Motor Vehicles in Transport,No,No Controls,2,0,No Injury,NA,41.83185,-71.41131,FALSE,FALSE,"Canal Street and Smith Street, Providence, RI, USA",FALSE,-71.41132979999999,41.8314185,intersection,geometric_center,"canal st & smith st, providence, ri 02903, usa",NA,NA,NA,NA,41.8314185,-71.41132979999999,Med High,48.062427681930394,FALSE,FALSE
556,2021-03-21,848228,15:20:00,Bicycle,NA,1,1,BAKER ST,OCONNOR ST,2021-03-21,"Two-Way , Not Divided",Dry,Daylight,Clear,Not a Collision Between Two Motor Vehicles in Transport,"Yes, M/V and Driver Left Scene",No Controls,1,1,Non-Incapacitating,NA,41.79266,-71.40576,FALSE,FALSE,"Baker Street and Oconnor Street, Providence, RI, USA",FALSE,-71.4057614,41.7926749,route,geometric_center,"o connor st, providence, ri 02905, usa","Baker Street & O Connor Street, Providence, RI, USA",EjNCYWtlciBTdHJlZXQgJiBPIENvbm5vciBTdHJlZXQsIFByb3ZpZGVuY2UsIFJJLCBVU0EiZiJkChQKEgl_UBIu80_kiREUDYavxK4kdRIUChIJf1ASLvNP5IkRFA2Gr8SuJHUaFAoSCWX9wJvzT-SJEWzQ9IzRdsO8GhQKEgkrOvgz80_kiRG9r20vJPZWLyIKDV0O6RgVclhw1Q,41.7926749,-71.4057614,41.7926749,-71.4057614,Med,1.6627252761282147,FALSE,FALSE
557,2021-03-19,848085,16:49:00,Pedestrian,1,NA,1,165 Windmill St,Smart ST,2021-03-19,"Two-Way , Not Divided",Dry,Daylight,Clear,Not a Collision Between Two Motor Vehicles in Transport,No,Stop Signs,3,1,Non-Incapacitating,NA,41.85799,-71.41766,TRUE,FALSE,"165 Windmill Street, Providence, RI, USA",FALSE,-71.417436,41.8582162,premise,rooftop,"165 windmill st, providence, ri 02904, usa",NA,NA,NA,NA,41.8582162,-71.417436,High,31.28858037855485,FALSE,FALSE
558,2021-03-12,845577,15:10:00,Pedestrian,1,NA,1,257 THAYER ST,EUCLID AVE,2021-03-12,One-Way Trafficway,Dry,Daylight,Clear,Not a Collision Between Two Motor Vehicles in Transport,No,No Controls,2,0,No Injury,1,41.82868,-71.40073,TRUE,FALSE,"257 Thayer Street, Providence, RI, USA",FALSE,-71.4001111,41.8288489,premise,rooftop,"257 thayer st, providence, ri 02906, usa",NA,NA,NA,NA,41.8288489,-71.4001111,High,54.671707126835095,FALSE,FALSE
559,2021-03-08,845231,12:28:00,Pedestrian,2,NA,1,MANTON AVE,ALEPPO ST,2021-03-08,"Two-Way , Not Divided",Dry,Daylight,Clear,Not a Collision Between Two Motor Vehicles in Transport,"Yes, M/V and Driver Left Scene",No Controls,2,1,Incapacitating,NA,41.81932,-71.4462,FALSE,FALSE,"Manton Ave and Aleppo Street, Providence, RI, USA",FALSE,-71.4462075,41.8193627,intersection,geometric_center,"aleppo st & manton ave, providence, ri 02909, usa",NA,NA,NA,NA,41.8193627,-71.4462075,Med High,4.793892404496537,FALSE,FALSE