row_number,crash_date,crash_report_id,crash_time,collision_type,count_pedestrian,count_bicycle,number_of_vehicles,street_or_highway,nearest_intersection,report_date,type_of_roadway,road_surface_condition,light_condition,weather_condition,manner_of_impact,hit_and_run,traffic_control,person_count,injury_count,most_serious_injury,number_of_lanes,lat_raw,lon_raw,has_st_number,is_intersection_null,address_sent_to_geocoder,is_address_blank,lon_api_first_try,lat_api_first_try,type,loctype,address_returned_by_geocoder,address_returned_by_autocomplete,place_ids_autocompleted,lat_api_second_try,lon_api_second_try,lat_api_best,lon_api_best,api_coord_conf,distance_btwn_coords_meters,scooter,wheel_chair
649,2020-09-10,828392,08:38:00,Pedestrian,1,NA,1,621 Academy Ave,SMITH ST,2020-09-10,"Two-Way , Not Divided",Dry,Daylight,Clear,Not a Collision Between Two Motor Vehicles in Transport,No,Other,3,1,Complains Of Pain,1,41.84185,-71.44512,TRUE,FALSE,"621 Academy Ave, Providence, RI, USA",FALSE,-71.4448945,41.84178929999999,premise,rooftop,"621 academy ave, providence, ri 02908, usa",NA,NA,NA,NA,41.84178929999999,-71.4448945,High,19.884428179589086,FALSE,FALSE
650,2020-09-07,828143,03:22:00,Pedestrian,1,NA,1,NARRAGANSETT BLVD,WASHINGTON AVE,2020-09-07,"Two-Way, Divided, Unprotected (painted>4feet) Medium",Dry,Dark - Lighted,Clear,Not a Collision Between Two Motor Vehicles in Transport,"Yes, M/V and Driver Left Scene",No Controls,1,1,Fatal,NA,41.78818,-71.39572,FALSE,FALSE,"Narragansett Blvd and Washington Ave, Providence, RI, USA",FALSE,-71.3957084,41.7881718,intersection,geometric_center,"washington ave & narragansett blvd, providence, ri 02905, usa",NA,NA,NA,NA,41.7881718,-71.3957084,Med High,1.3267453925936512,FALSE,FALSE
651,2020-09-06,828056,02:43:00,Pedestrian,1,NA,1,BROAD ST,CENTRAL ST,2020-09-06,"Two-Way , Not Divided",Dry,Dark - Lighted,Clear,Not a Collision Between Two Motor Vehicles in Transport,No,No Controls,3,1,Complains Of Pain,NA,41.81323,-71.42189,FALSE,FALSE,"Broad Street and Central Street, Providence, RI, USA",FALSE,-71.3870525,41.8858281,intersection,geometric_center,"broad st & central st, central falls, ri 02863, usa",NA,NA,NA,NA,41.8858281,-71.3870525,Med High,8582.371071662346,FALSE,FALSE
652,2020-09-04,827893,10:25:00,Pedestrian,1,NA,1,BROAD ST,FRICKER ST,2020-09-04,"Two-Way , Not Divided",Dry,Daylight,Clear,Not a Collision Between Two Motor Vehicles in Transport,"Yes, M/V and Driver Left Scene",No Controls,1,1,Complains Of Pain,NA,41.81528,-71.42066,FALSE,FALSE,"Broad Street and Fricker Street, Providence, RI, USA",FALSE,-71.42173,41.8165575,route,geometric_center,"fricker st, providence, ri, usa","Broad Street & Fricker Street, Providence, RI, USA",EjJCcm9hZCBTdHJlZXQgJiBGcmlja2VyIFN0cmVldCwgUHJvdmlkZW5jZSwgUkksIFVTQSJmImQKFAoSCcsO7ptxReSJEe1RgLr0NWTvEhQKEgnLDu6bcUXkiRHtUYC69DVk7xoUChIJg9591YxP5IkRLKLKk5hLCKMaFAoSCaG8FtZzReSJESAHFPqNHvDOIgoNcoXsGBU0FG7V,41.8153842,-71.42061559999999,41.8153842,-71.42061559999999,Med,12.170366235721222,FALSE,FALSE
653,2020-09-04,827952,21:28:00,Bicycle,NA,1,1,271 RESERVOIR AVE,271 RESERVOIR AVE,2020-09-04,"Two-Way, Divided, Unprotected (painted>4feet) Medium",Dry,Dark - Lighted,Clear,Not a Collision Between Two Motor Vehicles in Transport,"Yes, M/V and Driver Left Scene",No Controls,1,1,Complains Of Pain,NA,41.79216,-71.42783,TRUE,FALSE,"271 Reservoir Ave, Providence, RI, USA",FALSE,-71.4300523,41.78949129999999,premise,rooftop,"271 reservoir ave, providence, ri 02907, usa",NA,NA,NA,NA,41.78949129999999,-71.4300523,High,349.6797601188875,FALSE,FALSE
654,2020-09-03,827821,14:18:00,Pedestrian,1,NA,1,CANDACE ST,GODDARD ST,2020-09-03,"Two-Way , Not Divided",Dry,Daylight,Clear,Not a Collision Between Two Motor Vehicles in Transport,"Yes, M/V and Driver Left Scene",No Controls,2,1,Complains Of Pain,NA,41.83426,-71.42205,FALSE,FALSE,"Candace Street and Goddard Street, Providence, RI, USA",FALSE,-71.42206550000002,41.8343772,intersection,geometric_center,"candace st & goddard st, providence, ri 02908, usa",NA,NA,NA,NA,41.8343772,-71.42206550000002,Med High,13.109831428693075,FALSE,FALSE
655,2020-09-03,827875,13:15:00,Pedestrian,1,NA,1,Penn Street,Vinton Street,2020-09-04,"Two-Way , Not Divided",Dry,Daylight,Clear,Other,No,No Controls,3,0,No Injury,1,41.82188,-71.42977,FALSE,FALSE,"Penn Street and Vinton Street, Providence, RI, USA",FALSE,-71.4285663,41.8207514,route,geometric_center,"vinton st, providence, ri, usa","Penn Street & Vinton Street, Providence, RI, USA",EjBQZW5uIFN0cmVldCAmIFZpbnRvbiBTdHJlZXQsIFByb3ZpZGVuY2UsIFJJLCBVU0EiZiJkChQKEgnNf0lQdUXkiRGiE9oIhfem6hIUChIJzX9JUHVF5IkRohPaCIX3puoaFAoSCX9TYamfReSJEX1X5w0owLqSGhQKEgnN2QdAdUXkiRHzHzv0hMO0lyIKDayJ7RgV5sBs1Q,41.822046,-71.42930179999999,41.822046,-71.42930179999999,Med,43.0125219588696,FALSE,FALSE
656,2020-09-02,827769,15:12:00,Pedestrian,1,NA,1,CHARLES ST,CORLISS ST,2020-09-02,"Two-Way, Divided, Unprotected (painted>4feet) Medium",Wet,Daylight,Rain,Not a Collision Between Two Motor Vehicles in Transport,No,Stop Signs,2,1,Complains Of Pain,NA,41.83806,-71.41452,FALSE,FALSE,"Charles Street and Corliss Street, Providence, RI, USA",FALSE,-71.41448849999999,41.8380809,intersection,geometric_center,"charles st & corliss st, providence, ri 02904, usa",NA,NA,NA,NA,41.8380809,-71.41448849999999,Med High,3.49830648703375,FALSE,FALSE
657,2020-09-01,827692,23:17:00,Pedestrian,2,NA,1,129 BURNS ST,MANILA ST,2020-09-02,"Two-Way , Not Divided",Dry,Dark - Lighted,Clear,Not a Collision Between Two Motor Vehicles in Transport,"Yes, M/V and Driver Left Scene",No Controls,2,1,Complains Of Pain,NA,41.8539,-71.44466,TRUE,FALSE,"129 Burns Street, Providence, RI, USA",FALSE,-71.4454753,41.8538275,street_address,range_interpolated,"129 burns st, providence, ri 02904, usa",NA,NA,NA,NA,41.8538275,-71.4454753,High,68.08164925379447,FALSE,FALSE
658,2020-08-26,826106,19:38:00,Bicycle,NA,1,1,GLENHAM ST,PRAIRIE AVE,2020-08-26,"Two-Way , Not Divided",Dry,Dusk,Clear,Not a Collision Between Two Motor Vehicles in Transport,"Yes, M/V and Driver Left Scene",No Controls,1,1,Complains Of Pain,NA,41.80605,-71.41525,FALSE,FALSE,"Glenham Street and Prairie Ave, Providence, RI, USA",FALSE,-71.4150396,41.8061135,intersection,geometric_center,"glenham st & prairie ave, providence, ri 02905, usa",NA,NA,NA,NA,41.8061135,-71.4150396,Med High,18.835350799211668,FALSE,FALSE
659,2020-08-22,825814,21:40:00,Pedestrian,1,NA,1,BODELL AVE,ETNA ST,2020-08-22,"Two-Way , Not Divided",Dry,Dark - Lighted,Clear,Not a Collision Between Two Motor Vehicles in Transport,No,No Controls,3,1,Complains Of Pain,NA,41.81655,-71.45152,FALSE,FALSE,"Bodell Ave and Etna Street, Providence, RI, USA",FALSE,-71.450912,41.816513,intersection,geometric_center,"bodell ave & etna st, providence, ri 02909, usa",NA,NA,NA,NA,41.816513,-71.450912,Med High,50.61035432780667,FALSE,FALSE
660,2020-08-19,825482,17:52:00,Pedestrian,1,NA,1,51 MANTON AVENUE,NA,2020-08-19,"Two-Way , Not Divided",Dry,Daylight,Clear,Not a Collision Between Two Motor Vehicles in Transport,No,No Controls,3,1,Complains Of Pain,NA,NA,NA,TRUE,TRUE,"51 Manton Avenue, Providence, RI, USA",FALSE,-71.4440904,41.8179414,subpremise,rooftop,"51 manton ave, providence, ri 02909, usa",NA,NA,NA,NA,41.8179414,-71.4440904,High,NA,FALSE,FALSE
661,2020-08-19,825518,15:46:00,Bicycle,NA,1,1,Potters Ave,SEABURY ST,2020-08-19,"Two-Way, Divided, Positive Median Barrier",Dry,Daylight,Clear,Angle (Front - to - Side) Opposite Direction,"Yes, M/V and Driver Left Scene",No Controls,1,1,Complains Of Pain,NA,41.80318,-71.43255,FALSE,FALSE,"Potters Ave and Seabury Street, Providence, RI, USA",FALSE,-71.432564,41.8031919,intersection,geometric_center,"potters ave & seabury st, providence, ri 02907, usa",NA,NA,NA,NA,41.8031919,-71.432564,Med High,1.7619562515430325,FALSE,FALSE
662,2020-08-18,825398,20:30:00,Bicycle,NA,1,1,TRENTON ST,IVES ST,2020-08-18,"Two-Way , Not Divided",Dry,Dark - Lighted,Clear,Not a Collision Between Two Motor Vehicles in Transport,No,Stop Signs,2,1,Incapacitating,NA,41.82095,-71.39197,FALSE,FALSE,"Trenton Street and Ives Street, Providence, RI, USA",FALSE,-71.3918793,41.8209613,intersection,geometric_center,"trenton st & ives st, providence, ri 02906, usa",NA,NA,NA,NA,41.8209613,-71.3918793,Med High,7.628792081955268,FALSE,FALSE
663,2020-08-18,825415,23:21:00,Other,NA,NA,2,PLAINFIELD ST,ON RAMP TO RT 6 EAST,2020-08-19,"Two-Way, Divided, Unprotected (painted>4feet) Medium",Dry,Daylight,Clear,Other,No,No Controls,3,2,Incapacitating,NA,41.81541,-71.44589,FALSE,FALSE,"Plainfield Street and On Ramp To Rt 6 East, Providence, RI, USA",FALSE,-71.3955012,41.8224276,premise,rooftop,"6 east st, providence, ri 02906, usa",NA,NA,NA,NA,41.8224276,-71.3955012,Med High,4252.696839701717,TRUE,FALSE
664,2020-08-15,825127,10:42:00,Pedestrian,1,NA,1,60 KOSSUTH ST,NA,2020-08-15,"Two-Way , Not Divided",Dry,Daylight,Clear,Not a Collision Between Two Motor Vehicles in Transport,"Yes, M/V and Driver Left Scene",No Controls,1,0,Unknown,NA,NA,NA,TRUE,TRUE,"60 Kossuth Street, Providence, RI, USA",FALSE,-71.4474554,41.8218213,premise,rooftop,"60 kossuth st, providence, ri 02909, usa",NA,NA,NA,NA,41.8218213,-71.4474554,High,NA,FALSE,FALSE
665,2020-08-15,825128,13:33:00,Pedestrian,1,NA,1,FRUIT HILL AVE,HUBER AVE,2020-08-15,"Two-Way , Not Divided",Dry,Daylight,Clear,Not a Collision Between Two Motor Vehicles in Transport,No,No Controls,3,1,Complains Of Pain,NA,41.83429,-71.46798,FALSE,FALSE,"Fruit Hill Ave and Huber Ave, Providence, RI, USA",FALSE,-71.4680712,41.8345861,intersection,geometric_center,"huber ave & fruit hill ave, providence, ri 02909, usa",NA,NA,NA,NA,41.8345861,-71.4680712,Med High,33.818511300656795,TRUE,FALSE
666,2020-08-15,825143,13:44:00,Pedestrian,2,NA,1,HUMES ST,CRESCENT ST,2020-08-15,"Two-Way , Not Divided",Dry,Daylight,Clear,Not a Collision Between Two Motor Vehicles in Transport,No,No Controls,6,2,Complains Of Pain,NA,41.79218,-71.42871,FALSE,FALSE,"Humes Street and Crescent Street, Providence, RI, USA",FALSE,-71.4290355,41.7916505,intersection,geometric_center,"humes st & crescent st, providence, ri 02907, usa",NA,NA,NA,NA,41.7916505,-71.4290355,Med High,64.8396915475804,FALSE,FALSE
667,2020-08-14,825107,21:32:00,Pedestrian,1,NA,1,BROADWAY,SERVICE ROAD 7,2020-08-14,"Two-Way , Not Divided",Dry,Dark - Not Lighted,Clear,Head-On (Front - to - Front),No,Traffic Control Signal,2,1,Complains Of Pain,NA,41.82177,-71.42083,FALSE,FALSE,"Broadway and Service Road 7, Providence, RI, USA",FALSE,-71.4200451,41.8199608,route,geometric_center,"service rd 1, providence, ri, usa","Broadway & Service Road 7th, Providence, RI, USA",EjBCcm9hZHdheSAmIFNlcnZpY2UgUm9hZCA3dGgsIFByb3ZpZGVuY2UsIFJJLCBVU0EiZiJkChQKEgn30PkmDUXkiRGVfBMop6wTihIUChIJ99D5Jg1F5IkRlXwTKKesE4oaFAoSCaW15YZ1ReSJERrCM7HXpG-zGhQKEgkHeHRCdkXkiRHLEV0GTCEFTCIKDd-B7RgV9gxu1Q,41.8218463,-71.420801,41.8218463,-71.420801,Med,8.827814292067838,FALSE,FALSE
668,2020-08-11,824854,11:00:00,Bicycle,NA,1,1,336 Admiral Street,336 Admiral Street,2020-08-11,"Two-Way , Not Divided",Dry,Daylight,Clear,Other,No,No Controls,2,1,Complains Of Pain,NA,41.83616,-71.42824,TRUE,FALSE,"336 Admiral Street, Providence, RI, USA",FALSE,-71.4273582,41.8455374,premise,rooftop,"336 admiral st, providence, ri 02908, usa",NA,NA,NA,NA,41.8455374,-71.4273582,High,1046.4458629964834,FALSE,FALSE
669,2020-08-10,824815,19:30:00,Pedestrian,1,NA,1,GANO ST,NA,2020-08-10,"Two-Way , Not Divided",Dry,Daylight,Clear,Not a Collision Between Two Motor Vehicles in Transport,No,No Controls,2,2,Non-Incapacitating,NA,41.81876,-71.38931,FALSE,TRUE,"Gano Street, Providence, RI, USA",FALSE,-71.3900983,41.8238695,route,geometric_center,"gano st, providence, ri, usa",NA,NA,NA,NA,41.8238695,-71.3900983,Inaccurate,572.5340442943655,FALSE,FALSE
670,2020-08-10,824824,23:40:00,Bicycle,NA,1,1,BROAD ST,PARKSIDE CIR,2020-08-11,"Two-Way , Not Divided",Dry,Dark - Lighted,Clear,Not a Collision Between Two Motor Vehicles in Transport,No,Stop Signs,3,1,Complains Of Pain,NA,41.78589,-71.40166,FALSE,FALSE,"Broad Street and Parkside Cir, Providence, RI, USA",FALSE,-71.4036757,41.7858514,route,geometric_center,"parkside cir, cranston, ri 02905, usa",NA,NA,NA,NA,41.7858514,-71.4036757,Med,167.36694299401438,FALSE,FALSE
671,2020-08-10,825498,16:49:00,Bicycle,NA,1,1,VALLEY ST,DEAN ST,2020-08-19,One-Way Trafficway,Dry,Daylight,Clear,Not a Collision Between Two Motor Vehicles in Transport,No,No Controls,2,1,Complains Of Pain,NA,41.83139,-71.42848,FALSE,FALSE,"Valley Street and Dean Street, Providence, RI, USA",FALSE,-71.4242155,41.8234078,route,geometric_center,"dean st, providence, ri, usa",NA,NA,NA,NA,41.8234078,-71.4242155,Med,956.3985975930004,FALSE,FALSE
672,2020-08-09,824716,01:56:00,Pedestrian,1,NA,1,OAKLAND AVE,CHAD BROWN ST,2020-08-09,"Two-Way , Not Divided",Dry,Dark - Lighted,Clear,Not a Collision Between Two Motor Vehicles in Transport,"Yes, M/V and Driver Left Scene",Stop Signs,1,1,Incapacitating,NA,41.8389,-71.42936,FALSE,FALSE,"Oakland Ave and Chad Brown Street, Providence, RI, USA",FALSE,-71.4293644,41.8389192,intersection,geometric_center,"oakland ave & chad brown st, providence, ri 02908, usa",NA,NA,NA,NA,41.8389192,-71.4293644,Med High,2.168262378304907,FALSE,FALSE
673,2020-08-09,824749,11:19:00,Pedestrian,2,NA,1,W RIVER ST,CHARLES ST,2020-08-09,"Two-Way , Not Divided",Dry,Daylight,Clear,Not a Collision Between Two Motor Vehicles in Transport,No,Stop Signs,3,1,Complains Of Pain,NA,41.83972,-71.4163,FALSE,FALSE,"W River Street and Charles Street, Providence, RI, USA",FALSE,-71.4164329,41.8396195,intersection,geometric_center,"charles st & w river st, providence, ri 02904, usa",NA,NA,NA,NA,41.8396195,-71.4164329,Med High,15.705008986585392,FALSE,FALSE
674,2020-08-09,824782,22:11:00,Pedestrian,1,NA,1,Atwells ave,DE PASQUALE AVE,2020-08-09,"Two-Way, Divided, Unprotected (painted>4feet) Medium",Dry,Dark - Lighted,Clear,Not a Collision Between Two Motor Vehicles in Transport,No,Traffic Control Signal,3,1,Complains Of Pain,NA,41.8236,-71.42708,FALSE,FALSE,"Atwells Ave and De Pasquale Ave, Providence, RI, USA",FALSE,-71.4270169,41.8235993,intersection,geometric_center,"de pasquale ave & atwells ave, providence, ri 02903, usa",NA,NA,NA,NA,41.8235993,-71.4270169,Med High,5.235068246330528,FALSE,FALSE
675,2020-08-09,824791,19:09:00,Pedestrian,1,NA,1,SMITH ST,CHALKSTONE AVE,2020-08-10,"Two-Way , Not Divided",Dry,Daylight,Clear,Not a Collision Between Two Motor Vehicles in Transport,No,Traffic Control Signal,2,1,Complains Of Pain,NA,41.83522,-71.42567,FALSE,FALSE,"Smith Street and Chalkstone Ave, Providence, RI, USA",FALSE,-71.4256425,41.83522139999999,intersection,geometric_center,"chalkstone ave & smith st, providence, ri 02908, usa",NA,NA,NA,NA,41.83522139999999,-71.4256425,Med High,2.286178699481539,FALSE,FALSE
676,2020-08-06,824536,07:39:00,Bicycle,NA,1,1,MUTUAL PL,ROCHAMBEAU AVE,2020-08-06,"Two-Way , Not Divided",Dry,Daylight,Clear,Not a Collision Between Two Motor Vehicles in Transport,"Yes, M/V and Driver Left Scene",No Controls,1,0,No Injury,NA,41.84706,-71.39487,FALSE,FALSE,"Mutual Pl and Rochambeau Ave, Providence, RI, USA",FALSE,-71.3949573,41.8469843,intersection,geometric_center,"mutual pl & rochambeau ave, providence, ri 02906, usa",NA,NA,NA,NA,41.8469843,-71.3949573,Med High,11.109488426093273,FALSE,FALSE
677,2020-08-06,824563,16:04:00,Bicycle,NA,1,1,INDIA STREET,NA,2020-08-06,"Two-Way , Not Divided",Dry,Daylight,Clear,Not a Collision Between Two Motor Vehicles in Transport,"Yes, M/V and Driver Left Scene",No Controls,2,1,Complains Of Pain,NA,41.81823,-71.39259,FALSE,TRUE,"India Street, Providence, RI, USA",FALSE,-71.3951646,41.8181038,route,geometric_center,"india st, providence, ri 02903, usa",NA,NA,NA,NA,41.8181038,-71.3951646,Inaccurate,214.05669577098155,FALSE,FALSE
678,2020-08-06,824576,21:00:00,Bicycle,NA,1,1,F C GREENE MEMORIAL BLVD,F C GREENE MEMORIAL BLVD,2020-08-06,"Two-Way , Not Divided",Dry,Dark - Not Lighted,Clear,Not a Collision Between Two Motor Vehicles in Transport,No,No Controls,2,1,Complains Of Pain,NA,41.77945,-71.41418,FALSE,FALSE,"F C Greene Memorial Blvd and F C Greene Memorial Blvd, Providence, RI, USA",FALSE,-71.41420579999999,41.7885473,intersection,geometric_center,"green memorial blvd & f c greene memorial blvd, providence, ri 02907, usa",NA,NA,NA,NA,41.7885473,-71.41420579999999,Med High,1012.7090679869505,FALSE,FALSE
679,2020-08-03,824225,08:44:00,Bicycle,NA,1,1,GANO ST EXIT,GANO ST,2020-08-03,One-Way Trafficway,Dry,Daylight,Clear,Not a Collision Between Two Motor Vehicles in Transport,No,Traffic Control Signal,2,0,No Injury,NA,41.82113,-71.38944,FALSE,FALSE,"Gano Street Exit and Gano Street, Providence, RI, USA",FALSE,-71.3900983,41.8238695,route,geometric_center,"gano st, providence, ri, usa",NA,NA,NA,NA,41.8238695,-71.3900983,Med,309.8108346485773,FALSE,FALSE
680,2020-08-02,824206,12:28:00,Other,NA,1,1,DOYLE AVE,N MAIN ST,2020-08-02,"Two-Way , Not Divided",Dry,Daylight,Clear,Not a Collision Between Two Motor Vehicles in Transport,No,No Controls,3,1,Complains Of Pain,NA,41.83835,-71.40896,FALSE,FALSE,"Doyle Ave and N Main Street, Providence, RI, USA",FALSE,-71.37025750000001,41.8264716,establishment,rooftop,"105 wilmarth ave, east providence, ri 02914, usa","Doyle Ave & North Main Street, Providence, RI, USA",EjJEb3lsZSBBdmUgJiBOb3J0aCBNYWluIFN0cmVldCwgUHJvdmlkZW5jZSwgUkksIFVTQSJmImQKFAoSCXf5vyseReSJETFnB8CyBmhQEhQKEgl3-b8rHkXkiRExZwfAsgZoUBoUChIJOYD3ON9E5IkRRL9LueDXNEkaFAoSCfn6QT3eROSJEV_Xrb4NXCM_IgoNQwfwGBUn0W_V,41.83836830000001,-71.4092249,41.83836830000001,-71.4092249,Med,22.06407463963902,TRUE,FALSE
681,2020-07-31,824083,18:36:00,Pedestrian,1,NA,1,61 AMERICA ST,FEDERAL ST,2020-07-31,One-Way Trafficway,Dry,Daylight,Clear,Not a Collision Between Two Motor Vehicles in Transport,No,Traffic Control Signal,3,1,Complains Of Pain,NA,41.82203,-71.42738,TRUE,FALSE,"61 America Street, Providence, RI, USA",FALSE,-71.4275765,41.8218992,premise,rooftop,"61 america st, providence, ri 02903, usa",NA,NA,NA,NA,41.8218992,-71.4275765,High,21.857231947175013,FALSE,FALSE
682,2020-07-31,824041,12:49:00,Bicycle,NA,1,1,DOUGLAS AVENUE,ADMIRAL STREET,2020-07-31,"Two-Way , Not Divided",Dry,Daylight,Clear,Angle (Front - to - Side) Right Angle (Includes Broadside),No,Traffic Control Signal,2,1,Complains Of Pain,NA,41.84605,-71.429,FALSE,FALSE,"Douglas Avenue and Admiral Street, Providence, RI, USA",FALSE,-71.4289636,41.8460618,intersection,geometric_center,"admiral st & douglas ave, providence, ri 02908, usa",NA,NA,NA,NA,41.8460618,-71.4289636,Med High,3.291947995690432,FALSE,FALSE
683,2020-07-30,823950,12:08:00,Pedestrian,1,NA,1,343 BROAD ST,343 BROAD ST,2020-07-30,"Two-Way, Divided, Unprotected (painted>4feet) Medium",Dry,Daylight,Cloudy,Not a Collision Between Two Motor Vehicles in Transport,"Yes, M/V and Driver Left Scene",No Controls,1,1,Complains Of Pain,NA,41.81415,-71.4213,TRUE,FALSE,"343 Broad Street, Providence, RI, USA",FALSE,-71.4221475,41.813852,premise,rooftop,"343 broad st, providence, ri 02907, usa",NA,NA,NA,NA,41.813852,-71.4221475,High,77.74766556697732,FALSE,FALSE
684,2020-07-26,823580,19:24:00,Bicycle,NA,1,1,PLAINFIELD ST,LABAN ST,2020-07-26,"Two-Way , Not Divided",Dry,Dusk,Clear,Not a Collision Between Two Motor Vehicles in Transport,No,No Controls,3,0,No Injury,NA,41.81501,-71.44633,FALSE,FALSE,"Plainfield Street and Laban Street, Providence, RI, USA",FALSE,-71.446362,41.8150582,intersection,geometric_center,"laban st & plainfield st, providence, ri 02909, usa",NA,NA,NA,NA,41.8150582,-71.446362,Med High,5.986510372517026,FALSE,FALSE
685,2020-07-25,823477,00:05:00,Bicycle,NA,1,1,CRANSTON ST,ALTHEA ST,2020-07-25,"Two-Way , Not Divided",Dry,Dark - Lighted,Clear,Not a Collision Between Two Motor Vehicles in Transport,No,No Controls,2,1,Complains Of Pain,NA,41.80773,-71.43508,FALSE,FALSE,"Cranston Street and Althea Street, Providence, RI, USA",FALSE,-71.4350772,41.807752,intersection,geometric_center,"althea st & cranston st, providence, ri 02907, usa",NA,NA,NA,NA,41.807752,-71.4350772,Med High,2.460024503540409,FALSE,FALSE
686,2020-07-24,823463,16:56:00,Bicycle,NA,1,1,VALLEY ST,RIVER AVE,2020-07-24,"Two-Way , Not Divided",Dry,Daylight,Clear,Not a Collision Between Two Motor Vehicles in Transport,No,Traffic Control Signal,4,1,Complains Of Pain,NA,41.82796,-71.43516,FALSE,FALSE,"Valley Street and River Ave, Providence, RI, USA",FALSE,-71.435152,41.827984,intersection,geometric_center,"valley st & river ave, providence, ri 02908, usa",NA,NA,NA,NA,41.827984,-71.435152,Med High,2.75284785123436,FALSE,FALSE
687,2020-07-22,823326,16:03:00,Pedestrian,1,NA,1,BODELL AVE,WHELAN RD,2020-07-22,Unknown,Dry,Daylight,Clear,"Sidwswipe, Opposite Direction",No,No Controls,4,1,Complains Of Pain,NA,41.81789,-71.45408,FALSE,FALSE,"Bodell Ave and Whelan Rd, Providence, RI, USA",FALSE,-71.454308,41.818283,intersection,geometric_center,"bodell ave & whelan rd, providence, ri 02909, usa",NA,NA,NA,NA,41.818283,-71.454308,Med High,47.66268406429277,FALSE,FALSE
688,2020-07-21,823236,15:33:00,Bicycle,NA,1,1,CHARLES ST,CANAL ST,2020-07-21,"Two-Way , Not Divided",Dry,Daylight,Clear,Not a Collision Between Two Motor Vehicles in Transport,No,No Controls,3,1,Complains Of Pain,NA,41.83329,-71.41136,FALSE,FALSE,"Charles Street and Canal Street, Providence, RI, USA",FALSE,-71.4110637,41.8300387,route,geometric_center,"canal st, providence, ri, usa",NA,NA,NA,NA,41.8300387,-71.4110637,Med,362.7665220568967,FALSE,FALSE
689,2020-07-21,823312,20:12:00,Pedestrian,1,NA,1,DOUGLAS AVE,WHIPPLE ST,2020-07-22,"Two-Way , Not Divided",Dry,Dark - Lighted,Clear,Not a Collision Between Two Motor Vehicles in Transport,"Yes, M/V and Driver Left Scene",No Controls,1,1,Complains Of Pain,NA,41.83686,-71.42156,FALSE,FALSE,"Douglas Ave and Whipple Street, Providence, RI, USA",FALSE,-71.4215517,41.8368745,intersection,geometric_center,"whipple st & douglas ave, providence, ri 02908, usa",NA,NA,NA,NA,41.8368745,-71.4215517,Med High,1.7547938343770437,FALSE,FALSE
690,2020-07-20,827532,14:26:00,Pedestrian,1,NA,1,UNION AVE,WEBSTER AVE,2020-08-31,"Two-Way , Not Divided",Dry,Daylight,Clear,"Sidwswipe, Opposite Direction",No,No Controls,2,1,Complains Of Pain,NA,41.80697,-71.44703,FALSE,FALSE,"Union Ave and Webster Ave, Providence, RI, USA",FALSE,-71.4484433,41.8087282,route,geometric_center,"webster ave, providence, ri, usa","Union Ave & Webster Ave, Providence, RI, USA",EixVbmlvbiBBdmUgJiBXZWJzdGVyIEF2ZSwgUHJvdmlkZW5jZSwgUkksIFVTQSJmImQKFAoSCYGwTPiJReSJEdURK9jB___mEhQKEgmBsEz4iUXkiRHVESvYwf__5hoUChIJI4HrOIpF5IkRntWfMLDFiC8aFAoSCUtPViuKReSJEQVPEPvUiEI-IgoNUDfrGBUa-GnV,41.8068304,-71.4475494,41.8068304,-71.4475494,Med,45.81441435745979,FALSE,FALSE
691,2020-07-18,823018,01:40:00,Pedestrian,2,NA,1,BROAD ST,SACKETT ST,2020-07-18,"Two-Way , Not Divided",Dry,Dark - Lighted,Clear,Not a Collision Between Two Motor Vehicles in Transport,"Yes, M/V and Driver Left Scene",No Controls,2,2,Incapacitating,NA,41.79589,-71.41179,FALSE,FALSE,"Broad Street and Sackett Street, Providence, RI, USA",FALSE,-71.4183646,41.7942259,route,geometric_center,"sackett st, providence, ri, usa","Broad Street & Sackett Street, Providence, RI, USA",EjJCcm9hZCBTdHJlZXQgJiBTYWNrZXR0IFN0cmVldCwgUHJvdmlkZW5jZSwgUkksIFVTQSJmImQKFAoSCWd7_VeJT-SJEYpZL4NwfcCcEhQKEglne_1XiU_kiRGKWS-DcH3AnBoUChIJg9591YxP5IkRLKLKk5hLCKMaFAoSCZdEqH6PT-SJEbKg-cvhkLFFIgoNIJfpGBXOX2_V,41.796176,-71.4121266,41.796176,-71.4121266,Med,42.355313196184454,FALSE,FALSE
692,2020-07-18,823036,10:43:00,Pedestrian,2,NA,1,WILLARD AVE,BROAD ST,2020-07-18,"Two-Way , Not Divided",Dry,Daylight,Clear,Not a Collision Between Two Motor Vehicles in Transport,No,No Controls,3,1,Complains Of Pain,NA,41.80717,-71.41967,FALSE,FALSE,"Willard Ave and Broad Street, Providence, RI, USA",FALSE,-71.42020819999999,41.8071255,intersection,geometric_center,"willard ave & broad st, providence, ri 02907, usa",NA,NA,NA,NA,41.8071255,-71.42020819999999,Med High,44.93199437081752,FALSE,FALSE