row_number,crash_date,crash_report_id,crash_time,collision_type,count_pedestrian,count_bicycle,number_of_vehicles,street_or_highway,nearest_intersection,report_date,type_of_roadway,road_surface_condition,light_condition,weather_condition,manner_of_impact,hit_and_run,traffic_control,person_count,injury_count,most_serious_injury,number_of_lanes,lat_raw,lon_raw,has_st_number,is_intersection_null,address_sent_to_geocoder,is_address_blank,lon_api_first_try,lat_api_first_try,type,loctype,address_returned_by_geocoder,address_returned_by_autocomplete,place_ids_autocompleted,lat_api_second_try,lon_api_second_try,lat_api_best,lon_api_best,api_coord_conf,distance_btwn_coords_meters,scooter,wheel_chair
738,2020-04-25,816558,00:21:00,Pedestrian,1,NA,1,BROAD ST,BROAD ST,2020-04-25,"Two-Way , Not Divided",Dry,Dark - Lighted,Clear,Not a Collision Between Two Motor Vehicles in Transport,"Yes, M/V and Driver Left Scene",No Controls,1,0,No Injury,NA,41.81606,-71.41988,FALSE,FALSE,"Broad Street and Broad Street, Providence, RI, USA",FALSE,-71.4101636,41.7945838,route,geometric_center,"broad st, providence, ri, usa",NA,NA,NA,NA,41.7945838,-71.4101636,Med,2523.0126506392407,FALSE,FALSE
739,2020-04-25,817611,20:38:00,Pedestrian,1,NA,1,ELMWOOD AVENUE,PARKIS AVE,2020-04-25,"Two-Way , Not Divided",Dry,Dark - Lighted,Clear,Not a Collision Between Two Motor Vehicles in Transport,No,No Controls,2,1,Incapacitating,NA,41.80892,-71.42459,FALSE,FALSE,"Elmwood Avenue and Parkis Ave, Providence, RI, USA",FALSE,-71.4245337,41.809159,intersection,geometric_center,"elmwood ave & parkis ave, providence, ri 02907, usa",NA,NA,NA,NA,41.809159,-71.4245337,Med High,27.01235948650187,FALSE,FALSE
740,2020-04-21,816329,17:00:00,Pedestrian,1,NA,1,broad street,SACKETT ST,2020-04-21,"Two-Way , Not Divided",Wet,Daylight,Rain,Not a Collision Between Two Motor Vehicles in Transport,"Yes, M/V and Driver Left Scene",No Controls,1,1,Complains Of Pain,NA,41.79614,-71.4121,FALSE,FALSE,"Broad Street and Sackett Street, Providence, RI, USA",FALSE,-71.4183646,41.7942259,route,geometric_center,"sackett st, providence, ri, usa","Broad Street & Sackett Street, Providence, RI, USA",EjJCcm9hZCBTdHJlZXQgJiBTYWNrZXR0IFN0cmVldCwgUHJvdmlkZW5jZSwgUkksIFVTQSJmImQKFAoSCWd7_VeJT-SJEYpZL4NwfcCcEhQKEglne_1XiU_kiRGKWS-DcH3AnBoUChIJg9591YxP5IkRLKLKk5hLCKMaFAoSCZdEqH6PT-SJEbKg-cvhkLFFIgoNIJfpGBXOX2_V,41.796176,-71.4121266,41.796176,-71.4121266,Med,4.575302343715075,FALSE,FALSE
741,2020-04-18,816246,09:59:00,Pedestrian,1,NA,1,NORTH MAIN ST,RANDALL ST,2020-04-18,"Two-Way, Divided, Positive Median Barrier",Wet,Daylight,Snow,Not a Collision Between Two Motor Vehicles in Transport,No,Pavement Markings,2,1,Complains Of Pain,NA,41.83666,-71.40959,FALSE,FALSE,"North Main Street and Randall Street, Providence, RI, USA",FALSE,-71.4107138,41.837311,route,geometric_center,"randall st, providence, ri, usa","North Main Street & Randall Street, Providence, RI, USA",EjdOb3J0aCBNYWluIFN0cmVldCAmIFJhbmRhbGwgU3RyZWV0LCBQcm92aWRlbmNlLCBSSSwgVVNBImYiZAoUChIJDY71Lh5F5IkRRD0q_3pm2QwSFAoSCQ2O9S4eReSJEUQ9Kv96ZtkMGhQKEgn5-kE93kTkiRFf162-DVwjPxoUChIJl4Ahbx5F5IkRBUfDXuGiS6oiCg2M9-8YFVXBb9U,41.837966,-71.4096299,41.837966,-71.4096299,Med,145.42091224605633,FALSE,FALSE
742,2020-04-14,816215,21:17:00,Pedestrian,1,NA,1,CRANSTON STREET,HANOVER ST,2020-04-14,"Two-Way , Not Divided",Dry,Dark - Lighted,Clear,Not a Collision Between Two Motor Vehicles in Transport,"Yes, M/V and Driver Left Scene",No Controls,1,1,Non-Incapacitating,NA,41.80933,-71.43368,FALSE,FALSE,"Cranston Street and Hanover Street, Providence, RI, USA",FALSE,-71.4335598,41.80949100000001,intersection,geometric_center,"cranston st & hanover st, providence, ri 02907, usa",NA,NA,NA,NA,41.80949100000001,-71.4335598,Med High,20.510571782590958,FALSE,FALSE
743,2020-04-13,816204,14:10:00,Bicycle,NA,1,1,WESTMINSTER ST,BOUGH ST,2020-04-14,"Two-Way, Divided, Positive Median Barrier",Dry,Daylight,Rain,Head-On (Front - to - Front),"Yes, M/V and Driver Left Scene",No Controls,2,1,Complains Of Pain,NA,41.81656,-71.44159,FALSE,FALSE,"Westminster Street and Bough Street, Providence, RI, USA",FALSE,-71.4418328,41.816627,intersection,geometric_center,"bough st & westminster st, providence, ri 02909, usa",NA,NA,NA,NA,41.816627,-71.4418328,Med High,21.480220614311147,FALSE,FALSE
744,2020-04-11,816148,13:06:00,Bicycle,NA,1,1,NORTH MAIN ST,WHITE ST,2020-04-11,"Two-Way , Not Divided",Dry,Daylight,Clear,Not a Collision Between Two Motor Vehicles in Transport,No,Traffic Control Signal,4,1,Complains Of Pain,NA,41.85548,-71.40015,FALSE,FALSE,"North Main Street and White Street, Providence, RI, USA",FALSE,-71.4001394,41.855496,route,geometric_center,"white st, providence, ri, usa","North Main Street & White Street, Providence, RI, USA",EjVOb3J0aCBNYWluIFN0cmVldCAmIFdoaXRlIFN0cmVldCwgUHJvdmlkZW5jZSwgUkksIFVTQSJmImQKFAoSCVsuhlLHROSJEWBPecKyaCOiEhQKEglbLoZSx0TkiRFgT3nCsmgjohoUChIJ-fpBPd5E5IkRX9etvg1cIz8aFAoSCR1ItAS7ROSJEWP65zKBtMXWIgoNUKTyGBUONHHV,41.855496,-71.4001394,41.855496,-71.4001394,Med,1.9861536575379588,FALSE,FALSE
745,2020-04-10,816124,07:30:00,Bicycle,NA,1,1,ORMS ST,SMITH ST,2020-04-10,"Two-Way, Divided, Positive Median Barrier",Dry,Daylight,Clear,Not a Collision Between Two Motor Vehicles in Transport,No,Traffic Control Signal,2,0,No Injury,NA,41.83377,-71.42198,FALSE,FALSE,"Orms Street and Smith Street, Providence, RI, USA",FALSE,-71.4219437,41.8337775,intersection,geometric_center,"orms st & smith st, providence, ri 02904, usa",NA,NA,NA,NA,41.8337775,-71.4219437,Med High,3.124418663472993,FALSE,FALSE
746,2020-04-08,816135,01:26:00,Pedestrian,1,NA,1,ATLANTIC AVE,Broad Street,2020-04-10,"Two-Way , Not Divided",Dry,Dark - Lighted,Clear,Not a Collision Between Two Motor Vehicles in Transport,"Yes, M/V and Driver Left Scene",No Controls,1,1,Complains Of Pain,NA,41.79934,-71.41632,FALSE,FALSE,"Atlantic Ave and Broad Street, Providence, RI, USA",FALSE,-71.4161381,41.7994012,intersection,geometric_center,"atlantic ave & broad st, providence, ri 02907, usa",NA,NA,NA,NA,41.7994012,-71.4161381,Med High,16.561454680228742,FALSE,FALSE
747,2020-04-07,816052,11:32:00,Pedestrian,1,NA,1,110 LOCKWOOD ST,NA,2020-04-07,Unknown,Dry,Daylight,Clear,Not a Collision Between Two Motor Vehicles in Transport,No,No Controls,4,1,Complains Of Pain,NA,NA,NA,TRUE,TRUE,"110 Lockwood Street, Providence, RI, USA",FALSE,-71.4100376,41.8113647,premise,rooftop,"110 lockwood st, providence, ri 02903, usa",NA,NA,NA,NA,41.8113647,-71.4100376,High,NA,FALSE,FALSE
748,2020-04-06,816048,20:10:00,Bicycle,NA,1,1,PLAINFIELD ST EXIT,PLAINFIELD ST,2020-04-06,"Two-Way , Not Divided",Dry,Dark - Lighted,Clear,Not a Collision Between Two Motor Vehicles in Transport,No,Pavement Markings,3,1,Complains Of Pain,NA,41.81539,-71.44587,FALSE,FALSE,"Plainfield Street Exit and Plainfield Street, Providence, RI, USA",FALSE,-71.4643452,41.8067161,route,geometric_center,"plainfield st, rhode island, usa",NA,NA,NA,NA,41.8067161,-71.4643452,Med,1811.6768217406102,FALSE,FALSE
749,2020-04-03,816018,20:30:00,Pedestrian,1,NA,1,GLENBRIDGE AVE,LARK ST,2020-04-03,"Two-Way , Not Divided",Wet,Dark - Lighted,Rain,Not a Collision Between Two Motor Vehicles in Transport,No,No Controls,2,1,Complains Of Pain,NA,41.82556,-71.45854,FALSE,FALSE,"Glenbridge Ave and Lark Street, Providence, RI, USA",FALSE,-71.4586329,41.82545630000001,intersection,geometric_center,"glenbridge ave & lark st, providence, ri 02909, usa",NA,NA,NA,NA,41.82545630000001,-71.4586329,Med High,13.879753997853204,FALSE,FALSE
750,2020-04-02,815989,17:06:00,Pedestrian,1,NA,1,ATWELLS AVE,BRADFORD ST,2020-04-02,"Two-Way , Not Divided",Dry,Daylight,Cloudy,Not a Collision Between Two Motor Vehicles in Transport,No,Pavement Markings,3,1,Complains Of Pain,NA,41.82323,-71.42183,FALSE,FALSE,"Atwells Ave and Bradford Street, Providence, RI, USA",FALSE,-71.42178969999999,41.8232404,intersection,geometric_center,"atwells ave & bradford st, providence, ri 02903, usa",NA,NA,NA,NA,41.8232404,-71.42178969999999,Med High,3.5379082841720098,FALSE,FALSE
751,2020-03-28,815897,11:51:00,Bicycle,NA,1,1,POCASSET AVE,LAUREL HILL AVE,2020-03-28,"Two-Way, Divided, Unprotected (painted>4feet) Medium",Dry,Daylight,Clear,Angle (Front - to - Side) Right Angle (Includes Broadside),No,Traffic Control Signal,2,0,No Injury,NA,41.81072,-71.4541,FALSE,FALSE,"Pocasset Ave and Laurel Hill Ave, Providence, RI, USA",FALSE,-71.454084,41.8107702,intersection,geometric_center,"pocasset ave & laurel hill ave, providence, ri 02909, usa",NA,NA,NA,NA,41.8107702,-71.454084,Med High,5.743762448742963,FALSE,FALSE
752,2020-03-24,815849,17:12:00,Pedestrian,1,NA,1,POCASSET AVE,MERCY ST,2020-03-24,"Two-Way , Not Divided",Dry,Daylight,Cloudy,Not a Collision Between Two Motor Vehicles in Transport,"Yes, M/V and Driver Left Scene",No Controls,2,1,Complains Of Pain,NA,41.80862,-71.45557,FALSE,FALSE,"Pocasset Ave and Mercy Street, Providence, RI, USA",FALSE,-71.455635,41.808529,intersection,geometric_center,"mercy st & pocasset ave, providence, ri 02909, usa",NA,NA,NA,NA,41.808529,-71.455635,Med High,11.476359127349244,FALSE,FALSE
753,2020-03-20,815744,06:02:00,Pedestrian,1,NA,1,N. Main Street,Eight Street,2020-03-20,"Two-Way, Divided, Positive Median Barrier",Dry,Dawn,Clear,Not a Collision Between Two Motor Vehicles in Transport,No,No Controls,2,1,Complains Of Pain,2,NA,NA,FALSE,FALSE,"N. Main Street and Eight Street, Providence, RI, USA",FALSE,-71.4128343,41.8239891,locality,approximate,"providence, ri, usa",NA,NA,NA,NA,41.8239891,-71.4128343,Med,NA,FALSE,FALSE
754,2020-03-20,815752,15:07:00,Pedestrian,1,NA,1,BROAD STREET,MARLBOROUGH AVE,2020-03-20,"Two-Way , Not Divided",Dry,Daylight,Clear,Not a Collision Between Two Motor Vehicles in Transport,No,No Controls,3,1,Complains Of Pain,NA,41.80572,-71.41978,FALSE,FALSE,"Broad Street and Marlborough Ave, Providence, RI, USA",FALSE,-71.4189611,41.8059292,route,geometric_center,"marlborough ave, providence, ri 02907, usa","Broad Street & Marlborough Ave, Providence, RI, USA",EjNCcm9hZCBTdHJlZXQgJiBNYXJsYm9yb3VnaCBBdmUsIFByb3ZpZGVuY2UsIFJJLCBVU0EiZiJkChQKEglR7-KWfEXkiRFBJfKWuTXvyRIUChIJUe_ilnxF5IkRQSXylrk178kaFAoSCYPefdWMT-SJESyiypOYSwijGhQKEgk1YTGvfEXkiRE3Z9YAHJc_VyIKDbkM6xgVnjRu1Q,41.8057401,-71.4197858,41.8057401,-71.4197858,Med,2.2886961469221467,FALSE,FALSE
755,2020-03-19,815736,18:08:00,Pedestrian,2,NA,1,MANTON AVE,SHERIDAN ST,2020-03-19,"Two-Way , Not Divided",Wet,Daylight,Cloudy,Not a Collision Between Two Motor Vehicles in Transport,No,No Controls,5,2,Non-Incapacitating,NA,41.8237,-71.45158,FALSE,FALSE,"Manton Ave and Sheridan Street, Providence, RI, USA",FALSE,-71.45149669999999,41.8236497,intersection,geometric_center,"sheridan st & manton ave, providence, ri 02909, usa",NA,NA,NA,NA,41.8236497,-71.45149669999999,Med High,8.894016921061883,FALSE,FALSE
756,2020-03-16,815612,04:18:00,Pedestrian,1,NA,1,EAST DR,MIDDLE DR,2020-03-16,"Two-Way , Not Divided",Dry,Dark - Lighted,Clear,Not a Collision Between Two Motor Vehicles in Transport,"Yes, M/V and Driver Left Scene",No Controls,2,1,Non-Incapacitating,NA,41.85234,-71.44313,FALSE,FALSE,"East Dr and Middle Dr, Providence, RI, USA",FALSE,-71.4440701,41.8520336,route,geometric_center,"middle dr, providence, ri 02904, usa","East Dr & Middle Dr, Providence, RI, USA",EihFYXN0IERyICYgTWlkZGxlIERyLCBQcm92aWRlbmNlLCBSSSwgVVNBImYiZAoUChIJAQL6sU9E5IkRgQsf-EsGNjkSFAoSCQEC-rFPROSJEYELH_hLBjY5GhQKEgmJxzSVT0TkiRFgmvRwcw2djhoUChIJ0YzPvE9E5IkRJiPGWOjsb_8iCg3XD_IYFRWDatU,41.8516951,-71.44399150000001,41.8516951,-71.44399150000001,Med,101.27520254174604,FALSE,FALSE
757,2020-03-16,815629,08:06:00,Bicycle,NA,1,1,Manton Avenue,Chaffee Street,2020-03-16,"Two-Way, Divided, Unprotected (painted>4feet) Medium",Dry,Daylight,Clear,Not a Collision Between Two Motor Vehicles in Transport,No,Pavement Markings,3,1,Incapacitating,1,NA,NA,FALSE,FALSE,"Manton Avenue and Chaffee Street, Providence, RI, USA",FALSE,-71.4456512,41.8187415,intersection,geometric_center,"chaffee st & manton ave, providence, ri 02909, usa",NA,NA,NA,NA,41.8187415,-71.4456512,Med High,NA,FALSE,FALSE
758,2020-03-14,815555,21:11:00,Bicycle,NA,1,1,MEMORIAL BLVD,FRANCIS ST,2020-03-14,"Two-Way, Divided, Positive Median Barrier",Dry,Dark - Lighted,Clear,Not a Collision Between Two Motor Vehicles in Transport,No,Traffic Control Signal,3,1,Complains Of Pain,NA,41.8259,-71.41535,FALSE,FALSE,"Memorial Blvd and Francis Street, Providence, RI, USA",FALSE,-71.4153098,41.8257791,intersection,geometric_center,"memorial blvd & francis st, providence, ri 02903, usa",NA,NA,NA,NA,41.8257791,-71.4153098,Med High,13.865500523563528,FALSE,FALSE
759,2020-03-13,815433,07:05:00,Pedestrian,1,NA,1,STEUBEN ST,ATWELLS AVE,2020-03-13,"Two-Way , Not Divided",Wet,Daylight,Rain,Not a Collision Between Two Motor Vehicles in Transport,No,Pavement Markings,5,1,Complains Of Pain,NA,41.82504,-71.44935,FALSE,FALSE,"Steuben Street and Atwells Ave, Providence, RI, USA",FALSE,-71.4493409,41.8251,intersection,geometric_center,"atwells ave & steuben st, providence, ri 02909, usa",NA,NA,NA,NA,41.8251,-71.4493409,Med High,6.72169205279048,FALSE,FALSE
760,2020-03-12,815401,16:39:00,Pedestrian,1,NA,1,MANTON AVE,POPE ST,2020-03-12,"Two-Way , Not Divided",Dry,Daylight,Clear,Not a Collision Between Two Motor Vehicles in Transport,"Yes, M/V and Driver Left Scene",No Controls,1,1,Complains Of Pain,NA,41.82186,-71.44906,FALSE,FALSE,"Manton Ave and Pope Street, Providence, RI, USA",FALSE,-71.4490548,41.8218793,intersection,geometric_center,"pope st & manton ave, providence, ri 02909, usa",NA,NA,NA,NA,41.8218793,-71.4490548,Med High,2.1913456023084468,FALSE,FALSE
761,2020-03-11,815306,14:42:00,Pedestrian,1,NA,1,BRANCH AVE,VANDEWATER ST,2020-03-11,"Two-Way, Divided, Unprotected (painted>4feet) Medium",Dry,Daylight,Clear,Other,"Yes, M/V and Driver Left Scene",No Controls,1,1,Complains Of Pain,NA,41.85364,-71.42871,FALSE,FALSE,"Branch Ave and Vandewater Street, Providence, RI, USA",FALSE,-71.428823,41.8536926,intersection,geometric_center,"vandewater st & branch ave, providence, ri 02904, usa",NA,NA,NA,NA,41.8536926,-71.428823,Med High,11.04873092185774,FALSE,FALSE
762,2020-03-10,815226,10:15:00,Pedestrian,1,NA,1,WASHINGTON ST,SERVICE ROAD 8,2020-03-10,"Two-Way , Not Divided",Dry,Daylight,Clear,Angle (Front - to - Side) Right Angle (Includes Broadside),No,No Controls,2,1,Complains Of Pain,NA,41.82021,-71.41885,FALSE,FALSE,"Washington Street and Service Road 8, Providence, RI, USA",FALSE,-71.391257,41.7939064,street_address,range_interpolated,"8 service rd, providence, ri 02905, usa",NA,NA,NA,NA,41.7939064,-71.391257,Med High,3716.9838235708867,FALSE,FALSE
763,2020-03-10,815261,20:12:00,Pedestrian,1,NA,1,PITMAN ST,BUTLER AVE,2020-03-10,"Two-Way , Not Divided",Dry,Dark - Lighted,Cloudy,Not a Collision Between Two Motor Vehicles in Transport,No,Pavement Markings,5,1,Fatal,NA,41.8268,-71.38713,FALSE,FALSE,"Pitman Street and Butler Ave, Providence, RI, USA",FALSE,-71.3859622,41.8268029,intersection,geometric_center,"butler ave & pitman st, providence, ri 02906, usa",NA,NA,NA,NA,41.8268029,-71.3859622,Med High,96.87105638525061,FALSE,FALSE
764,2020-03-09,815171,13:28:00,Pedestrian,1,NA,1,ROGER WILLIAMS CT,ELMWOOD AVE,2020-03-09,"Two-Way, Divided, Positive Median Barrier",Dry,Daylight,Clear,Not a Collision Between Two Motor Vehicles in Transport,No,No Controls,2,1,Non-Incapacitating,NA,41.78912,-71.42138,FALSE,FALSE,"Roger Williams Ct and Elmwood Ave, Providence, RI, USA",FALSE,-71.4213539,41.7891335,intersection,geometric_center,"roger williams ct & elmwood ave, providence, ri 02904, usa",NA,NA,NA,NA,41.7891335,-71.4213539,Med High,2.636534266453775,FALSE,FALSE
765,2020-03-09,815181,14:41:00,Bicycle,NA,1,1,FOUNTAIN ST,DORRANCE ST,2020-03-09,One-Way Trafficway,Dry,Daylight,Clear,Not a Collision Between Two Motor Vehicles in Transport,No,Traffic Control Signal,3,1,Complains Of Pain,NA,41.82482,-71.41422,FALSE,FALSE,"Fountain Street and Dorrance Street, Providence, RI, USA",FALSE,-71.41462489999999,41.8249124,intersection,geometric_center,"fountain st & dorrance st, providence, ri 02903, usa",NA,NA,NA,NA,41.8249124,-71.41462489999999,Med High,35.127673727368695,FALSE,FALSE
766,2020-03-09,815196,17:02:00,Pedestrian,1,NA,1,ACADEMY AVENUE,ARMINGTON AVE,2020-03-09,"Two-Way, Divided, Unprotected (painted>4feet) Medium",Dry,Daylight,Clear,Not a Collision Between Two Motor Vehicles in Transport,No,No Controls,3,1,Complains Of Pain,NA,41.8274,-71.44374,FALSE,FALSE,"Academy Avenue and Armington Ave, Providence, RI, USA",FALSE,-71.4437257,41.8272559,intersection,geometric_center,"academy ave & armington ave, providence, ri 02908, usa",NA,NA,NA,NA,41.8272559,-71.4437257,Med High,16.084936551589205,FALSE,FALSE
767,2020-03-08,815092,15:02:00,Pedestrian,1,NA,1,BROAD ST,ADELAIDE AVE,2020-03-08,"Two-Way , Not Divided",Dry,Daylight,Clear,Not a Collision Between Two Motor Vehicles in Transport,No,No Controls,2,1,Complains Of Pain,NA,41.79837,-71.41488,FALSE,FALSE,"Broad Street and Adelaide Ave, Providence, RI, USA",FALSE,-71.4229955,41.7965181,route,geometric_center,"adelaide ave, providence, ri 02907, usa","Broad Street & Adelaide Ave, Providence, RI, USA",EjBCcm9hZCBTdHJlZXQgJiBBZGVsYWlkZSBBdmUsIFByb3ZpZGVuY2UsIFJJLCBVU0EiZiJkChQKEgmHmKxWiE_kiRHEyK6zP1G3PRIUChIJh5isVohP5IkRxMiusz9Rtz0aFAoSCYPefdWMT-SJESyiypOYSwijGhQKEgn7ze1zhE_kiRG6QeI0WTshsiIKDUkA6hgV2dxu1Q,41.7988681,-71.4154791,41.7988681,-71.4154791,Med,74.4740598155574,FALSE,FALSE
768,2020-03-07,815010,16:25:00,Pedestrian,1,NA,1,Angell St,Hope St,2020-03-07,One-Way Trafficway,Dry,Daylight,Clear,Not a Collision Between Two Motor Vehicles in Transport,No,Traffic Control Signal,4,1,Complains Of Pain,NA,41.8284,-71.39751,FALSE,FALSE,"Angell Street and Hope Street, Providence, RI, USA",FALSE,-71.3974982,41.8284083,intersection,geometric_center,"hope st & angell st, providence, ri 02906, usa",NA,NA,NA,NA,41.8284083,-71.3974982,Med High,1.3460080850877418,FALSE,FALSE
769,2020-03-05,814758,13:42:00,Pedestrian,1,NA,1,UNION ST,WASHINGTON ST,2020-03-05,"Two-Way , Not Divided",Dry,Daylight,Clear,Not a Collision Between Two Motor Vehicles in Transport,"Yes, M/V and Driver Left Scene",No Controls,1,1,Complains Of Pain,NA,41.82357,-71.41395,FALSE,FALSE,"Union Street and Washington Street, Providence, RI, USA",FALSE,-71.4128343,41.8239891,locality,approximate,"providence, ri, usa","Union Street & Washington Street, Providence, RI, USA",EjVVbmlvbiBTdHJlZXQgJiBXYXNoaW5ndG9uIFN0cmVldCwgUHJvdmlkZW5jZSwgUkksIFVTQSJmImQKFAoSCXvJS8cTReSJEcVp0B49EFpXEhQKEgl7yUvHE0XkiRHFadAePRBaVxoUChIJc0CzlRNF5IkRkkTXyjBrnRAaFAoSCanazZwSReSJERoH0JajEjT2IgoN_cbtGBWuFm_V,41.8236157,-71.4139986,41.8236157,-71.4139986,Med,6.491125326716155,FALSE,FALSE
770,2020-03-03,815286,08:30:00,Pedestrian,1,NA,1,CRANSTON ST,FRICKER ST,2020-03-11,"Two-Way , Not Divided",Dry,Daylight,Clear,Not a Collision Between Two Motor Vehicles in Transport,"Yes, M/V and Driver Left Scene",Traffic Control Signal,1,1,Complains Of Pain,NA,41.81709,-71.4224,FALSE,FALSE,"Cranston Street and Fricker Street, Providence, RI, USA",FALSE,-71.42230959999999,41.817219,intersection,geometric_center,"cranston st & fricker st, providence, ri 02903, usa",NA,NA,NA,NA,41.817219,-71.42230959999999,Med High,16.200760913849575,FALSE,FALSE
771,2020-03-02,814513,09:20:00,Pedestrian,1,NA,1,GEORGE ST,BENEFIT ST,2020-03-02,"Two-Way , Not Divided",Dry,Daylight,Clear,Not a Collision Between Two Motor Vehicles in Transport,No,Pavement Markings,2,1,Complains Of Pain,NA,41.82517,-71.40609,FALSE,FALSE,"George Street and Benefit Street, Providence, RI, USA",FALSE,-71.4068354,41.8260134,route,geometric_center,"benefit st, providence, ri, usa","George Street & Benefit Street, Providence, RI, USA",EjNHZW9yZ2UgU3RyZWV0ICYgQmVuZWZpdCBTdHJlZXQsIFByb3ZpZGVuY2UsIFJJLCBVU0EiZiJkChQKEglLFzKIPUXkiRE-uNyDZgKeMBIUChIJSxcyiD1F5IkRPrjcg2YCnjAaFAoSCcfqJGM7ReSJEbJnjjYuSZRlGhQKEgl52TgIPUXkiRHF9uaqCsJSKiIKDaMA7hgVe0pw1Q,41.8250915,-71.4061189,41.8250915,-71.4061189,Med,9.061461877137623,FALSE,FALSE
772,2020-03-02,814563,16:03:00,Pedestrian,1,NA,1,George St,Brown St,2020-03-02,"Two-Way , Not Divided",Dry,Daylight,Clear,Not a Collision Between Two Motor Vehicles in Transport,No,Pavement Markings,4,1,Complains Of Pain,2,41.82535,-71.40276,FALSE,FALSE,"George Street and Brown Street, Providence, RI, USA",FALSE,-71.4034266,41.82934,route,geometric_center,"brown st, providence, ri, usa","George Street & Brown Street, Providence, RI, USA",EjFHZW9yZ2UgU3RyZWV0ICYgQnJvd24gU3RyZWV0LCBQcm92aWRlbmNlLCBSSSwgVVNBImYiZAoUChIJPSHA-DxF5IkRr_LorNZUunsSFAoSCT0hwPg8ReSJEa_y6KzWVLp7GhQKEgnH6iRjO0XkiRGyZ442LkmUZRoUChIJjdFj6CJF5IkRfjtAGSc-nD0iCg0BC-4YFajPcNU,41.8253569,-71.4027096,41.8253569,-71.4027096,Med,4.250812246263413,FALSE,FALSE
773,2020-03-02,814571,16:19:00,Pedestrian,1,NA,1,BARRY RD,BARRY RD,2020-03-02,"Two-Way , Not Divided",Dry,Daylight,Clear,Not a Collision Between Two Motor Vehicles in Transport,"Yes, M/V and Driver Left Scene",No Controls,2,1,Incapacitating,NA,41.81821,-71.4504,FALSE,FALSE,"Barry Rd and Barry Rd, Providence, RI, USA",FALSE,-71.451192699999993,41.8179555,route,geometric_center,"barry rd, providence, ri 02909, usa",NA,NA,NA,NA,41.8179555,-71.451192699999993,Med,71.60723974452844,FALSE,FALSE
774,2020-02-29,813409,18:40:00,Bicycle,NA,1,1,MEMORIAL BLVD,FRANCIS ST,2020-02-29,One-Way Trafficway,Dry,Dark - Lighted,Clear,Not a Collision Between Two Motor Vehicles in Transport,No,Traffic Control Signal,4,1,Complains Of Pain,NA,41.8259,-71.41535,FALSE,FALSE,"Memorial Blvd and Francis Street, Providence, RI, USA",FALSE,-71.4153098,41.8257791,intersection,geometric_center,"memorial blvd & francis st, providence, ri 02903, usa",NA,NA,NA,NA,41.8257791,-71.4153098,Med High,13.865500523563528,FALSE,FALSE
775,2020-02-28,813355,16:12:00,Pedestrian,1,NA,1,douglas ave,DOUGLAS AVE,2020-02-28,"Two-Way , Not Divided",Dry,Daylight,Clear,Not a Collision Between Two Motor Vehicles in Transport,No,No Controls,2,1,Complains Of Pain,NA,41.83605,-71.41962,FALSE,FALSE,"Douglas Ave and Douglas Ave, Providence, RI, USA",FALSE,-71.4649957,41.8715442,intersection,geometric_center,"douglas turnpike & douglas ave, north providence, ri 02904, usa",NA,NA,NA,NA,41.8715442,-71.4649957,Med High,5455.959475214034,FALSE,FALSE
776,2020-02-27,813232,09:11:00,Pedestrian,1,NA,1,RUGGLES ST,Smith Street,2020-02-27,"Two-Way , Not Divided",Wet,Daylight,Rain,Not a Collision Between Two Motor Vehicles in Transport,No,Stop Signs,3,1,Complains Of Pain,NA,41.83624,-71.42825,FALSE,FALSE,"Ruggles Street and Smith Street, Providence, RI, USA",FALSE,-71.4282411,41.8361735,intersection,geometric_center,"smith st & ruggles st, providence, ri 02908, usa",NA,NA,NA,NA,41.8361735,-71.4282411,Med High,7.439457483585426,FALSE,FALSE
777,2020-02-27,813256,19:25:00,Pedestrian,1,NA,1,4TH ST,HIGHLAND AVE,2020-02-27,"Two-Way , Not Divided",Dry,Dark - Lighted,Clear,Not a Collision Between Two Motor Vehicles in Transport,No,Stop Signs,2,0,No Injury,NA,41.85116,-71.4001,TRUE,FALSE,"4th Street, Providence, RI, USA",FALSE,-71.3970393,41.850095,route,geometric_center,"4th st, providence, ri 02906, usa",NA,NA,NA,NA,41.850095,-71.3970393,High,280.11962171833216,FALSE,FALSE
778,2020-02-26,813200,20:26:00,Pedestrian,1,NA,1,LIEGE ST,DOUGLAS AVE,2020-02-26,"Two-Way, Divided, Unprotected (painted>4feet) Medium",Wet,Dark - Lighted,Clear,Unknown,No,No Controls,5,1,Complains Of Pain,NA,41.84161,-71.42747,FALSE,FALSE,"Liege Street and Douglas Ave, Providence, RI, USA",FALSE,-71.4274607,41.841629,intersection,geometric_center,"douglas ave & liege st, providence, ri 02908, usa",NA,NA,NA,NA,41.841629,-71.4274607,Med High,2.2513057260245004,FALSE,FALSE
779,2020-02-23,812899,00:15:00,Pedestrian,1,NA,1,987 NORTH MAIN ST,DEXTERDALE RD,2020-02-23,"Two-Way, Divided, Positive Median Barrier",Dry,Dark - Lighted,Clear,Not a Collision Between Two Motor Vehicles in Transport,No,No Controls,3,1,Non-Incapacitating,NA,41.84849,-71.40412,TRUE,FALSE,"987 North Main Street, Providence, RI, USA",FALSE,-71.40363640000001,41.8482753,premise,rooftop,"987 n main st, providence, ri 02904, usa",NA,NA,NA,NA,41.8482753,-71.40363640000001,High,46.68374421436774,FALSE,FALSE