row_number,crash_date,crash_report_id,crash_time,collision_type,count_pedestrian,count_bicycle,number_of_vehicles,street_or_highway,nearest_intersection,report_date,type_of_roadway,road_surface_condition,light_condition,weather_condition,manner_of_impact,hit_and_run,traffic_control,person_count,injury_count,most_serious_injury,number_of_lanes,lat_raw,lon_raw,has_st_number,is_intersection_null,address_sent_to_geocoder,is_address_blank,lon_api_first_try,lat_api_first_try,type,loctype,address_returned_by_geocoder,address_returned_by_autocomplete,place_ids_autocompleted,lat_api_second_try,lon_api_second_try,lat_api_best,lon_api_best,api_coord_conf,distance_btwn_coords_meters,scooter,wheel_chair
780,2020-02-23,812906,02:19:00,Pedestrian,1,NA,1,Broad Street,Detroit Avenue,2020-02-23,"Two-Way , Not Divided",Dry,Dark - Lighted,Clear,Not a Collision Between Two Motor Vehicles in Transport,"Yes, M/V and Driver Left Scene",No Controls,2,1,Non-Incapacitating,1,NA,NA,FALSE,FALSE,"Broad Street and Detroit Avenue, Providence, RI, USA",FALSE,-71.4120396,41.7932779,route,geometric_center,"detroit ave, providence, ri 02907, usa","Broad Street & Detroit Avenue, Providence, RI, USA",EjJCcm9hZCBTdHJlZXQgJiBEZXRyb2l0IEF2ZW51ZSwgUHJvdmlkZW5jZSwgUkksIFVTQSJmImQKFAoSCa0TWW-MT-SJEZOOXfqCQfLREhQKEgmtE1lvjE_kiRGTjl36gkHy0RoUChIJg9591YxP5IkRLKLKk5hLCKMaFAoSCRliwiuMT-SJEQt0lHPzfPUlIgoN7lDpGBVYtm_V,41.794379,-71.4099112,41.794379,-71.4099112,Med,NA,FALSE,FALSE
781,2020-02-23,812957,21:11:00,Pedestrian,1,NA,1,BROAD ST,BROAD ST,2020-02-23,"Two-Way , Not Divided",Dry,Daylight,Clear,Not a Collision Between Two Motor Vehicles in Transport,No,No Controls,2,1,Complains Of Pain,NA,41.81434,-71.42119,FALSE,FALSE,"Broad Street and Broad Street, Providence, RI, USA",FALSE,-71.4101636,41.7945838,route,geometric_center,"broad st, providence, ri, usa",NA,NA,NA,NA,41.7945838,-71.4101636,Med,2381.9901459798607,FALSE,FALSE
782,2020-02-21,812856,16:00:00,Bicycle,NA,1,1,SERVICE ROAD 3,WESTMINSTER ST,2020-02-22,"Two-Way , Not Divided",Dry,Daylight,Clear,"Sidwswipe, Opposite Direction","Yes, M/V and Driver Left Scene",No Controls,1,1,Complains Of Pain,NA,41.81632,-71.44059,FALSE,FALSE,"Service Road 3 and Westminster Street, Providence, RI, USA",FALSE,-71.40892649999999,41.8252921,street_address,range_interpolated,"3 westminster st, providence, ri 02903, usa",NA,NA,NA,NA,41.8252921,-71.40892649999999,Med High,2810.2461045519303,FALSE,FALSE
783,2020-02-20,812757,18:49:00,Pedestrian,1,NA,1,Wayland Ave,Waterman St,2020-02-20,"Two-Way , Not Divided",Dry,Dark - Lighted,Clear,Not a Collision Between Two Motor Vehicles in Transport,No,Traffic Control Signal,4,1,Complains Of Pain,2,41.8286,-71.38838,FALSE,FALSE,"Wayland Ave and Waterman Street, Providence, RI, USA",FALSE,-71.38835329999999,41.8286345,intersection,geometric_center,"wayland ave & waterman st, providence, ri 02906, usa",NA,NA,NA,NA,41.8286345,-71.38835329999999,Med High,4.4333588926923095,FALSE,FALSE
784,2020-02-19,812675,15:49:00,Pedestrian,1,NA,1,ROCHAMBEAU AVE,HOPE ST,2020-02-19,"Two-Way , Not Divided",Dry,Daylight,Clear,Not a Collision Between Two Motor Vehicles in Transport,No,Traffic Control Signal,2,1,Complains Of Pain,NA,41.84691,-71.39599,FALSE,FALSE,"Rochambeau Ave and Hope Street, Providence, RI, USA",FALSE,-71.3960532,41.8469319,intersection,geometric_center,"hope st & rochambeau ave, providence, ri 02906, usa",NA,NA,NA,NA,41.8469319,-71.3960532,Med High,5.780146982725109,FALSE,FALSE
785,2020-02-17,812530,23:50:00,Pedestrian,1,NA,1,NA,CRANSTON ST,2020-02-17,"Two-Way , Not Divided",Dry,Dark - Lighted,Clear,Not a Collision Between Two Motor Vehicles in Transport,"Yes, M/V and Driver Left Scene",Traffic Control Signal,1,1,Complains Of Pain,NA,41.80316,-71.43987,NA,FALSE,"NA and Cranston Street, Providence, RI, USA",FALSE,-71.4492555,41.7959835,route,geometric_center,"cranston st, providence, ri, usa",NA,NA,NA,NA,41.7959835,-71.4492555,Med,1115.730812602672,FALSE,FALSE
786,2020-02-13,812169,06:32:00,Pedestrian,1,NA,1,Plain Street,Lockwood Street,2020-02-13,"Two-Way , Not Divided",Wet,Dark - Unknown Lighting,Rain,Not a Collision Between Two Motor Vehicles in Transport,No,No Controls,3,1,Incapacitating,NA,41.81238,-71.41199,FALSE,FALSE,"Plain Street and Lockwood Street, Providence, RI, USA",FALSE,-71.4119241,41.8123839,intersection,geometric_center,"lockwood st & plain st, providence, ri 02903, usa",NA,NA,NA,NA,41.8123839,-71.4119241,Med High,5.484930034202716,FALSE,FALSE
787,2020-02-13,812260,21:09:00,Pedestrian,1,NA,1,Smith St,Orms St,2020-02-13,"Two-Way, Divided, Unprotected (painted>4feet) Medium",Wet,Dark - Lighted,Cloudy,Not a Collision Between Two Motor Vehicles in Transport,"Yes, M/V and Driver Left Scene",No Controls,1,1,Complains Of Pain,NA,41.83377,-71.42198,FALSE,FALSE,"Smith Street and Orms Street, Providence, RI, USA",FALSE,-71.4219437,41.8337775,intersection,geometric_center,"orms st & smith st, providence, ri 02904, usa",NA,NA,NA,NA,41.8337775,-71.4219437,Med High,3.124418663472993,FALSE,FALSE
788,2020-02-11,812012,07:56:00,Pedestrian,1,NA,1,Sabin Street,West Exchange Street,2020-02-11,One-Way Trafficway,Wet,Daylight,Rain,Not a Collision Between Two Motor Vehicles in Transport,No,No Controls,4,1,Complains Of Pain,1,NA,NA,FALSE,FALSE,"Sabin Street and West Exchange Street, Providence, RI, USA",FALSE,-71.4152876,41.8248645,intersection,geometric_center,"sabin st & w exchange st, providence, ri 02903, usa",NA,NA,NA,NA,41.8248645,-71.4152876,Med High,NA,FALSE,FALSE
789,2020-02-11,812015,08:13:00,Pedestrian,1,NA,1,BROAD ST,ADELAIDE AVE,2020-02-11,"Two-Way , Not Divided",Wet,Daylight,Rain,Not a Collision Between Two Motor Vehicles in Transport,No,Pavement Markings,3,1,Complains Of Pain,NA,41.79891,-71.41554,FALSE,FALSE,"Broad Street and Adelaide Ave, Providence, RI, USA",FALSE,-71.4229955,41.7965181,route,geometric_center,"adelaide ave, providence, ri 02907, usa","Broad Street & Adelaide Ave, Providence, RI, USA",EjBCcm9hZCBTdHJlZXQgJiBBZGVsYWlkZSBBdmUsIFByb3ZpZGVuY2UsIFJJLCBVU0EiZiJkChQKEgmHmKxWiE_kiRHEyK6zP1G3PRIUChIJh5isVohP5IkRxMiusz9Rtz0aFAoSCYPefdWMT-SJESyiypOYSwijGhQKEgn7ze1zhE_kiRG6QeI0WTshsiIKDUkA6hgV2dxu1Q,41.7988681,-71.4154791,41.7988681,-71.4154791,Med,6.8773421146456295,FALSE,FALSE
790,2020-02-11,812072,19:05:00,Pedestrian,1,NA,1,FRANCIS ST,FINANCE WAY,2020-02-11,"Two-Way , Not Divided",Wet,Dark - Lighted,Rain,Not a Collision Between Two Motor Vehicles in Transport,No,Traffic Control Signal,3,1,Incapacitating,NA,41.82754,-71.41539,FALSE,FALSE,"Francis Street and Finance Way, Providence, RI, USA",FALSE,-71.4141847,41.8276529,route,geometric_center,"finance way, providence, ri 02903, usa","Francis Street & Finance Way, Providence, RI, USA",EjFGcmFuY2lzIFN0cmVldCAmIEZpbmFuY2UgV2F5LCBQcm92aWRlbmNlLCBSSSwgVVNBImYiZAoUChIJV0u8VBBF5IkRSbWudbN2R1USFAoSCVdLvFQQReSJEUm1rnWzdkdVGhQKEgnjCiVZEEXkiREJ12uSbA5CmxoUChIJTVXC7xBF5IkRh9pEKJ3E5UwiCg3zXO4YFdnfbtU,41.8274547,-71.4154023,41.8274547,-71.4154023,Med,9.55020993368889,FALSE,FALSE
791,2020-02-05,811713,09:19:00,Pedestrian,1,NA,1,100 Butler Drive,100 Butler Drive,2020-02-05,"Two-Way , Not Divided",Dry,Daylight,Clear,Not a Collision Between Two Motor Vehicles in Transport,No,No Controls,3,1,Complains Of Pain,1,NA,NA,TRUE,FALSE,"100 Butler Drive, Providence, RI, USA",FALSE,-71.3798427,41.8418993,premise,rooftop,"100 butler dr, providence, ri 02906, usa",NA,NA,NA,NA,41.8418993,-71.3798427,High,NA,FALSE,FALSE
792,2020-02-04,811700,23:05:00,Pedestrian,1,NA,2,460 SMITH ST,CHALKSTONE AVE,2020-02-05,"Two-Way , Not Divided",Wet,Dark - Lighted,Rain,Rear End(Front-to-Rear),No,No Controls,4,1,Complains Of Pain,NA,41.83541,-71.42612,TRUE,FALSE,"460 Smith Street, Providence, RI, USA",FALSE,-71.4264456,41.8352609,premise,rooftop,"460 smith st, providence, ri 02908, usa",NA,NA,NA,NA,41.8352609,-71.4264456,High,31.69815818973301,FALSE,TRUE
793,2020-02-01,811518,10:24:00,Pedestrian,1,NA,1,CHALKSTONE AVE,FALLON AVE,2020-02-01,"Two-Way , Not Divided",Dry,Daylight,Clear,Not a Collision Between Two Motor Vehicles in Transport,"Yes, M/V and Driver Left Scene",Pavement Markings,1,1,Complains Of Pain,NA,41.83234,-71.44342,FALSE,FALSE,"Chalkstone Ave and Fallon Ave, Providence, RI, USA",FALSE,-71.443344,41.832336,intersection,geometric_center,"fallon ave & chalkstone ave, providence, ri 02908, usa",NA,NA,NA,NA,41.832336,-71.443344,Med High,6.319459922443281,FALSE,FALSE
794,2020-02-01,811556,19:20:00,Bicycle,NA,1,1,CRANSTON ST,HUNTINGTON AVE,2020-02-01,"Two-Way , Not Divided",Dry,Dark - Lighted,Clear,Not a Collision Between Two Motor Vehicles in Transport,No,Traffic Control Signal,2,0,No Injury,NA,41.80406,-71.43888,FALSE,FALSE,"Cranston Street and Huntington Ave, Providence, RI, USA",FALSE,-71.4392216,41.80375230000001,intersection,geometric_center,"cranston st & huntington ave, providence, ri 02907, usa",NA,NA,NA,NA,41.80375230000001,-71.4392216,Med High,44.46100325275554,FALSE,FALSE
795,2020-01-29,811324,18:37:00,Pedestrian,1,NA,1,SERVICE ROAD 7,BROAD ST,2020-01-29,One-Way Trafficway,Dry,Dark - Lighted,Clear,Other,"Yes, M/V and Driver Left Scene",Traffic Control Signal,1,1,Complains Of Pain,NA,41.81737,-71.41698,FALSE,FALSE,"Service Road 7 and Broad Street, Providence, RI, USA",FALSE,-71.4169529,41.8173732,intersection,geometric_center,"service rd 1 & broad st, providence, ri 02903, usa",NA,NA,NA,NA,41.8173732,-71.4169529,Med High,2.2763561034346877,FALSE,FALSE
796,2020-01-27,811272,08:32:00,Pedestrian,1,NA,1,EXCHANGE TER,EXCHANGE ST,2020-01-28,One-Way Trafficway,Dry,Daylight,Cloudy,Not a Collision Between Two Motor Vehicles in Transport,No,Stop Signs,3,1,Complains Of Pain,NA,41.82611,-71.4116,FALSE,FALSE,"Exchange Ter and Exchange Street, Providence, RI, USA",FALSE,-71.41480469999999,41.8250247,intersection,geometric_center,"exchange terrace & w exchange st, providence, ri 02903, usa",NA,NA,NA,NA,41.8250247,-71.41480469999999,Med High,292.00465251643567,FALSE,FALSE
797,2020-01-26,811190,15:34:00,Pedestrian,1,NA,1,WHIPPLE ST,ADMIRAL ST,2020-01-26,"Two-Way , Not Divided",Dry,Daylight,Clear,Not a Collision Between Two Motor Vehicles in Transport,No,Traffic Control Signal,7,1,Incapacitating,NA,41.84068,-71.41897,FALSE,FALSE,"Whipple Street and Admiral Street, Providence, RI, USA",FALSE,-71.4189756,41.8406503,intersection,geometric_center,"admiral st & whipple st, providence, ri 02908, usa",NA,NA,NA,NA,41.8406503,-71.4189756,Med High,3.3386489749767594,FALSE,FALSE
798,2020-01-25,811153,18:04:00,Pedestrian,1,NA,1,NARRAGANSETT BLVD,OHIO AVE,2020-01-25,"Two-Way , Not Divided",Wet,Dark - Lighted,Rain,Not a Collision Between Two Motor Vehicles in Transport,No,No Controls,3,1,Incapacitating,NA,41.78986,-71.39628,FALSE,FALSE,"Narragansett Blvd and Ohio Ave, Providence, RI, USA",FALSE,-71.39628739999999,41.7898851,intersection,geometric_center,"ohio ave & narragansett blvd, providence, ri 02905, usa",NA,NA,NA,NA,41.7898851,-71.39628739999999,Med High,2.8608278297037733,FALSE,FALSE
799,2020-01-24,811069,15:59:00,Pedestrian,1,NA,1,ELMWOOD AVE,POTTERS AVE,2020-01-24,"Two-Way , Not Divided",Dry,Daylight,Clear,Not a Collision Between Two Motor Vehicles in Transport,"Yes, M/V and Driver Left Scene",Traffic Control Signal,2,1,Complains Of Pain,2,41.80121,-71.42643,FALSE,FALSE,"Elmwood Ave and Potters Ave, Providence, RI, USA",FALSE,-71.4263655,41.8015172,intersection,geometric_center,"potters ave & elmwood ave, providence, ri 02907, usa",NA,NA,NA,NA,41.8015172,-71.4263655,Med High,34.61369183259751,FALSE,FALSE
800,2020-01-24,811082,19:25:00,Bicycle,NA,1,1,STEEPLE ST,CANAL ST,2020-01-24,"Two-Way , Not Divided",Dry,Dark - Lighted,Cloudy,Angle (Front - to - Side) Right Angle (Includes Broadside),No,Traffic Control Signal,2,1,Complains Of Pain,NA,41.82718,-71.40991,FALSE,FALSE,"Steeple Street and Canal Street, Providence, RI, USA",FALSE,-71.409902,41.8271852,intersection,geometric_center,"steeple st & canal st, providence, ri 02903, usa",NA,NA,NA,NA,41.8271852,-71.409902,Med High,0.8805986010145954,FALSE,FALSE
801,2020-01-24,811090,20:48:00,Pedestrian,1,NA,1,PEARL ST,PINE ST,2020-01-24,"Two-Way , Not Divided",Dry,Dark - Lighted,Clear,Not a Collision Between Two Motor Vehicles in Transport,No,No Controls,2,1,Complains Of Pain,NA,41.81346,-71.41852,FALSE,FALSE,"Pearl Street and Pine Street, Providence, RI, USA",FALSE,-71.4150417,41.8172574,route,geometric_center,"pine st, providence, ri, usa","Pearl Street & Pine Street, Providence, RI, USA",Ei9QZWFybCBTdHJlZXQgJiBQaW5lIFN0cmVldCwgUHJvdmlkZW5jZSwgUkksIFVTQSJmImQKFAoSCbnzLNNxReSJEeVCVuUiRrW0EhQKEgm58yzTcUXkiRHlQlblIka1tBoUChIJDZuFNG5F5IkRuqHtdeVKVQoaFAoSCTmTCVNsReSJEaApLPBv78I8IgoNbDzsGBV3Y27V,41.8135148,-71.4185865,41.8135148,-71.4185865,Med,8.225299329244361,FALSE,FALSE
802,2020-01-23,810989,19:21:00,Pedestrian,1,NA,1,POCASSET AVE,MAGNOLIA ST,2020-01-23,"Two-Way , Not Divided",Dry,Dark - Lighted,Clear,Not a Collision Between Two Motor Vehicles in Transport,"Yes, M/V and Driver Left Scene",No Controls,1,1,Complains Of Pain,2,41.81152,-71.4514,FALSE,FALSE,"Pocasset Ave and Magnolia Street, Providence, RI, USA",FALSE,-71.4499342,41.8119098,intersection,geometric_center,"pocasset ave & magnolia st, providence, ri 02909, usa",NA,NA,NA,NA,41.8119098,-71.4499342,Med High,129.12781024249892,FALSE,FALSE
803,2020-01-21,810849,18:29:00,Pedestrian,1,NA,1,WILLARD AVE,PLAIN ST,2020-01-21,"Two-Way , Not Divided",Dry,Dark - Lighted,Clear,Not a Collision Between Two Motor Vehicles in Transport,No,Stop Signs,3,1,Complains Of Pain,NA,41.80891,-71.41075,FALSE,FALSE,"Willard Ave and Plain Street, Providence, RI, USA",FALSE,-71.41075959999999,41.8089396,intersection,geometric_center,"willard ave & plain st, providence, ri 02905, usa",NA,NA,NA,NA,41.8089396,-71.41075959999999,Med High,3.3899704397634083,FALSE,FALSE
804,2020-01-18,810614,22:10:00,Pedestrian,1,NA,1,oakland ave,SMITH ST,2020-01-18,"Two-Way , Not Divided",Snow,Dark - Lighted,Snow,Not a Collision Between Two Motor Vehicles in Transport,"Yes, M/V and Driver Left Scene",No Controls,1,1,Complains Of Pain,NA,41.83606,-71.43046,FALSE,FALSE,"Oakland Ave and Smith Street, Providence, RI, USA",FALSE,-71.43045500000001,41.8362474,intersection,geometric_center,"oakland ave & smith st, providence, ri 02908, usa",NA,NA,NA,NA,41.8362474,-71.43045500000001,Med High,20.865393982883933,FALSE,FALSE
805,2020-01-18,810635,23:03:00,Pedestrian,1,NA,1,Elmwood Ave,CARTER ST,2020-01-19,"Two-Way , Not Divided",Snow,Dark - Lighted,Snow,"Sideswipe, Same Direction",No,No Controls,3,1,Complains Of Pain,NA,41.80069,-71.42654,FALSE,FALSE,"Elmwood Ave and Carter Street, Providence, RI, USA",FALSE,-71.426574,41.800197,intersection,geometric_center,"carter st & elmwood ave, providence, ri 02907, usa",NA,NA,NA,NA,41.800197,-71.426574,Med High,54.95299039191859,FALSE,FALSE
806,2020-01-17,810467,07:40:00,Pedestrian,1,NA,1,BROAD ST,THURBERS AVE,2020-01-17,"Two-Way , Not Divided",Dry,Daylight,Clear,Not a Collision Between Two Motor Vehicles in Transport,No,Pavement Markings,4,1,Complains Of Pain,NA,41.79811,-71.41456,FALSE,FALSE,"Broad Street and Thurbers Ave, Providence, RI, USA",FALSE,-71.4072534,41.7996465,route,geometric_center,"thurbers ave, providence, ri 02905, usa","Broad Street & Thurbers Ave, Providence, RI, USA",EjBCcm9hZCBTdHJlZXQgJiBUaHVyYmVycyBBdmUsIFByb3ZpZGVuY2UsIFJJLCBVU0EiZiJkChQKEgnVbsoGiU_kiRFIi3UXtPpeWRIUChIJ1W7KBolP5IkRSIt1F7T6XlkaFAoSCYPefdWMT-SJESyiypOYSwijGhQKEgkroyggYEXkiRGzStN47BclxSIKDUjm6RgVr_xu1Q,41.7982024,-71.4146641,41.7982024,-71.4146641,Med,13.432575382959785,FALSE,FALSE
807,2020-01-17,810505,18:05:00,Pedestrian,1,NA,1,THURBERS AVE,OCEAN ST,2020-01-17,"Two-Way , Not Divided",Dry,Dark - Lighted,Clear,Not a Collision Between Two Motor Vehicles in Transport,No,No Controls,3,1,Complains Of Pain,NA,41.7993,-71.409,FALSE,FALSE,"Thurbers Ave and Ocean Street, Providence, RI, USA",FALSE,-71.4089834,41.7993122,intersection,geometric_center,"thurbers ave & ocean st, providence, ri 02905, usa",NA,NA,NA,NA,41.7993122,-71.4089834,Med High,1.934467263245549,FALSE,FALSE
808,2020-01-16,810423,14:57:00,Pedestrian,1,NA,1,CHALKSTONE AVE,RIVER AVE,2020-01-16,"Two-Way , Not Divided",Dry,Daylight,Clear,Not a Collision Between Two Motor Vehicles in Transport,No,No Controls,5,1,Complains Of Pain,2,41.83252,-71.43882,FALSE,FALSE,"Chalkstone Ave and River Ave, Providence, RI, USA",FALSE,-71.4385411,41.8325962,intersection,geometric_center,"river ave & chalkstone ave, providence, ri 02908, usa",NA,NA,NA,NA,41.8325962,-71.4385411,Med High,24.639214202201973,FALSE,FALSE
809,2020-01-11,810317,12:28:00,Bicycle,NA,1,1,Manton Ave,Aleppo St,2020-01-15,"Two-Way , Not Divided",Dry,Daylight,Clear,Other,No,No Controls,3,1,Complains Of Pain,NA,41.82019,-71.44695,FALSE,FALSE,"Manton Ave and Aleppo Street, Providence, RI, USA",FALSE,-71.4462075,41.8193627,intersection,geometric_center,"aleppo st & manton ave, providence, ri 02909, usa",NA,NA,NA,NA,41.8193627,-71.4462075,Med High,110.79595213324185,FALSE,FALSE
810,2020-01-08,809880,15:17:00,Pedestrian,1,NA,1,FRICKER STREET,CRANSTON ST,2020-01-08,One-Way Trafficway,Snow,Daylight,Snow,Not a Collision Between Two Motor Vehicles in Transport,"Yes, M/V and Driver Left Scene",No Controls,1,1,Complains Of Pain,NA,41.81657,-71.42176,FALSE,FALSE,"Fricker Street and Cranston Street, Providence, RI, USA",FALSE,-71.42230959999999,41.817219,intersection,geometric_center,"cranston st & fricker st, providence, ri 02903, usa",NA,NA,NA,NA,41.817219,-71.42230959999999,Med High,85.43201444155592,FALSE,FALSE
811,2020-01-06,809737,15:30:00,Pedestrian,1,NA,1,PLAINFIELD ST,PLAINFIELD ST,2020-01-06,"Two-Way , Not Divided",Dry,Daylight,Clear,Not a Collision Between Two Motor Vehicles in Transport,No,No Controls,3,1,Complains Of Pain,2,41.81444,-71.447,FALSE,FALSE,"Plainfield Street and Plainfield Street, Providence, RI, USA",FALSE,-71.4643452,41.8067161,route,geometric_center,"plainfield st, rhode island, usa",NA,NA,NA,NA,41.8067161,-71.4643452,Med,1676.4562238213537,FALSE,FALSE
812,2020-01-03,809587,13:27:00,Pedestrian,1,NA,1,Bucklin Street,Whitmarsh Street,2020-01-03,"Two-Way , Not Divided",Dry,Daylight,Clear,Not a Collision Between Two Motor Vehicles in Transport,No,No Controls,2,0,No Injury,1,NA,NA,FALSE,FALSE,"Bucklin Street and Whitmarsh Street, Providence, RI, USA",FALSE,-71.4278013,41.8059079,intersection,geometric_center,"bucklin st & whitmarsh st, providence, ri 02907, usa",NA,NA,NA,NA,41.8059079,-71.4278013,Med High,NA,FALSE,FALSE
813,2020-01-02,809510,10:47:00,Pedestrian,1,NA,1,118 DUDLEY ST,NA,2020-01-02,Unknown,Dry,Daylight,Clear,Not a Collision Between Two Motor Vehicles in Transport,No,No Controls,2,1,Complains Of Pain,NA,NA,NA,TRUE,TRUE,"118 Dudley Street, Providence, RI, USA",FALSE,-71.4118003,41.8096319,premise,rooftop,"118 dudley st, providence, ri 02905, usa",NA,NA,NA,NA,41.8096319,-71.4118003,High,NA,FALSE,FALSE
814,2020-01-01,809378,03:35:00,Pedestrian,1,NA,1,YALE AVE,LYNCH ST,2020-01-01,"Two-Way , Not Divided",Dry,Dark - Lighted,Clear,Unknown,"Yes, M/V and Driver Left Scene",Stop Signs,1,1,Complains Of Pain,NA,41.82677,-71.45203,FALSE,FALSE,"Yale Ave and Lynch Street, Providence, RI, USA",FALSE,-71.452187,41.8267669,intersection,geometric_center,"yale ave & lynch st, providence, ri 02908, usa",NA,NA,NA,NA,41.8267669,-71.452187,Med High,13.027930779218357,FALSE,FALSE
815,2019-12-30,809302,22:17:00,Pedestrian,1,NA,1,BROAD ST,LENOX AVE,2019-12-31,"Two-Way , Not Divided",Wet,Dark - Lighted,Rain,Not a Collision Between Two Motor Vehicles in Transport,No,Pavement Markings,2,1,Complains Of Pain,2,41.79828,-71.41478,FALSE,FALSE,"Broad Street and Lenox Ave, Providence, RI, USA",FALSE,-71.4128343,41.8239891,locality,approximate,"providence, ri, usa","Broad Street & Lenox Ave, Providence, RI, USA",Ei1Ccm9hZCBTdHJlZXQgJiBMZW5veCBBdmUsIFByb3ZpZGVuY2UsIFJJLCBVU0EiZiJkChQKEgmT6t8AiU_kiRFShKlWkME5IRIUChIJk-rfAIlP5IkRUoSpVpDBOSEaFAoSCYPefdWMT-SJESyiypOYSwijGhQKEgmLIQXfhU_kiRERQQXUPieyyyIKDcnq6RgVUvdu1Q,41.7983177,-71.4148014,41.7983177,-71.4148014,Med,4.557044796571498,FALSE,FALSE
816,2019-12-29,809207,13:39:00,Pedestrian,1,NA,1,Elmwood Avenue,W. Friendship Street,2019-12-29,"Two-Way, Divided, Unprotected (painted>4feet) Medium",Dry,Daylight,Clear,Not a Collision Between Two Motor Vehicles in Transport,No,Traffic Control Signal,2,1,Complains Of Pain,1,NA,NA,FALSE,FALSE,"Elmwood Avenue and W. Friendship Street, Providence, RI, USA",FALSE,-71.42407299999999,41.80989,intersection,geometric_center,"w friendship st & elmwood ave, providence, ri 02907, usa",NA,NA,NA,NA,41.80989,-71.42407299999999,Med High,NA,FALSE,FALSE
817,2019-12-27,809071,17:13:00,Pedestrian,1,NA,1,DEAN ST,ATWELLS AVE,2019-12-27,"Two-Way , Not Divided",Dry,Dark - Lighted,Clear,Not a Collision Between Two Motor Vehicles in Transport,No,Traffic Control Signal,3,1,Non-Incapacitating,NA,41.82332,-71.42413,FALSE,FALSE,"Dean Street and Atwells Ave, Providence, RI, USA",FALSE,-71.4242155,41.8234078,intersection,geometric_center,"atwells ave & dean st, providence, ri 02903, usa",NA,NA,NA,NA,41.8234078,-71.4242155,Med High,12.076207714014418,FALSE,FALSE
818,2019-12-25,808930,17:46:00,Bicycle,NA,1,1,HARTFORD AVE,HARTFORD AVE,2019-12-25,"Two-Way , Not Divided",Dry,Dark - Lighted,Clear,Not a Collision Between Two Motor Vehicles in Transport,"Yes, M/V and Driver Left Scene",No Controls,7,1,Non-Incapacitating,NA,41.81967,-71.46639,FALSE,FALSE,"Hartford Ave and Hartford Ave, Providence, RI, USA",FALSE,-71.4587339,41.8185901,route,geometric_center,"hartford ave, providence, ri, usa","Hartford Ave Service Rd & Hartford Ave, Johnston, Providence, RI, USA",EkVIYXJ0Zm9yZCBBdmUgU2VydmljZSBSZCAmIEhhcnRmb3JkIEF2ZSwgSm9obnN0b24sIFByb3ZpZGVuY2UsIFJJLCBVU0EiZiJkChQKEgmP4Jty0EfkiRFZT82Cwq1hZxIUChIJj-CbctBH5IkRWU_NgsKtYWcaFAoSCUk2WRTQR-SJEffJJKBODzFaGhQKEgkvAx61JEbkiRGCwC0vu7gN1iIKDdap7hgVnoNc1Q,41.829423,-71.5357282,41.829423,-71.5357282,Med,5853.464439180463,FALSE,FALSE
819,2019-12-23,808791,16:43:00,Pedestrian,1,NA,1,LEDGE ST,PETER ST,2019-12-23,"Two-Way , Not Divided",Dry,Dark - Lighted,Clear,Not a Collision Between Two Motor Vehicles in Transport,No,No Controls,2,1,Complains Of Pain,2,41.85338,-71.41955,FALSE,FALSE,"Ledge Street and Peter Street, Providence, RI, USA",FALSE,-71.4128343,41.8239891,locality,approximate,"providence, ri, usa","Ledge Street & Peter Street, Providence, RI, USA",EjBMZWRnZSBTdHJlZXQgJiBQZXRlciBTdHJlZXQsIFByb3ZpZGVuY2UsIFJJLCBVU0EiZiJkChQKEgmrbHjl8UTkiRFG7-gU333jtxIUChIJq2x45fFE5IkRRu_oFN9947caFAoSCT_xOnPuROSJEZQVmiAl9zyqGhQKEglZahCN8UTkiRFgh-aBG5qSYSIKDTpb8hgVgVxu1Q,41.853625,-71.4187647,41.853625,-71.4187647,Med,70.59551176293161,FALSE,FALSE
820,2019-12-23,808792,16:56:00,Bicycle,NA,1,1,RICHMOND STREET,EDDY STREET,2019-12-23,"Two-Way , Not Divided",Dry,Dark - Not Lighted,Clear,Other,No,No Controls,3,0,No Injury,NA,41.83616,-71.41597,FALSE,FALSE,"Richmond Street and Eddy Street, Providence, RI, USA",FALSE,-71.4065248,41.8156786,intersection,geometric_center,"richmond st & eddy st, providence, ri 02903, usa",NA,NA,NA,NA,41.8156786,-71.4065248,Med High,2410.846368754316,FALSE,FALSE
821,2019-12-23,808799,18:28:00,Pedestrian,1,NA,1,LORETO ST,TOURO ST,2019-12-23,"Two-Way , Not Divided",Dry,Dark - Lighted,Clear,Not a Collision Between Two Motor Vehicles in Transport,"Yes, M/V and Driver Left Scene",Stop Signs,1,1,Complains Of Pain,NA,41.84794,-71.41871,FALSE,FALSE,"Loreto Street and Touro Street, Providence, RI, USA",FALSE,-71.4187001,41.84796420000001,intersection,geometric_center,"touro st & loreto st, providence, ri 02904, usa",NA,NA,NA,NA,41.84796420000001,-71.4187001,Med High,2.81624234156064,FALSE,FALSE
822,2019-12-20,808628,10:19:00,Pedestrian,1,NA,1,PLAINFIELD ST,DIKE ST,2019-12-20,"Two-Way , Not Divided",Dry,Daylight,Clear,Not a Collision Between Two Motor Vehicles in Transport,No,No Controls,3,1,Complains Of Pain,NA,41.81651,-71.44418,FALSE,FALSE,"Plainfield Street and Dike Street, Providence, RI, USA",FALSE,-71.444405,41.816372,intersection,geometric_center,"dike st & plainfield st, providence, ri 02909, usa",NA,NA,NA,NA,41.816372,-71.444405,Med High,24.175461849058788,FALSE,FALSE