row_number,crash_date,crash_report_id,crash_time,collision_type,count_pedestrian,count_bicycle,number_of_vehicles,street_or_highway,nearest_intersection,report_date,type_of_roadway,road_surface_condition,light_condition,weather_condition,manner_of_impact,hit_and_run,traffic_control,person_count,injury_count,most_serious_injury,number_of_lanes,lat_raw,lon_raw,has_st_number,is_intersection_null,address_sent_to_geocoder,is_address_blank,lon_api_first_try,lat_api_first_try,type,loctype,address_returned_by_geocoder,address_returned_by_autocomplete,place_ids_autocompleted,lat_api_second_try,lon_api_second_try,lat_api_best,lon_api_best,api_coord_conf,distance_btwn_coords_meters,scooter,wheel_chair
823,2019-12-19,808497,11:54:00,Pedestrian,1,NA,1,Pine St,DYER ST,2019-12-19,One-Way Trafficway,Dry,Daylight,Clear,Not a Collision Between Two Motor Vehicles in Transport,"Yes, M/V and Driver Left Scene",No Controls,2,1,Complains Of Pain,NA,41.82384,-71.40863,FALSE,FALSE,"Pine Street and Dyer Street, Providence, RI, USA",FALSE,-71.4081942,41.8218617,route,geometric_center,"dyer st, providence, ri 02903, usa","Pine Street & Dyer Street, Providence, RI, USA",Ei5QaW5lIFN0cmVldCAmIER5ZXIgU3RyZWV0LCBQcm92aWRlbmNlLCBSSSwgVVNBImYiZAoUChIJf6HwdxZF5IkR6kwTVVwQX5MSFAoSCX-h8HcWReSJEepME1VcEF-TGhQKEgk5kwlTbEXkiRGgKSzwb-_CPBoUChIJM5PpuhVF5IkR0PCpQ0HnfmUiCg1C0O0YFe3xb9U,41.823853,-71.4083859,41.823853,-71.4083859,Med,20.300990617988358,FALSE,FALSE
824,2019-12-19,808527,16:33:00,Pedestrian,1,NA,1,BROADWAY,AMERICA ST,2019-12-19,"Two-Way , Not Divided",Dry,Dark - Lighted,Clear,Not a Collision Between Two Motor Vehicles in Transport,No,Pavement Markings,3,1,Complains Of Pain,2,41.82046,-71.42654,FALSE,FALSE,"Broadway and America Street, Providence, RI, USA",FALSE,-71.4273932,41.8220583,route,geometric_center,"america st, providence, ri 02903, usa","Broadway & America Street, Providence, RI, USA",Ei5Ccm9hZHdheSAmIEFtZXJpY2EgU3RyZWV0LCBQcm92aWRlbmNlLCBSSSwgVVNBImYiZAoUChIJfUkS5HRF5IkRyRq3zJw_zvQSFAoSCX1JEuR0ReSJEckat8ycP870GhQKEgmlteWGdUXkiREawjOx16RvsxoUChIJG9WSLHVF5IkRA9aZMV9ct_QiCg16TO0YFcUsbdU,41.8204794,-71.4265403,41.8204794,-71.4265403,Med,2.159741524416889,FALSE,FALSE
825,2019-12-17,808283,05:45:00,Pedestrian,1,NA,1,244 smith street,SMITH ST,2019-12-17,"Two-Way , Not Divided",Wet,Dark - Lighted,"Sleet, Hail (Freezing Rain or Drizzle)",Not a Collision Between Two Motor Vehicles in Transport,No,No Controls,3,1,Complains Of Pain,NA,41.83284,-71.41965,TRUE,FALSE,"244 Smith Street, Providence, RI, USA",FALSE,-71.4196892,41.8324254,premise,rooftop,"244 smith st, providence, ri 02908, usa",NA,NA,NA,NA,41.8324254,-71.4196892,High,46.26744638141102,FALSE,FALSE
826,2019-12-17,808330,17:50:00,Bicycle,NA,1,1,BENEVOLENT ST,BROWN ST,2019-12-17,"Two-Way, Not Divided With a Continuous Left Turn Lane",Wet,Dark - Lighted,"Sleet, Hail (Freezing Rain or Drizzle)",Not a Collision Between Two Motor Vehicles in Transport,No,No Controls,2,1,Complains Of Pain,NA,41.8246,-71.40271,FALSE,FALSE,"Benevolent Street and Brown Street, Providence, RI, USA",FALSE,-71.40268929999999,41.8246153,intersection,geometric_center,"brown st & benevolent st, providence, ri 02906, usa",NA,NA,NA,NA,41.8246153,-71.40268929999999,Med High,2.4185649012404284,FALSE,FALSE
827,2019-12-14,808094,02:00:00,Pedestrian,1,NA,1,727 Cranston Street,ANTHONY AVE,2019-12-14,"Two-Way , Not Divided",Wet,Dark - Lighted,Rain,Not a Collision Between Two Motor Vehicles in Transport,No,No Controls,3,1,Incapacitating,2,41.80465,-71.43823,TRUE,FALSE,"727 Cranston Street, Providence, RI, USA",FALSE,-71.4384032,41.8049401,street_address,rooftop,"727 cranston st, providence, ri 02907, usa",NA,NA,NA,NA,41.8049401,-71.4384032,High,35.34750054216666,FALSE,FALSE
828,2019-12-13,808064,20:19:00,Pedestrian,1,NA,1,WHIPPLE ST,ADMIRAL ST,2019-12-13,"Two-Way , Not Divided",Wet,Dark - Lighted,Rain,Not a Collision Between Two Motor Vehicles in Transport,No,No Controls,2,1,Complains Of Pain,NA,41.84049,-71.41906,FALSE,FALSE,"Whipple Street and Admiral Street, Providence, RI, USA",FALSE,-71.4189756,41.8406503,intersection,geometric_center,"admiral st & whipple st, providence, ri 02908, usa",NA,NA,NA,NA,41.8406503,-71.4189756,Med High,19.168225201469863,FALSE,FALSE
829,2019-12-10,807712,16:11:00,Pedestrian,1,NA,1,FRANCIS ST,AMERICAN EXPRESS PLZ,2019-12-10,"Two-Way , Not Divided",Wet,Dark - Lighted,Rain,Not a Collision Between Two Motor Vehicles in Transport,No,Traffic Control Signal,2,1,Complains Of Pain,2,41.82745,-71.41541,FALSE,FALSE,"Francis Street and American Express Plz, Providence, RI, USA",FALSE,-71.4128343,41.8239891,locality,approximate,"providence, ri, usa",NA,NA,NA,NA,41.8239891,-71.4128343,Med,440.5459489815115,FALSE,FALSE
830,2019-12-09,807600,10:28:00,Pedestrian,1,NA,1,CHALKSTONE AVE,ACADEMY AVE,2019-12-09,"Two-Way , Not Divided",Wet,Daylight,Rain,Not a Collision Between Two Motor Vehicles in Transport,No,Pavement Markings,4,1,Complains Of Pain,NA,41.83246,-71.44464,FALSE,FALSE,"Chalkstone Ave and Academy Ave, Providence, RI, USA",FALSE,-71.44452489999999,41.8324538,intersection,geometric_center,"academy ave & chalkstone ave, providence, ri 02908, usa",NA,NA,NA,NA,41.8324538,-71.44452489999999,Med High,9.571765705797574,FALSE,FALSE
831,2019-12-09,807602,10:47:00,Bicycle,NA,1,1,Weybosset St,Dorrance St,2019-12-09,"Two-Way , Not Divided",Wet,Daylight,Rain,Not a Collision Between Two Motor Vehicles in Transport,No,Traffic Control Signal,3,1,Complains Of Pain,NA,41.82308,-71.41096,FALSE,FALSE,"Weybosset Street and Dorrance Street, Providence, RI, USA",FALSE,-71.4109933,41.8230796,intersection,geometric_center,"weybosset st & dorrance st, providence, ri 02903, usa",NA,NA,NA,NA,41.8230796,-71.4109933,Med High,2.762797431538086,FALSE,FALSE
832,2019-12-09,807648,17:34:00,Pedestrian,1,NA,1,MEMORIAL BLVD,FRANICS ST,2019-12-09,"Two-Way, Divided, Positive Median Barrier",Wet,Dark - Lighted,Rain,Not a Collision Between Two Motor Vehicles in Transport,No,Traffic Control Signal,2,1,Non-Incapacitating,NA,41.82578,-71.41523,FALSE,FALSE,"Memorial Blvd and Franics Street, Providence, RI, USA",FALSE,-71.4153098,41.8257791,intersection,geometric_center,"memorial blvd & francis st, providence, ri 02903, usa",NA,NA,NA,NA,41.8257791,-71.4153098,Med High,6.620376861627431,FALSE,FALSE
833,2019-12-09,807722,16:48:00,Pedestrian,1,NA,1,51 Silver Spring St,Touro St,2019-12-10,Unknown,Dry,Dark - Lighted,Clear,Not a Collision Between Two Motor Vehicles in Transport,No,No Controls,2,1,Complains Of Pain,NA,41.84546,-71.41783,TRUE,FALSE,"51 Silver Spring Street, Providence, RI, USA",FALSE,-71.4166633,41.8454522,premise,rooftop,"51 silver spring st, providence, ri 02904, usa",NA,NA,NA,NA,41.8454522,-71.4166633,High,96.75496345698659,FALSE,FALSE
834,2019-12-08,807531,09:36:00,Bicycle,NA,1,1,HARTFORD AVE,BOWLETT ST,2019-12-08,"Two-Way , Not Divided",Dry,Daylight,Clear,Not a Collision Between Two Motor Vehicles in Transport,"Yes, M/V and Driver Left Scene",No Controls,1,1,Complains Of Pain,NA,41.81907,-71.46225,FALSE,FALSE,"Hartford Ave and Bowlett Street, Providence, RI, USA",FALSE,-71.4622443,41.8191049,intersection,geometric_center,"bowlett st & hartford ave, providence, ri 02909, usa",NA,NA,NA,NA,41.8191049,-71.4622443,Med High,3.913723308407595,FALSE,FALSE
835,2019-12-07,807529,23:03:00,Pedestrian,1,NA,1,DEAN ST,CAHIR ST,2019-12-08,"Two-Way , Not Divided",Dry,Dark - Lighted,Clear,Not a Collision Between Two Motor Vehicles in Transport,"Yes, M/V and Driver Left Scene",No Controls,2,1,Complains Of Pain,NA,41.81823,-71.42019,FALSE,FALSE,"Dean Street and Cahir Street, Providence, RI, USA",FALSE,-71.4201851,41.8182066,intersection,geometric_center,"dean st & cahir st, providence, ri 02903, usa",NA,NA,NA,NA,41.8182066,-71.4201851,Med High,2.6364056066408597,FALSE,FALSE
836,2019-12-06,807356,10:05:00,Bicycle,NA,1,1,HOPE ST,MANNING ST,2019-12-06,"Two-Way , Not Divided",Dry,Daylight,Clear,Not a Collision Between Two Motor Vehicles in Transport,No,No Controls,4,1,Complains Of Pain,NA,41.82653,-71.39727,FALSE,FALSE,"Hope Street and Manning Street, Providence, RI, USA",FALSE,-71.39724629999999,41.8266991,intersection,geometric_center,"hope st & manning st, providence, ri 02906, usa",NA,NA,NA,NA,41.8266991,-71.39724629999999,Med High,18.926507347086826,FALSE,FALSE
837,2019-12-05,807337,19:45:00,Pedestrian,1,NA,1,EXIT 22A (RT ),FRANCIS ST,2019-12-05,"Two-Way, Divided, Positive Median Barrier",Dry,Dark - Lighted,Clear,Not a Collision Between Two Motor Vehicles in Transport,No,Traffic Control Signal,4,1,Incapacitating,NA,41.82577,-71.41527,FALSE,FALSE,"Exit 22a (Rt ) and Francis Street, Providence, RI, USA",FALSE,-71.4153409,41.8284747,route,geometric_center,"francis st, providence, ri, usa",NA,NA,NA,NA,41.8284747,-71.4153409,Med,301.1432612289948,FALSE,FALSE
838,2019-12-05,807420,22:52:00,Pedestrian,1,NA,1,CHARLES ST,SILVER SPRING ST,2019-12-06,"Two-Way , Not Divided",Dry,Dark - Lighted,Cloudy,Not a Collision Between Two Motor Vehicles in Transport,No,No Controls,2,1,Complains Of Pain,NA,41.84488,-71.41873,FALSE,FALSE,"Charles Street and Silver Spring Street, Providence, RI, USA",FALSE,-71.41870639999999,41.8448189,intersection,geometric_center,"silver spring st & charles st, providence, ri 02904, usa",NA,NA,NA,NA,41.8448189,-71.41870639999999,Med High,7.077590077675468,FALSE,FALSE
839,2019-11-29,806817,12:44:00,Pedestrian,1,NA,1,219 Manton Avenue,219 Manton Avenue,2019-11-29,"Two-Way, Divided, Unprotected (painted>4feet) Medium",Dry,Daylight,Clear,Not a Collision Between Two Motor Vehicles in Transport,"Yes, M/V and Driver Left Scene",No Controls,2,1,Non-Incapacitating,1,NA,NA,TRUE,FALSE,"219 Manton Avenue, Providence, RI, USA",FALSE,-71.4477844,41.8211748,premise,rooftop,"219 manton ave, providence, ri 02909, usa",NA,NA,NA,NA,41.8211748,-71.4477844,High,NA,FALSE,FALSE
840,2019-11-27,806764,20:05:00,Bicycle,NA,1,1,WALLACE ST,WEBSTER AVE,2019-11-27,"Two-Way , Not Divided",Wet,Dark - Lighted,Rain,Not a Collision Between Two Motor Vehicles in Transport,"Yes, M/V and Driver Left Scene",Stop Signs,2,0,No Injury,NA,41.80936,-71.44876,FALSE,FALSE,"Wallace Street and Webster Ave, Providence, RI, USA",FALSE,-71.448739,41.8093679,intersection,geometric_center,"webster ave & wallace st, providence, ri 02909, usa",NA,NA,NA,NA,41.8093679,-71.448739,Med High,1.9518001380426682,FALSE,FALSE
841,2019-11-27,806766,19:28:00,Pedestrian,1,NA,1,ELMWOOD AVE,POTTERS AVE,2019-11-27,"Two-Way, Divided, Unprotected (painted>4feet) Medium",Wet,Daylight,Rain,Not a Collision Between Two Motor Vehicles in Transport,"Yes, M/V and Driver Left Scene",Traffic Control Signal,1,1,Complains Of Pain,NA,41.80151,-71.42635,FALSE,FALSE,"Elmwood Ave and Potters Ave, Providence, RI, USA",FALSE,-71.4263655,41.8015172,intersection,geometric_center,"potters ave & elmwood ave, providence, ri 02907, usa",NA,NA,NA,NA,41.8015172,-71.4263655,Med High,1.5155358547808577,FALSE,FALSE
842,2019-11-26,806651,20:36:00,Pedestrian,1,NA,1,BROADWAY,HARRIS AVE,2019-11-26,"Two-Way , Not Divided",Dry,Daylight,Clear,Not a Collision Between Two Motor Vehicles in Transport,No,Pavement Markings,3,1,Complains Of Pain,NA,41.81705,-71.44029,FALSE,FALSE,"Broadway and Harris Ave, Providence, RI, USA",FALSE,-71.4312409,41.825502,route,geometric_center,"harris ave, providence, ri, usa","Broadway & Harris Ave, Providence, RI, USA",EipCcm9hZHdheSAmIEhhcnJpcyBBdmUsIFByb3ZpZGVuY2UsIFJJLCBVU0EiZiJkChQKEgkLmF_1mkXkiRHm61hV9ZuL8RIUChIJC5hf9ZpF5IkR5utYVfWbi_EaFAoSCaW15YZ1ReSJERrCM7HXpG-zGhQKEglzHMMQmUXkiRHVQp50Ku4GJCIKDTbI7BgVHRZr1Q,41.8170934,-71.44022749999999,41.8170934,-71.44022749999999,Med,7.087163121208949,FALSE,FALSE
843,2019-11-25,806494,18:32:00,Pedestrian,1,NA,1,FRANCIS ST,AMERICAN EXPRESS PLZ,2019-11-25,"Two-Way , Not Divided",Dry,Dark - Lighted,Clear,Not a Collision Between Two Motor Vehicles in Transport,No,Traffic Control Signal,4,1,Non-Incapacitating,NA,41.82745,-71.41541,FALSE,FALSE,"Francis Street and American Express Plz, Providence, RI, USA",FALSE,-71.4128343,41.8239891,locality,approximate,"providence, ri, usa",NA,NA,NA,NA,41.8239891,-71.4128343,Med,440.5459489815115,FALSE,FALSE
844,2019-11-24,806355,08:04:00,Pedestrian,1,NA,1,HAWKINS ST,ADMIRAL ST,2019-11-24,"Two-Way , Not Divided",Wet,Daylight,Rain,Not a Collision Between Two Motor Vehicles in Transport,"Yes, M/V and Driver Left Scene",Stop Signs,1,1,Complains Of Pain,NA,41.84594,-71.42837,FALSE,FALSE,"Hawkins Street and Admiral Street, Providence, RI, USA",FALSE,-71.4283351,41.8459297,intersection,geometric_center,"admiral st & hawkins st, providence, ri 02908, usa",NA,NA,NA,NA,41.8459297,-71.4283351,Med High,3.112986694112314,FALSE,FALSE
845,2019-11-23,806319,22:03:00,Pedestrian,1,NA,1,WESTMINSTER ST,STOKES ST,2019-11-23,"Two-Way , Not Divided",Dry,Dark - Lighted,Clear,Not a Collision Between Two Motor Vehicles in Transport,No,No Controls,4,1,Complains Of Pain,NA,41.81668,-71.44236,FALSE,FALSE,"Westminster Street and Stokes Street, Providence, RI, USA",FALSE,-71.4428116,41.8167431,intersection,geometric_center,"westminster st & stokes st, providence, ri 02909, usa",NA,NA,NA,NA,41.8167431,-71.4428116,Med High,38.119474464318095,FALSE,FALSE
846,2019-11-21,806138,13:35:00,Pedestrian,1,NA,1,FRANCIS ST,MEMORIAL BLVD,2019-11-21,"Two-Way , Not Divided",Dry,Daylight,Clear,Other,No,Traffic Control Signal,4,1,Complains Of Pain,4,41.82602,-71.4154,FALSE,FALSE,"Francis Street and Memorial Blvd, Providence, RI, USA",FALSE,-71.4134258,41.8263996,route,geometric_center,"memorial blvd, providence, ri 02903, usa","Francis Street & Memorial Blvd, Providence, RI, USA",EjNGcmFuY2lzIFN0cmVldCAmIE1lbW9yaWFsIEJsdmQsIFByb3ZpZGVuY2UsIFJJLCBVU0EiZiJkChQKEgkDtc6dEUXkiRFK7mftfMbegBIUChIJA7XOnRFF5IkRSu5n7XzG3oAaFAoSCeMKJVkQReSJEQnXa5JsDkKbGhQKEgn3LDO1FkXkiRGsznR5eOTavSIKDRwg7hgVW-Bu1Q,41.8258972,-71.4153893,41.8258972,-71.4153893,Med,13.698818633891795,FALSE,FALSE
847,2019-11-19,805939,09:43:00,Pedestrian,1,NA,1,MEMORIAL BLVD,COLLEGE ST,2019-11-19,"Two-Way , Not Divided",Wet,Daylight,Rain,Not a Collision Between Two Motor Vehicles in Transport,No,Pavement Markings,3,1,Complains Of Pain,NA,41.82523,-71.40892,FALSE,FALSE,"Memorial Blvd and College Street, Providence, RI, USA",FALSE,-71.4088081,41.8253077,intersection,geometric_center,"memorial blvd & college st, providence, ri 02903, usa",NA,NA,NA,NA,41.8253077,-71.4088081,Med High,12.687732446987308,FALSE,FALSE
848,2019-11-19,805971,15:26:00,Pedestrian,1,NA,1,BARTON ST,WESTMINSTER ST,2019-11-19,"Two-Way , Not Divided",Dry,Daylight,Clear,Other,No,School Zone Signs,4,0,No Injury,NA,41.81615,-71.43659,FALSE,FALSE,"Barton Street and Westminster Street, Providence, RI, USA",FALSE,-71.4365339,41.8159344,intersection,geometric_center,"barton st & westminster st, providence, ri 02909, usa",NA,NA,NA,NA,41.8159344,-71.4365339,Med High,24.447619829208943,FALSE,FALSE
849,2019-11-19,805972,17:00:00,Pedestrian,1,NA,1,SOMERSET STREET,BROAD STREET,2019-11-19,"Two-Way , Not Divided",Dry,Dark - Lighted,Clear,Not a Collision Between Two Motor Vehicles in Transport,"Yes, M/V and Driver Left Scene",No Controls,1,1,Non-Incapacitating,NA,41.81735,-71.45075,FALSE,FALSE,"Somerset Street and Broad Street, Providence, RI, USA",FALSE,-71.4101636,41.7945838,route,geometric_center,"broad st, providence, ri, usa","Somerset Street & Broad Street, Providence, RI, USA",EjNTb21lcnNldCBTdHJlZXQgJiBCcm9hZCBTdHJlZXQsIFByb3ZpZGVuY2UsIFJJLCBVU0EiZiJkChQKEgkL8cb6cEXkiRFbmigrIHJHkRIUChIJC_HG-nBF5IkRW5ooKyByR5EaFAoSCevDHxlwReSJEcOvKHyw6CVNGhQKEgmD3n3VjE_kiREsosqTmEsIoyIKDT067BgVsO5t1Q,41.8134589,-71.421576,41.8134589,-71.421576,Med,2458.9042421010454,FALSE,FALSE
850,2019-11-17,805830,21:02:00,Bicycle,NA,NA,2,BROAD ST,SERVICE ROAD 7,2019-11-17,"Two-Way , Not Divided",Dry,Dark - Lighted,Clear,Angle (Front - to - Side) Right Angle (Includes Broadside),"Yes, M/V and Driver Left Scene",Traffic Control Signal,2,0,No Injury,NA,41.81736,-71.41696,FALSE,FALSE,"Broad Street and Service Road 7, Providence, RI, USA",FALSE,-71.4200451,41.8199608,route,geometric_center,"service rd 1, providence, ri, usa","Broad Street & Service Road 7th, Providence, RI, USA",EjRCcm9hZCBTdHJlZXQgJiBTZXJ2aWNlIFJvYWQgN3RoLCBQcm92aWRlbmNlLCBSSSwgVVNBImYiZAoUChIJbbRukG1F5IkRg0XEjUgVvRgSFAoSCW20bpBtReSJEYNFxI1IFb0YGhQKEgmD3n3VjE_kiREsosqTmEsIoxoUChIJB3h0QnZF5IkRyxFdBkwhBUwiCg0k0-wYFUejbtU,41.8173732,-71.4169529,41.8173732,-71.4169529,Med,1.583084453358004,FALSE,FALSE
851,2019-11-15,805597,09:50:00,Pedestrian,1,NA,1,ROUTE 10 SOUTH RESERVOIR AVE EXIT,RESERVOIR AVE,2019-11-15,One-Way Trafficway,Dry,Daylight,Clear,Not a Collision Between Two Motor Vehicles in Transport,No,Pavement Markings,3,1,Complains Of Pain,NA,41.78762,-71.43257,FALSE,FALSE,"Route 10 South Reservoir Ave Exit and Reservoir Ave, Providence, RI, USA",FALSE,-71.4435523,41.779452,route,geometric_center,"reservoir ave, rhode island, usa",NA,NA,NA,NA,41.779452,-71.4435523,Med,1287.5498617733322,FALSE,FALSE
852,2019-11-15,805662,16:45:00,Pedestrian,1,NA,1,MEMORIAL BLVD,FRANCIS ST,2019-11-15,"Two-Way , Not Divided",Dry,Dark - Lighted,Clear,Not a Collision Between Two Motor Vehicles in Transport,No,Traffic Control Signal,3,1,Incapacitating,NA,41.82589,-71.41539,FALSE,FALSE,"Memorial Blvd and Francis Street, Providence, RI, USA",FALSE,-71.4153098,41.8257791,intersection,geometric_center,"memorial blvd & francis st, providence, ri 02903, usa",NA,NA,NA,NA,41.8257791,-71.4153098,Med High,14.023796899532911,FALSE,FALSE
853,2019-11-13,805387,15:57:00,Pedestrian,1,NA,1,UNION AVE,RICOM WAY,2019-11-13,"Two-Way , Not Divided",Dry,Daylight,Clear,Not a Collision Between Two Motor Vehicles in Transport,No,No Controls,3,1,Complains Of Pain,NA,41.80829,-71.44198,FALSE,FALSE,"Union Ave and Ricom Way, Providence, RI, USA",FALSE,-71.4421975,41.8109564,route,geometric_center,"ricom way, providence, ri 02909, usa","Union Ave & Ricom Way, Providence, RI, USA",EipVbmlvbiBBdmUgJiBSaWNvbSBXYXksIFByb3ZpZGVuY2UsIFJJLCBVU0EiZiJkChQKEglNB5WCiEXkiRFtbJid9uWnnBIUChIJTQeVgohF5IkRbWyYnfblp5waFAoSCSOB6ziKReSJEZ7VnzCwxYgvGhQKEgklKeSsiEXkiRHQ8EQ1j3xdmSIKDedw6xgVjdFq1Q,41.8083047,-71.4419827,41.8083047,-71.4419827,Med,1.651661113130397,FALSE,FALSE
854,2019-11-13,805704,15:16:00,Pedestrian,1,NA,1,BROAD ST,FRICKER ST,2019-11-13,"Two-Way , Not Divided",Dry,Daylight,Clear,Not a Collision Between Two Motor Vehicles in Transport,No,Pavement Markings,3,1,Complains Of Pain,NA,41.81528,-71.42066,FALSE,FALSE,"Broad Street and Fricker Street, Providence, RI, USA",FALSE,-71.42173,41.8165575,route,geometric_center,"fricker st, providence, ri, usa","Broad Street & Fricker Street, Providence, RI, USA",EjJCcm9hZCBTdHJlZXQgJiBGcmlja2VyIFN0cmVldCwgUHJvdmlkZW5jZSwgUkksIFVTQSJmImQKFAoSCcsO7ptxReSJEe1RgLr0NWTvEhQKEgnLDu6bcUXkiRHtUYC69DVk7xoUChIJg9591YxP5IkRLKLKk5hLCKMaFAoSCaG8FtZzReSJESAHFPqNHvDOIgoNcoXsGBU0FG7V,41.8153842,-71.42061559999999,41.8153842,-71.42061559999999,Med,12.170366235721222,FALSE,FALSE
855,2019-11-11,805194,16:30:00,Pedestrian,1,NA,1,OAKWOOD AVE,CHALKSTONE AVE,2019-11-11,"Two-Way , Not Divided",Dry,Dark - Lighted,Cloudy,Not a Collision Between Two Motor Vehicles in Transport,No,No Controls,4,1,Incapacitating,NA,41.83316,-71.45964,FALSE,FALSE,"Oakwood Ave and Chalkstone Ave, Providence, RI, USA",FALSE,-71.4596342,41.8331662,intersection,geometric_center,"oakwood ave & chalkstone ave, providence, ri 02909, usa",NA,NA,NA,NA,41.8331662,-71.4596342,Med High,0.8412952126226483,FALSE,FALSE
856,2019-11-08,802963,01:23:00,Bicycle,NA,1,1,VALLEY ST,DELAINE ST,2019-11-08,"Two-Way , Not Divided",Wet,Dark - Lighted,Rain,Not a Collision Between Two Motor Vehicles in Transport,No,Stop Signs,2,1,Non-Incapacitating,NA,41.8195,-71.4405,FALSE,FALSE,"Valley Street and Delaine Street, Providence, RI, USA",FALSE,-71.44050340000001,41.8195248,intersection,geometric_center,"delaine st & valley st, providence, ri 02909, usa",NA,NA,NA,NA,41.8195248,-71.44050340000001,Med High,2.7750955023096133,FALSE,FALSE
857,2019-11-08,803027,23:31:00,Pedestrian,1,NA,1,N MAIN ST,RANDALL ST,2019-11-09,"Two-Way, Divided, Positive Median Barrier",Dry,Dusk,Clear,Angle - Direction Not Specified,No,No Controls,5,1,Non-Incapacitating,2,41.83888,-71.40937,FALSE,FALSE,"N Main Street and Randall Street, Providence, RI, USA",FALSE,-71.4107138,41.837311,route,geometric_center,"randall st, providence, ri, usa","North Main Street & Randall Street, Providence, RI, USA",EjdOb3J0aCBNYWluIFN0cmVldCAmIFJhbmRhbGwgU3RyZWV0LCBQcm92aWRlbmNlLCBSSSwgVVNBImYiZAoUChIJDY71Lh5F5IkRRD0q_3pm2QwSFAoSCQ2O9S4eReSJEUQ9Kv96ZtkMGhQKEgn5-kE93kTkiRFf162-DVwjPxoUChIJl4Ahbx5F5IkRBUfDXuGiS6oiCg2M9-8YFVXBb9U,41.837966,-71.4096299,41.837966,-71.4096299,Med,104.00420651779844,FALSE,FALSE
858,2019-11-07,802933,17:47:00,Pedestrian,1,NA,1,DOYLE AVE,PROCTOR PL,2019-11-07,"Two-Way , Not Divided",Wet,Dark - Lighted,Rain,Not a Collision Between Two Motor Vehicles in Transport,"Yes, M/V and Driver Left Scene",No Controls,2,1,Complains Of Pain,NA,41.83877,-71.40094,FALSE,FALSE,"Doyle Ave and Proctor Pl, Providence, RI, USA",FALSE,-71.4015404,41.8387821,intersection,geometric_center,"proctor pl & doyle ave, providence, ri 02906, usa",NA,NA,NA,NA,41.8387821,-71.4015404,Med High,49.81285378344653,FALSE,FALSE
859,2019-11-07,802957,15:55:00,Pedestrian,1,NA,1,Point,Eddy,2019-11-07,"Two-Way , Not Divided",Dry,Daylight,Clear,Angle (Front - to - Side) Same Direction,No,Traffic Control Signal,2,1,Complains Of Pain,2,41.81655,-71.40727,FALSE,FALSE,"Point and Eddy, Providence, RI, USA",FALSE,-71.4072274,41.8059506,route,geometric_center,"eddy st, providence, ri, usa","Point Street & Eddy Street, Providence, RI, USA",Ei9Qb2ludCBTdHJlZXQgJiBFZGR5IFN0cmVldCwgUHJvdmlkZW5jZSwgUkksIFVTQSJmImQKFAoSCU_NqpxqReSJERnEYIFEf5rKEhQKEglPzaqcakXkiREZxGCBRH-ayhoUChIJG1Q6VmpF5IkRE9mobC4KEE8aFAoSCTtMeBlnReSJEW3HXVFa1ErIIgoNvMDsGBWdPXDV,41.816902,-71.4064483,41.816902,-71.4064483,Med,78.63088826123345,FALSE,FALSE
860,2019-11-06,802873,15:55:00,Bicycle,NA,NA,2,19 Preston St,GOVERNOR ST,2019-11-06,"Two-Way , Not Divided",Dry,Dusk,Clear,Not a Collision Between Two Motor Vehicles in Transport,No,No Controls,2,0,No Injury,NA,41.82425,-71.39368,TRUE,FALSE,"19 Preston Street, Providence, RI, USA",FALSE,-71.39336569999999,41.8241474,street_address,rooftop,"19 preston st, providence, ri 02906, usa",NA,NA,NA,NA,41.8241474,-71.39336569999999,High,28.464557603673033,FALSE,FALSE
861,2019-11-05,802806,16:59:00,Bicycle,NA,1,1,DUPONT DR,NIANTIC AVE,2019-11-05,"Two-Way , Not Divided",Wet,Dark - Lighted,Rain,Angle (Front - to - Side) Right Angle (Includes Broadside),No,Traffic Control Signal,2,1,Complains Of Pain,NA,41.80066,-71.43901,FALSE,FALSE,"Dupont Dr and Niantic Ave, Providence, RI, USA",FALSE,-71.439058,41.796166,intersection,geometric_center,"niantic ave & dupont dr, cranston, ri 02907, usa",NA,NA,NA,NA,41.796166,-71.439058,Med High,500.2856505077215,FALSE,FALSE
862,2019-11-05,802844,19:53:00,Bicycle,NA,1,1,BROAD ST,BROAD ST,2019-11-05,"Two-Way , Not Divided",Dry,Dark - Lighted,Clear,Not a Collision Between Two Motor Vehicles in Transport,"Yes, M/V and Driver Left Scene",Pavement Markings,2,1,Complains Of Pain,NA,41.81632,-71.41929,FALSE,FALSE,"Broad Street and Broad Street, Providence, RI, USA",FALSE,-71.4101636,41.7945838,route,geometric_center,"broad st, providence, ri, usa",NA,NA,NA,NA,41.7945838,-71.4101636,Med,2535.4032260203726,FALSE,FALSE
863,2019-11-04,802737,14:16:00,Pedestrian,1,NA,1,BROADWAY,HARRIS AVE,2019-11-05,"Two-Way, Divided, Unprotected (painted>4feet) Medium",Dry,Daylight,Clear,Other,No,No Controls,3,1,Complains Of Pain,2,41.81705,-71.44029,FALSE,FALSE,"Broadway and Harris Ave, Providence, RI, USA",FALSE,-71.4312409,41.825502,route,geometric_center,"harris ave, providence, ri, usa","Broadway & Harris Ave, Providence, RI, USA",EipCcm9hZHdheSAmIEhhcnJpcyBBdmUsIFByb3ZpZGVuY2UsIFJJLCBVU0EiZiJkChQKEgkLmF_1mkXkiRHm61hV9ZuL8RIUChIJC5hf9ZpF5IkR5utYVfWbi_EaFAoSCaW15YZ1ReSJERrCM7HXpG-zGhQKEglzHMMQmUXkiRHVQp50Ku4GJCIKDTbI7BgVHRZr1Q,41.8170934,-71.44022749999999,41.8170934,-71.44022749999999,Med,7.087163121208949,FALSE,FALSE