row_number,crash_date,crash_report_id,crash_time,collision_type,count_pedestrian,count_bicycle,number_of_vehicles,street_or_highway,nearest_intersection,report_date,type_of_roadway,road_surface_condition,light_condition,weather_condition,manner_of_impact,hit_and_run,traffic_control,person_count,injury_count,most_serious_injury,number_of_lanes,lat_raw,lon_raw,has_st_number,is_intersection_null,address_sent_to_geocoder,is_address_blank,lon_api_first_try,lat_api_first_try,type,loctype,address_returned_by_geocoder,address_returned_by_autocomplete,place_ids_autocompleted,lat_api_second_try,lon_api_second_try,lat_api_best,lon_api_best,api_coord_conf,distance_btwn_coords_meters,scooter,wheel_chair
864,2019-11-01,801458,17:57:00,Pedestrian,1,NA,1,HARTFORD AVE,HARTFORD AVE,2019-11-01,"Two-Way, Divided, Unprotected (painted>4feet) Medium",Dry,Daylight,Clear,Head-On (Front - to - Front),"Yes, M/V and Driver Left Scene",Unknown,2,1,Complains Of Pain,NA,41.81827,-71.45698,FALSE,FALSE,"Hartford Ave and Hartford Ave, Providence, RI, USA",FALSE,-71.4587339,41.8185901,route,geometric_center,"hartford ave, providence, ri, usa","Hartford Ave Service Rd & Hartford Ave, Johnston, Providence, RI, USA",EkVIYXJ0Zm9yZCBBdmUgU2VydmljZSBSZCAmIEhhcnRmb3JkIEF2ZSwgSm9obnN0b24sIFByb3ZpZGVuY2UsIFJJLCBVU0EiZiJkChQKEgmP4Jty0EfkiRFZT82Cwq1hZxIUChIJj-CbctBH5IkRWU_NgsKtYWcaFAoSCUk2WRTQR-SJEffJJKBODzFaGhQKEgkvAx61JEbkiRGCwC0vu7gN1iIKDdap7hgVnoNc1Q,41.829423,-71.5357282,41.829423,-71.5357282,Med,6649.500546614412,FALSE,FALSE
865,2019-11-01,801460,15:36:00,Pedestrian,1,NA,1,Dean St,W EXCHANGE ST,2019-11-01,"Two-Way, Divided, Positive Median Barrier",Dry,Daylight,Clear,Not a Collision Between Two Motor Vehicles in Transport,"Yes, M/V and Driver Left Scene",Traffic Control Signal,1,1,Complains Of Pain,NA,41.82543,-71.42583,FALSE,FALSE,"Dean Street and W Exchange Street, Providence, RI, USA",FALSE,-71.4202531,41.825222,route,geometric_center,"w exchange st, providence, ri 02903, usa","Dean Street & West Exchange Street, Providence, RI, USA",EjdEZWFuIFN0cmVldCAmIFdlc3QgRXhjaGFuZ2UgU3RyZWV0LCBQcm92aWRlbmNlLCBSSSwgVVNBImYiZAoUChIJtQnOuAtF5IkRkzwfpUoL0JcSFAoSCbUJzrgLReSJEZM8H6VKC9CXGhQKEglbBmx-DEXkiRHItJ_foOdA5BoUChIJZcnnxA1F5IkRv8kI-Xim7hoiCg3QDe4YFYlIbdU,41.8254288,-71.42582949999999,41.8254288,-71.42582949999999,Med,0.1398743179669248,FALSE,FALSE
866,2019-10-31,801281,14:15:00,Bicycle,NA,1,1,SORRENTO ST,LINWOOD AVE,2019-10-31,"Two-Way , Not Divided",Wet,Daylight,Rain,"Sidwswipe, Opposite Direction",No,Stop Signs,3,1,Complains Of Pain,2,41.80789,-71.43735,FALSE,FALSE,"Sorrento Street and Linwood Ave, Providence, RI, USA",FALSE,-71.4373713,41.807869,intersection,geometric_center,"sorrento st & linwood ave, providence, ri 02909, usa",NA,NA,NA,NA,41.807869,-71.4373713,Med High,2.930619936996407,FALSE,FALSE
867,2019-10-31,801300,18:03:00,Pedestrian,1,NA,1,ATWELLS AVE,TUXEDO AVE,2019-10-31,"Two-Way , Not Divided",Wet,Dark - Lighted,Rain,Not a Collision Between Two Motor Vehicles in Transport,No,Other,2,1,Incapacitating,NA,41.82454,-71.43894,FALSE,FALSE,"Atwells Ave and Tuxedo Ave, Providence, RI, USA",FALSE,-71.4386196,41.8245303,intersection,geometric_center,"atwells ave & tuxedo ave, providence, ri 02909, usa",NA,NA,NA,NA,41.8245303,-71.4386196,Med High,26.600459978521904,FALSE,FALSE
868,2019-10-31,801320,20:58:00,Pedestrian,1,NA,1,ATWELLS AVE,CUTLER ST,2019-10-31,"Two-Way , Not Divided",Wet,Dark - Lighted,Rain,Not a Collision Between Two Motor Vehicles in Transport,"Yes, M/V and Driver Left Scene",No Controls,1,1,Incapacitating,NA,41.82467,-71.44135,FALSE,FALSE,"Atwells Ave and Cutler Street, Providence, RI, USA",FALSE,-71.4415532,41.82469529999999,intersection,geometric_center,"cutler st & atwells ave, providence, ri 02908, usa",NA,NA,NA,NA,41.82469529999999,-71.4415532,Med High,17.089924674498036,FALSE,FALSE
869,2019-10-30,801206,14:43:00,Pedestrian,1,NA,1,COLLEGE ST,BENEFIT ST,2019-10-30,One-Way Trafficway,Wet,Daylight,Rain,Not a Collision Between Two Motor Vehicles in Transport,No,Traffic Control Signal,2,1,Complains Of Pain,NA,41.826,-71.40683,FALSE,FALSE,"College Street and Benefit Street, Providence, RI, USA",FALSE,-71.4068354,41.8260134,route,geometric_center,"benefit st, providence, ri, usa","College Street & Benefit Street, Providence, RI, USA",EjRDb2xsZWdlIFN0cmVldCAmIEJlbmVmaXQgU3RyZWV0LCBQcm92aWRlbmNlLCBSSSwgVVNBImYiZAoUChIJT1PH0hdF5IkRsjAAs9BpeJgSFAoSCU9Tx9IXReSJEbIwALPQaXiYGhQKEgnR5cstFkXkiRH1TvxbNfBkPhoUChIJedk4CD1F5IkRxfbmqgrCUioiCg2mJO4YFX4ucNU,41.8260134,-71.40683539999999,41.8260134,-71.40683539999999,Med,1.5574868370005728,FALSE,FALSE
870,2019-10-29,801148,17:13:00,Bicycle,NA,1,1,537 BROAD STREET,NA,2019-10-29,"Two-Way , Not Divided",Dry,Daylight,Cloudy,Not a Collision Between Two Motor Vehicles in Transport,No,No Controls,3,0,No Injury,NA,41.80968,-71.42098,TRUE,TRUE,"537 Broad Street, Providence, RI, USA",FALSE,-71.42135549999999,41.8095762,subpremise,rooftop,"537 broad st, providence, ri 02907, usa",NA,NA,NA,NA,41.8095762,-71.42135549999999,High,33.2302369786559,FALSE,FALSE
871,2019-10-29,801151,18:00:00,Pedestrian,1,NA,1,SMITH ST,GENTIAN AVE,2019-10-29,"Two-Way , Not Divided",Dry,Dark - Lighted,Cloudy,Not a Collision Between Two Motor Vehicles in Transport,No,Traffic Control Signal,5,0,No Injury,NA,41.846,-71.45167,FALSE,FALSE,"Smith Street and Gentian Ave, Providence, RI, USA",FALSE,-71.45166929999999,41.846001,intersection,geometric_center,"smith st & gentian ave, providence, ri 02908, usa",NA,NA,NA,NA,41.846001,-71.45166929999999,Med High,0.12554543421853936,FALSE,FALSE
872,2019-10-25,800693,07:51:00,Pedestrian,1,NA,1,ACADEMY AVE,REGENT AVE,2019-10-25,"Two-Way , Not Divided",Dry,Daylight,Clear,Not a Collision Between Two Motor Vehicles in Transport,"Yes, M/V and Driver Left Scene",Person,2,1,Complains Of Pain,NA,41.82926,-71.44403,FALSE,FALSE,"Academy Ave and Regent Ave, Providence, RI, USA",FALSE,-71.4440371,41.8292677,intersection,geometric_center,"academy ave & regent ave, providence, ri 02908, usa",NA,NA,NA,NA,41.8292677,-71.4440371,Med High,1.0399825650613996,FALSE,FALSE
873,2019-10-25,800745,17:43:00,Bicycle,NA,1,1,CLEMATIS ST,MOLLOY ST,2019-10-25,"Two-Way , Not Divided",Dry,Dark - Lighted,Clear,Rear End(Front-to-Rear),No,No Controls,2,1,Incapacitating,2,41.83357,-71.44595,FALSE,FALSE,"Clematis Street and Molloy Street, Providence, RI, USA",FALSE,-71.446007,41.8342669,intersection,geometric_center,"molloy st & clematis st, providence, ri 02908, usa",NA,NA,NA,NA,41.8342669,-71.446007,Med High,77.72247444943959,FALSE,FALSE
874,2019-10-24,800606,14:50:00,Bicycle,NA,1,1,533 ELMWOOD AVE,533 ELMWOOD AVE,2019-10-24,"Two-Way , Not Divided",Dry,Daylight,Clear,Angle (Front - to - Side) Opposite Direction,No,No Controls,2,1,Complains Of Pain,NA,41.79939,-71.42649,TRUE,FALSE,"533 Elmwood Ave, Providence, RI, USA",FALSE,-71.4267799,41.7976099,premise,rooftop,"533 elmwood ave, providence, ri 02907, usa",NA,NA,NA,NA,41.7976099,-71.4267799,High,199.61491375438598,FALSE,FALSE
875,2019-10-23,800520,16:04:00,Bicycle,NA,1,1,EDDY ST,EDDY ST EXIT,2019-10-23,"Two-Way , Not Divided",Dry,Daylight,Clear,Not a Collision Between Two Motor Vehicles in Transport,"Yes, M/V and Driver Left Scene",No Controls,1,0,No Injury,NA,41.81156,-71.40709,FALSE,FALSE,"Eddy Street and Eddy St Exit, Providence, RI, USA",FALSE,-71.4072274,41.8059506,route,geometric_center,"eddy st, providence, ri, usa",NA,NA,NA,NA,41.8059506,-71.4072274,Med,624.5396181012227,FALSE,FALSE
876,2019-10-21,800245,15:31:00,Pedestrian,1,NA,1,380 HOPE ST,CARRINGTON AVE,2019-10-21,"Two-Way , Not Divided",Dry,Daylight,Clear,Not a Collision Between Two Motor Vehicles in Transport,"Yes, M/V and Driver Left Scene",No Controls,1,1,Complains Of Pain,NA,41.83668,-71.40113,TRUE,FALSE,"380 Hope Street, Providence, RI, USA",FALSE,-71.4014402,41.8367023,premise,rooftop,"380 hope st, providence, ri 02906, usa",NA,NA,NA,NA,41.8367023,-71.4014402,High,25.847001435167968,FALSE,FALSE
877,2019-10-20,800132,17:05:00,Pedestrian,1,NA,1,60 VALLEY ST,SAN SOUCI DR,2019-10-20,"Two-Way , Not Divided",Dry,Unknown,Clear,Unknown,"Yes, M/V and Driver Left Scene",No Controls,1,1,Complains Of Pain,NA,41.81767,-71.44086,TRUE,FALSE,"60 Valley Street, Providence, RI, USA",FALSE,-71.4412852,41.8189506,premise,rooftop,"60 valley st, providence, ri 02909, usa",NA,NA,NA,NA,41.8189506,-71.4412852,High,146.85538667416807,FALSE,FALSE
878,2019-10-19,799978,16:32:00,Bicycle,NA,1,1,TRANSIT ST,BROOK ST,2019-10-19,"Two-Way , Not Divided",Dry,Daylight,Clear,Not a Collision Between Two Motor Vehicles in Transport,No,Stop Signs,6,1,Non-Incapacitating,NA,41.82056,-71.39839,FALSE,FALSE,"Transit Street and Brook Street, Providence, RI, USA",FALSE,-71.3983698,41.820544,intersection,geometric_center,"transit st & brook st, providence, ri 02906, usa",NA,NA,NA,NA,41.820544,-71.3983698,Med High,2.4455258866469585,FALSE,FALSE
879,2019-10-18,799861,15:29:00,Pedestrian,1,NA,1,66 BENEFIT STREET,NA,2019-10-18,"Two-Way , Not Divided",Dry,Daylight,Clear,Not a Collision Between Two Motor Vehicles in Transport,No,No Controls,2,1,Complains Of Pain,NA,41.83168,-71.40933,TRUE,TRUE,"66 Benefit Street, Providence, RI, USA",FALSE,-71.40974729999999,41.8318181,premise,rooftop,"66 benefit st, providence, ri 02904, usa",NA,NA,NA,NA,41.8318181,-71.40974729999999,High,37.87332449718144,FALSE,FALSE
880,2019-10-17,799790,15:43:00,Bicycle,NA,1,1,Veazie Street,DOUGLAS AVE,2019-10-17,"Two-Way , Not Divided",Dry,Daylight,Cloudy,Angle (Front - to - Side) Right Angle (Includes Broadside),No,No Controls,2,1,Complains Of Pain,NA,41.85154,-71.43468,FALSE,FALSE,"Veazie Street and Douglas Ave, Providence, RI, USA",FALSE,-71.4341761,41.8505578,intersection,geometric_center,"douglas ave & veazie st, providence, ri 02904, usa",NA,NA,NA,NA,41.8505578,-71.4341761,Med High,117.04975445036361,FALSE,FALSE
881,2019-10-16,799597,10:06:00,Bicycle,NA,NA,2,95 Lydia St,CANDACE ST,2019-10-16,"Two-Way , Not Divided",Dry,Daylight,Clear,Angle (Front - to - Side) Right Angle (Includes Broadside),No,No Controls,3,1,Complains Of Pain,1,41.83493,-71.42109,TRUE,FALSE,"95 Lydia Street, Providence, RI, USA",FALSE,-71.4216976,41.834915,premise,rooftop,"95 lydia st, providence, ri 02908, usa",NA,NA,NA,NA,41.834915,-71.4216976,High,50.42246705227843,FALSE,FALSE
882,2019-10-15,799573,15:30:00,Pedestrian,1,NA,1,BROAD ST,MARLBOROUGH ST,2019-10-15,"Two-Way , Not Divided",Dry,Daylight,Clear,Not a Collision Between Two Motor Vehicles in Transport,No,No Controls,2,1,Complains Of Pain,NA,41.80572,-71.41978,FALSE,FALSE,"Broad Street and Marlborough Street, Providence, RI, USA",FALSE,-71.4457512,41.7909266,route,geometric_center,"marlborough st, cranston, ri 02910, usa",NA,NA,NA,NA,41.7909266,-71.4457512,Med,2712.4267605923988,FALSE,FALSE
883,2019-10-15,799577,21:22:00,Pedestrian,1,NA,1,Imera St,CHALKSTONE AVE,2019-10-15,"Two-Way , Not Divided",Dry,Dark - Lighted,Clear,Not a Collision Between Two Motor Vehicles in Transport,No,No Controls,3,1,Incapacitating,NA,41.83205,-71.45649,FALSE,FALSE,"Imera Street and Chalkstone Ave, Providence, RI, USA",FALSE,-71.456497,41.83210800000001,intersection,geometric_center,"imera st & chalkstone ave, providence, ri 02909, usa",NA,NA,NA,NA,41.83210800000001,-71.456497,Med High,6.482583976401825,FALSE,FALSE
884,2019-10-15,799651,22:03:00,Pedestrian,1,NA,1,Atwells Ave,NEWTON ST,2019-10-16,"Two-Way, Divided, Unprotected (painted>4feet) Medium",Dry,Dark - Lighted,Clear,Not a Collision Between Two Motor Vehicles in Transport,"Yes, Driver Left Scene",No Controls,1,1,Complains Of Pain,NA,41.82327,-71.42228,FALSE,FALSE,"Atwells Ave and Newton Street, Providence, RI, USA",FALSE,-71.42223950000002,41.823272,intersection,geometric_center,"newton st & atwells ave, providence, ri 02903, usa",NA,NA,NA,NA,41.823272,-71.42223950000002,Med High,3.3670813248735447,FALSE,FALSE
885,2019-10-13,799336,15:59:00,Bicycle,NA,1,1,ADELAIDE AVE,EMERSON ST,2019-10-13,"Two-Way , Not Divided",Dry,Daylight,Clear,Not a Collision Between Two Motor Vehicles in Transport,"Yes, M/V and Driver Left Scene",No Controls,1,1,Non-Incapacitating,2,41.79861,-71.4162,FALSE,FALSE,"Adelaide Ave and Emerson Street, Providence, RI, USA",FALSE,-71.41641419999999,41.7985663,intersection,geometric_center,"adelaide ave & emerson st, providence, ri 02907, usa",NA,NA,NA,NA,41.7985663,-71.41641419999999,Med High,18.42962074852974,FALSE,FALSE
886,2019-10-12,799262,19:59:00,Bicycle,NA,1,1,BROAD ST,W FRIENDSHIP ST,2019-10-12,"Two-Way , Not Divided",Dry,Dark - Lighted,Clear,Not a Collision Between Two Motor Vehicles in Transport,No,No Controls,3,1,Complains Of Pain,NA,41.80948,-71.42093,FALSE,FALSE,"Broad Street and W Friendship Street, Providence, RI, USA",FALSE,-71.4226134,41.80978,route,geometric_center,"w friendship st, providence, ri 02907, usa","Broad Street & West Friendship Street, Providence, RI, USA",EjpCcm9hZCBTdHJlZXQgJiBXZXN0IEZyaWVuZHNoaXAgU3RyZWV0LCBQcm92aWRlbmNlLCBSSSwgVVNBImYiZAoUChIJtyXX93pF5IkRwOehYJD2zpMSFAoSCbcl1_d6ReSJEcDnoWCQ9s6TGhQKEgmD3n3VjE_kiREsosqTmEsIoxoUChIJfQTXN3pF5IkR_qmuvOoTu2YiCg1erOsYFcEEbtU,41.809827,-71.4210111,41.809827,-71.4210111,Med,39.20960725974559,FALSE,FALSE
887,2019-10-11,799139,17:47:00,Bicycle,NA,1,1,HARRIS AVE,ATWELLS AVE,2019-10-11,"Two-Way , Not Divided",Wet,Daylight,Rain,Not a Collision Between Two Motor Vehicles in Transport,No,Traffic Control Signal,2,0,No Injury,NA,41.82446,-71.4355,FALSE,FALSE,"Harris Ave and Atwells Ave, Providence, RI, USA",FALSE,-71.4354014,41.8244572,intersection,geometric_center,"atwells ave & harris ave, providence, ri 02909, usa",NA,NA,NA,NA,41.8244572,-71.4354014,Med High,8.185233498549849,FALSE,FALSE
888,2019-10-11,799178,23:00:00,Pedestrian,1,NA,1,SISSON ST,MANTON AVE,2019-10-12,"Two-Way , Not Divided",Wet,Dark - Lighted,Rain,Not a Collision Between Two Motor Vehicles in Transport,"Yes, M/V and Driver Left Scene",No Controls,1,1,Complains Of Pain,NA,41.82561,-71.45536,FALSE,FALSE,"Sisson Street and Manton Ave, Providence, RI, USA",FALSE,-71.4553928,41.8254879,intersection,geometric_center,"manton ave & sisson st, providence, ri 02909, usa",NA,NA,NA,NA,41.8254879,-71.4553928,Med High,13.861764126885983,FALSE,FALSE
889,2019-10-09,798844,09:24:00,Pedestrian,1,NA,1,Smith St,Maude St,2019-10-09,"Two-Way , Not Divided",Wet,Daylight,Rain,Not a Collision Between Two Motor Vehicles in Transport,No,No Controls,3,1,Complains Of Pain,2,NA,NA,FALSE,FALSE,"Smith Street and Maude Street, Providence, RI, USA",FALSE,-71.43348999999999,41.8375814,intersection,geometric_center,"maude st & smith st, providence, ri 02908, usa",NA,NA,NA,NA,41.8375814,-71.43348999999999,Med High,NA,FALSE,FALSE
890,2019-10-05,798596,00:50:00,Pedestrian,1,NA,1,S Water Street,Tockwotton Street,2019-10-05,One-Way Trafficway,Dry,Dark - Lighted,Clear,Not a Collision Between Two Motor Vehicles in Transport,"Yes, M/V and Driver Left Scene",No Controls,1,1,Complains Of Pain,NA,41.81694,-71.40012,FALSE,FALSE,"S Water Street and Tockwotton Street, Providence, RI, USA",FALSE,-71.4000928,41.816915,intersection,geometric_center,"s water st & tockwotton st, providence, ri 02903, usa",NA,NA,NA,NA,41.816915,-71.4000928,Med High,3.582926999858867,FALSE,FALSE
891,2019-10-04,798522,10:25:00,Pedestrian,1,NA,1,REDWING ST,BUCKLIN ST,2019-10-04,"Two-Way , Not Divided",Dry,Daylight,Clear,Not a Collision Between Two Motor Vehicles in Transport,"Yes, M/V and Driver Left Scene",Unknown,1,1,Complains Of Pain,NA,41.79939,-71.42649,FALSE,FALSE,"Redwing Street and Bucklin Street, Providence, RI, USA",FALSE,-71.4277346,41.79924219999999,intersection,geometric_center,"bucklin st & redwing st, providence, ri 02907, usa",NA,NA,NA,NA,41.79924219999999,-71.4277346,Med High,104.58773380863816,FALSE,FALSE
892,2019-10-04,798578,16:12:00,Bicycle,1,NA,1,PLAINFIELD ST,SILVER LAKE AVE,2019-10-04,"Two-Way , Not Divided",Dry,Daylight,Clear,"Sideswipe, Same Direction",No,No Controls,2,1,Incapacitating,NA,41.80587,-71.46492,FALSE,FALSE,"Plainfield Street and Silver Lake Ave, Providence, RI, USA",FALSE,-71.4648418,41.8059156,intersection,geometric_center,"plainfield st & silver lake ave, providence, ri 02909, usa",NA,NA,NA,NA,41.8059156,-71.4648418,Med High,8.23853328152061,FALSE,FALSE
893,2019-10-03,798409,12:06:00,Bicycle,NA,NA,1,BROADWAY,ANDREW ST,2019-10-03,"Two-Way, Divided, Unprotected (painted>4feet) Medium",Dry,Daylight,Cloudy,Not a Collision Between Two Motor Vehicles in Transport,No,No Controls,3,1,Complains Of Pain,2,41.81966,-71.42995,FALSE,FALSE,"Broadway and Andrew Street, Providence, RI, USA",FALSE,-71.4305227,41.8199222,route,geometric_center,"andrews st, providence, ri 02909, usa",NA,NA,NA,NA,41.8199222,-71.4305227,Med,55.76084067561023,FALSE,FALSE
894,2019-10-03,798439,16:30:00,Pedestrian,1,NA,1,KNIGHT ST,BROADWAY,2019-10-03,"Two-Way , Not Divided",Dry,Daylight,Cloudy,Not a Collision Between Two Motor Vehicles in Transport,No,Traffic Control Signal,3,1,Complains Of Pain,NA,41.81981,-71.42938,FALSE,FALSE,"Knight Street and Broadway, Providence, RI, USA",FALSE,-71.4293417,41.8198212,intersection,geometric_center,"knight st & broadway, providence, ri 02909, usa",NA,NA,NA,NA,41.8198212,-71.4293417,Med High,3.4132399409027157,FALSE,FALSE
895,2019-10-02,798352,19:07:00,Pedestrian,1,NA,1,NARRAGANSETT BLVD,MASSACHUSETTS AVE,2019-10-02,"Two-Way , Not Divided",Wet,Dark - Lighted,Rain,Not a Collision Between Two Motor Vehicles in Transport,"Yes, M/V and Driver Left Scene",No Controls,1,1,Complains Of Pain,4,41.78756,-71.39551,FALSE,FALSE,"Narragansett Blvd and Massachusetts Ave, Providence, RI, USA",FALSE,-71.3955134,41.78757040000001,intersection,geometric_center,"massachusetts ave & narragansett blvd, providence, ri 02905, usa",NA,NA,NA,NA,41.78757040000001,-71.3955134,Med High,1.1916218994387657,FALSE,FALSE
896,2019-10-02,798383,23:48:00,Pedestrian,1,NA,1,Elmwood Ave,POTTERS AVE,2019-10-03,"Two-Way , Not Divided",Dry,Dark - Lighted,Clear,Not a Collision Between Two Motor Vehicles in Transport,"Yes, M/V and Driver Left Scene",No Controls,1,1,Complains Of Pain,NA,41.80128,-71.42641,FALSE,FALSE,"Elmwood Ave and Potters Ave, Providence, RI, USA",FALSE,-71.4263655,41.8015172,intersection,geometric_center,"potters ave & elmwood ave, providence, ri 02907, usa",NA,NA,NA,NA,41.8015172,-71.4263655,Med High,26.66195579368883,FALSE,FALSE
897,2019-09-30,798136,12:12:00,Bicycle,NA,1,1,Weybosset St,Eddy St,2019-09-30,"Two-Way , Not Divided",Dry,Daylight,Clear,Not a Collision Between Two Motor Vehicles in Transport,No,No Controls,4,1,Complains Of Pain,2,NA,NA,FALSE,FALSE,"Weybosset Street and Eddy Street, Providence, RI, USA",FALSE,-71.4114379,41.82263890000001,intersection,geometric_center,"weybosset st & eddy st, providence, ri 02903, usa",NA,NA,NA,NA,41.82263890000001,-71.4114379,Med High,NA,FALSE,FALSE
898,2019-09-28,797975,13:10:00,Pedestrian,1,NA,1,HOPE ST,BLACKSTONE BLVD,2019-09-28,"Two-Way , Not Divided",Dry,Daylight,Clear,Not a Collision Between Two Motor Vehicles in Transport,No,No Controls,4,1,Complains Of Pain,NA,41.8566,-71.39127,FALSE,FALSE,"Hope Street and Blackstone Blvd, Providence, RI, USA",FALSE,-71.3915342,41.8561535,intersection,geometric_center,"hope st & blackstone blvd, providence, ri 02906, usa",NA,NA,NA,NA,41.8561535,-71.3915342,Med High,54.3172006332066,FALSE,FALSE
899,2019-09-28,798041,19:07:00,Pedestrian,1,NA,1,BROAD STREET,PORTLAND STREET,2019-09-28,"Two-Way , Not Divided",Dry,Dark - Lighted,Clear,Not a Collision Between Two Motor Vehicles in Transport,No,No Controls,4,1,Complains Of Pain,NA,41.81413,-71.42131,FALSE,FALSE,"Broad Street and Portland Street, Providence, RI, USA",FALSE,-71.419117,41.8129799,route,geometric_center,"portland st, providence, ri 02907, usa","Broad Street & Portland Street, Providence, RI, USA",EjNCcm9hZCBTdHJlZXQgJiBQb3J0bGFuZCBTdHJlZXQsIFByb3ZpZGVuY2UsIFJJLCBVU0EiZiJkChQKEgmdnxIBcUXkiRGH5-VJjW7uEBIUChIJnZ8SAXFF5IkRh-flSY1u7hAaFAoSCYPefdWMT-SJESyiypOYSwijGhQKEglhSKowcEXkiRH5umXDAdaKhCIKDfdU7BgVvvht1Q,41.8141431,-71.42131859999999,41.8141431,-71.42131859999999,Med,1.6234870030829478,FALSE,FALSE
900,2019-09-27,797901,16:48:00,Bicycle,NA,1,1,OLNEY ST,BROWN ST,2019-09-27,"Two-Way , Not Divided",Dry,Daylight,Clear,Not a Collision Between Two Motor Vehicles in Transport,No,No Controls,3,1,Complains Of Pain,NA,41.8356,-71.40544,FALSE,FALSE,"Olney Street and Brown Street, Providence, RI, USA",FALSE,-71.4054218,41.8356196,intersection,geometric_center,"olney st & brown st, providence, ri 02906, usa",NA,NA,NA,NA,41.8356196,-71.4054218,Med High,2.6531357991176807,FALSE,FALSE
901,2019-09-26,797718,12:04:00,Pedestrian,1,NA,1,Pine Street,Lockwood Street,2019-09-26,"Two-Way , Not Divided",Dry,Daylight,Clear,Not a Collision Between Two Motor Vehicles in Transport,"Yes, M/V and Driver Left Scene",Pavement Markings,1,1,Complains Of Pain,1,NA,NA,FALSE,FALSE,"Pine Street and Lockwood Street, Providence, RI, USA",FALSE,-71.4159924,41.8129685,route,geometric_center,"lockwood st, providence, ri, usa","Pine Street & Lockwood Street, Providence, RI, USA",EjJQaW5lIFN0cmVldCAmIExvY2t3b29kIFN0cmVldCwgUHJvdmlkZW5jZSwgUkksIFVTQSJmImQKFAoSCQ3B9SduReSJEbVJvwGGgXPZEhQKEgkNwfUnbkXkiRG1Sb8BhoFz2RoUChIJOZMJU2xF5IkRoCks8G_vwjwaFAoSCftX5vFuReSJERTpGcX8V45MIgoNclLsGBU1eG7V,41.81407859999999,-71.4180555,41.81407859999999,-71.4180555,Med,NA,FALSE,FALSE
902,2019-09-25,797671,21:11:00,Bicycle,NA,1,1,BROADWAY,VALLEY ST,2019-09-25,"Two-Way, Divided, Unprotected (painted>4feet) Medium",Dry,Dark - Lighted,Clear,Not a Collision Between Two Motor Vehicles in Transport,"Yes, M/V and Driver Left Scene",No Controls,1,1,Complains Of Pain,NA,41.81683,-71.44103,FALSE,FALSE,"Broadway and Valley Street, Providence, RI, USA",FALSE,-71.4361571,41.8275287,route,geometric_center,"valley st, providence, ri, usa","Broadway & Valley Street, Providence, RI, USA",Ei1Ccm9hZHdheSAmIFZhbGxleSBTdHJlZXQsIFByb3ZpZGVuY2UsIFJJLCBVU0EiZiJkChQKEglPQjeFmkXkiRFay9YdHmK0gBIUChIJT0I3hZpF5IkRWsvWHR5itIAaFAoSCaW15YZ1ReSJERrCM7HXpG-zGhQKEgn71PW-oUXkiRFACHbbKx7jfCIKDVm-7BgVgvdq1Q,41.8168409,-71.441011,41.8168409,-71.441011,Med,1.9892413810018563,FALSE,FALSE
903,2019-09-25,797680,23:59:00,Pedestrian,1,NA,1,270 broad street,LOCKWOOD ST,2019-09-26,"Two-Way , Not Divided",Dry,Dark - Lighted,Clear,Not a Collision Between Two Motor Vehicles in Transport,"Yes, M/V and Driver Left Scene",No Controls,1,1,Complains Of Pain,NA,41.81548,-71.42054,TRUE,FALSE,"270 Broad Street, Providence, RI, USA",FALSE,-71.4199958,41.8153081,premise,rooftop,"270 broad st, providence, ri 02903, usa",NA,NA,NA,NA,41.8153081,-71.4199958,High,49.03788699725389,FALSE,FALSE
904,2019-09-23,797310,07:01:00,Pedestrian,1,NA,1,Dave Gavitt Way,Broadway,2019-09-23,One-Way Trafficway,Dry,Daylight,Clear,Not a Collision Between Two Motor Vehicles in Transport,No,Traffic Control Signal,2,1,Non-Incapacitating,3,NA,NA,FALSE,FALSE,"Dave Gavitt Way and Broadway, Providence, RI, USA",FALSE,-71.4197767,41.8221232,intersection,geometric_center,"broadway & dave gavitt way, providence, ri 02903, usa",NA,NA,NA,NA,41.8221232,-71.4197767,Med High,NA,FALSE,FALSE
905,2019-09-23,797371,15:05:00,Pedestrian,1,NA,1,elmwood ave,CADILLAC DR,2019-09-23,"Two-Way , Not Divided",Dry,Daylight,Clear,Not a Collision Between Two Motor Vehicles in Transport,No,No Controls,2,1,Complains Of Pain,NA,41.78916,-71.42126,FALSE,FALSE,"Elmwood Ave and Cadillac Dr, Providence, RI, USA",FALSE,-71.4212577,41.78916,intersection,geometric_center,"cadillac dr & elmwood ave, providence, ri 02907, usa",NA,NA,NA,NA,41.78916,-71.4212577,Med High,0.19090010362568557,FALSE,FALSE
906,2019-09-23,797387,16:47:00,Bicycle,NA,1,1,SERVICE ROAD 8,WESTMINSTER ST,2019-09-23,One-Way Trafficway,Dry,Daylight,Clear,Not a Collision Between Two Motor Vehicles in Transport,No,Stop Signs,3,1,Complains Of Pain,NA,41.81924,-71.41784,FALSE,FALSE,"Service Road 8 and Westminster Street, Providence, RI, USA",FALSE,-71.40892649999999,41.8252921,street_address,range_interpolated,"8 westminster st, providence, ri 02903, usa",NA,NA,NA,NA,41.8252921,-71.40892649999999,Med High,1000.3318404290726,FALSE,FALSE
907,2019-09-23,797431,16:43:00,Pedestrian,1,NA,1,Empire Street,BROADWAY,2019-09-23,"Two-Way , Not Divided",Dry,Daylight,Clear,Other,No,Traffic Control Signal,5,1,Complains Of Pain,NA,41.82255,-71.41742,FALSE,FALSE,"Empire Street and Broadway, Providence, RI, USA",FALSE,-71.4177642,41.822755,intersection,geometric_center,"empire st & broadway, providence, ri 02903, usa",NA,NA,NA,NA,41.822755,-71.4177642,Med High,36.55253669046096,FALSE,FALSE