row_number,crash_date,crash_report_id,crash_time,collision_type,count_pedestrian,count_bicycle,number_of_vehicles,street_or_highway,nearest_intersection,report_date,type_of_roadway,road_surface_condition,light_condition,weather_condition,manner_of_impact,hit_and_run,traffic_control,person_count,injury_count,most_serious_injury,number_of_lanes,lat_raw,lon_raw,has_st_number,is_intersection_null,address_sent_to_geocoder,is_address_blank,lon_api_first_try,lat_api_first_try,type,loctype,address_returned_by_geocoder,address_returned_by_autocomplete,place_ids_autocompleted,lat_api_second_try,lon_api_second_try,lat_api_best,lon_api_best,api_coord_conf,distance_btwn_coords_meters,scooter,wheel_chair
953,2019-08-01,790691,13:47:00,Bicycle,NA,1,1,BROAD ST,PEARL ST,2019-08-01,"Two-Way , Not Divided",Dry,Daylight,Clear,Not a Collision Between Two Motor Vehicles in Transport,"Yes, M/V and Driver Left Scene",No Controls,1,1,Complains Of Pain,NA,41.8149,-71.42087,FALSE,FALSE,"Broad Street and Pearl Street, Providence, RI, USA",FALSE,-71.4128343,41.8239891,locality,approximate,"providence, ri, usa","Broad Street & Pearl Street, Providence, RI, USA",EjBCcm9hZCBTdHJlZXQgJiBQZWFybCBTdHJlZXQsIFByb3ZpZGVuY2UsIFJJLCBVU0EiZiJkChQKEgk1O0-ncUXkiRHr2v1gzR_JJxIUChIJNTtPp3FF5IkR69r9YM0fyScaFAoSCYPefdWMT-SJESyiypOYSwijGhQKEgkNm4U0bkXkiRG6oe115UpVCiIKDYVt7BgVkQZu1Q,41.8147717,-71.4209647,41.8147717,-71.4209647,Med,16.30078445952908,FALSE,FALSE
954,2019-08-01,790704,16:05:00,Bicycle,NA,1,1,81 DELAINE STREET,SONOMA CT,2019-08-01,"Two-Way, Divided, Unprotected (painted>4feet) Medium",Dry,Daylight,Clear,"Sideswipe, Same Direction",No,No Controls,2,1,Complains Of Pain,2,41.81948,-71.44192,TRUE,FALSE,"81 Delaine Street, Providence, RI, USA",FALSE,-71.44194929999999,41.8196216,premise,rooftop,"81 delaine st, providence, ri 02909, usa",NA,NA,NA,NA,41.8196216,-71.44194929999999,High,15.94915853103539,FALSE,FALSE
955,2019-07-28,790308,18:54:00,Bicycle,NA,1,1,121 ROGER WILLIAMS AVE,NARRAGANSETT AVE,2019-07-29,"Two-Way , Not Divided",Dry,Daylight,Clear,Not a Collision Between Two Motor Vehicles in Transport,"Yes, M/V and Driver Left Scene",No Controls,1,1,Complains Of Pain,NA,41.78851,-71.42364,TRUE,FALSE,"121 Roger Williams Ave, Providence, RI, USA",FALSE,-71.4240387,41.7887146,street_address,rooftop,"121 roger williams ave, providence, ri 02907, usa",NA,NA,NA,NA,41.7887146,-71.4240387,High,40.17277301684811,FALSE,FALSE
956,2019-07-25,789994,21:57:00,Bicycle,NA,1,1,EDDY ST,RICHMOND ST,2019-07-26,"Two-Way, Divided, Positive Median Barrier",Dry,Dark - Not Lighted,Clear,Not a Collision Between Two Motor Vehicles in Transport,No,No Controls,3,1,Complains Of Pain,4,41.81607,-71.40661,FALSE,FALSE,"Eddy Street and Richmond Street, Providence, RI, USA",FALSE,-71.4065248,41.8156786,intersection,geometric_center,"richmond st & eddy st, providence, ri 02903, usa",NA,NA,NA,NA,41.8156786,-71.4065248,Med High,44.14011667441223,FALSE,FALSE
957,2019-07-24,789754,12:55:00,Bicycle,NA,1,1,MEMORIAL BLVD,FRANCIS ST,2019-07-24,"Two-Way, Divided, Positive Median Barrier",Dry,Daylight,Clear,Not a Collision Between Two Motor Vehicles in Transport,No,Traffic Control Signal,3,0,No Injury,NA,41.8259,-71.41535,FALSE,FALSE,"Memorial Blvd and Francis Street, Providence, RI, USA",FALSE,-71.4153098,41.8257791,intersection,geometric_center,"memorial blvd & francis st, providence, ri 02903, usa",NA,NA,NA,NA,41.8257791,-71.4153098,Med High,13.865500523563528,FALSE,FALSE
958,2019-07-24,789813,20:40:00,Bicycle,NA,1,1,TERRACE AVE,WEBSTER AVE,2019-07-24,"Two-Way , Not Divided",Dry,Dark - Unknown Lighting,Clear,Not a Collision Between Two Motor Vehicles in Transport,"Yes, M/V and Driver Left Scene",Unknown,1,1,Complains Of Pain,NA,41.80371,-71.4474,FALSE,FALSE,"Terrace Ave and Webster Ave, Providence, RI, USA",FALSE,-71.4474412,41.8037783,intersection,geometric_center,"webster ave & terrace ave, cranston, ri 02920, usa",NA,NA,NA,NA,41.8037783,-71.4474412,Med High,8.336414598893088,FALSE,FALSE
959,2019-07-23,789571,08:33:00,Pedestrian,1,NA,1,MATHEWSON ST,FOUNTAIN ST,2019-07-23,One-Way Trafficway,Wet,Daylight,Rain,Not a Collision Between Two Motor Vehicles in Transport,No,No Controls,5,1,Complains Of Pain,NA,41.82371,-71.41586,FALSE,FALSE,"Mathewson Street and Fountain Street, Providence, RI, USA",FALSE,-71.4156924,41.8237498,intersection,geometric_center,"fountain st & mathewson st, providence, ri 02903, usa",NA,NA,NA,NA,41.8237498,-71.4156924,Med High,14.592166296227399,FALSE,FALSE
960,2019-07-23,789588,08:00:00,Bicycle,NA,1,1,BROADWAY,VALLEY ST,2019-07-23,"Two-Way, Divided, Unprotected (painted>4feet) Medium",Wet,Daylight,Rain,Not a Collision Between Two Motor Vehicles in Transport,No,Traffic Control Signal,3,1,Complains Of Pain,NA,41.81684,-71.44101,FALSE,FALSE,"Broadway and Valley Street, Providence, RI, USA",FALSE,-71.4361571,41.8275287,route,geometric_center,"valley st, providence, ri, usa","Broadway & Valley Street, Providence, RI, USA",Ei1Ccm9hZHdheSAmIFZhbGxleSBTdHJlZXQsIFByb3ZpZGVuY2UsIFJJLCBVU0EiZiJkChQKEglPQjeFmkXkiRFay9YdHmK0gBIUChIJT0I3hZpF5IkRWsvWHR5itIAaFAoSCaW15YZ1ReSJERrCM7HXpG-zGhQKEgn71PW-oUXkiRFACHbbKx7jfCIKDVm-7BgVgvdq1Q,41.8168409,-71.441011,41.8168409,-71.441011,Med,0.1300792122742218,FALSE,FALSE
961,2019-07-22,789493,16:47:00,Pedestrian,1,NA,1,FRIENDSHIP ST,DORRANCE ST,2019-07-22,One-Way Trafficway,Dry,Daylight,Clear,Angle (Front - to - Side) Same Direction,No,No Controls,2,1,Complains Of Pain,NA,41.82196,-71.4095,FALSE,FALSE,"Friendship Street and Dorrance Street, Providence, RI, USA",FALSE,-71.40944019999999,41.8220269,intersection,geometric_center,"friendship st & dorrance st, providence, ri 02903, usa",NA,NA,NA,NA,41.8220269,-71.40944019999999,Med High,8.948296966005778,FALSE,FALSE
962,2019-07-22,789511,18:22:00,Bicycle,NA,1,1,CHARLES ST,CHARLES ST EXIT 23,2019-07-22,One-Way Trafficway,Dry,Daylight,Clear,Not a Collision Between Two Motor Vehicles in Transport,"Yes, M/V and Driver Left Scene",Yield Signs,1,1,Complains Of Pain,NA,41.83785,-71.41426,FALSE,FALSE,"Charles Street and Charles St Exit 23, Providence, RI, USA",FALSE,-71.4128343,41.8239891,locality,approximate,"providence, ri, usa",NA,NA,NA,NA,41.8239891,-71.4128343,Med,1547.5133211858613,FALSE,FALSE
963,2019-07-21,789421,18:56:00,Bicycle,NA,1,1,BROAD ST,PAYTON ST,2019-07-21,"Two-Way , Not Divided",Dry,Daylight,Clear,Not a Collision Between Two Motor Vehicles in Transport,No,Stop Signs,2,1,Complains Of Pain,NA,41.78841,-71.40366,FALSE,FALSE,"Broad Street and Payton Street, Providence, RI, USA",FALSE,-71.4057979,41.7875976,route,geometric_center,"payton st, providence, ri 02905, usa","Broad Street & Payton Street, Providence, RI, USA",EjFCcm9hZCBTdHJlZXQgJiBQYXl0b24gU3RyZWV0LCBQcm92aWRlbmNlLCBSSSwgVVNBImYiZAoUChIJbz-Xc-1P5IkRswrTdcbIS5ISFAoSCW8_l3PtT-SJEbMK03XGyEuSGhQKEgmD3n3VjE_kiREsosqTmEsIoxoUChIJSw_YLu1P5IkRkN2JCXOOSEoiCg20ZugYFbqqcNU,41.7883828,-71.403655,41.7883828,-71.403655,Med,3.05619829993331,FALSE,FALSE
964,2019-07-19,789161,08:09:00,Pedestrian,1,NA,1,BROAD ST,CAHIR ST,2019-07-19,"Two-Way , Not Divided",Dry,Daylight,Clear,Not a Collision Between Two Motor Vehicles in Transport,No,Traffic Control Signal,4,1,Complains Of Pain,NA,41.81692,-71.41795,FALSE,FALSE,"Broad Street and Cahir Street, Providence, RI, USA",FALSE,-71.4189877,41.8178471,route,geometric_center,"cahir st, providence, ri 02903, usa","Broad Street & Cahir Street, Providence, RI, USA",EjBCcm9hZCBTdHJlZXQgJiBDYWhpciBTdHJlZXQsIFByb3ZpZGVuY2UsIFJJLCBVU0EiZiJkChQKEglxchb1bUXkiRHx6X_pfAz-ChIUChIJcXIW9W1F5IkR8el_6XwM_goaFAoSCYPefdWMT-SJESyiypOYSwijGhQKEgmx_OtuckXkiRFRWF6nVg1mziIKDXPC7BgVlX5u1Q,41.8169459,-71.41789229999999,41.8169459,-71.41789229999999,Med,5.588231094641271,FALSE,FALSE
965,2019-07-18,789107,17:53:00,Bicycle,NA,1,1,UPTON AVE,BLACKSTONE BLVD,2019-07-18,One-Way Trafficway,Wet,Other,Cloudy,Not a Collision Between Two Motor Vehicles in Transport,No,Stop Signs,3,1,Complains Of Pain,NA,41.83957,-71.38575,FALSE,FALSE,"Upton Ave and Blackstone Blvd, Providence, RI, USA",FALSE,-71.385763,41.8395728,intersection,geometric_center,"upton ave & blackstone blvd, providence, ri 02906, usa",NA,NA,NA,NA,41.8395728,-71.385763,Med High,1.122303226861632,FALSE,FALSE
966,2019-07-17,789112,19:30:00,Pedestrian,1,NA,1,Broad St,Potters Ave,2019-07-18,"Two-Way , Not Divided",Wet,Daylight,Rain,Not a Collision Between Two Motor Vehicles in Transport,No,Traffic Control Signal,4,1,Complains Of Pain,2,41.80296,-71.41895,FALSE,FALSE,"Broad Street and Potters Ave, Providence, RI, USA",FALSE,-71.4218273,41.8021016,route,geometric_center,"potters ave, providence, ri, usa","Broad Street & Potters Ave, Providence, RI, USA",Ei9Ccm9hZCBTdHJlZXQgJiBQb3R0ZXJzIEF2ZSwgUHJvdmlkZW5jZSwgUkksIFVTQSJmImQKFAoSCauAkzl9ReSJEY3tO4gYhWQKEhQKEgmrgJM5fUXkiRGN7TuIGIVkChoUChIJg9591YxP5IkRLKLKk5hLCKMaFAoSCaWCY799ReSJERKc-8AFuCoEIgoNaqHqGBXTVm7V,41.80299300000001,-71.4189101,41.80299300000001,-71.4189101,Med,4.945458601816805,FALSE,FALSE
967,2019-07-16,788891,19:37:00,Pedestrian,1,NA,1,DEAN ST,KINSLEY AVE,2019-07-16,One-Way Trafficway,Dry,Daylight,Clear,Not a Collision Between Two Motor Vehicles in Transport,"Yes, M/V and Driver Left Scene",No Controls,1,1,Complains Of Pain,NA,41.82747,-71.42616,FALSE,FALSE,"Dean Street and Kinsley Ave, Providence, RI, USA",FALSE,-71.4264711,41.828859,intersection,geometric_center,"kinsley ave & dean st, providence, ri 02903, usa",NA,NA,NA,NA,41.828859,-71.4264711,Med High,156.7613814035832,FALSE,FALSE
968,2019-07-15,788730,12:44:00,Bicycle,NA,1,1,Prairie Avenue,Oxford Avenue,2019-07-15,"Two-Way , Not Divided",Dry,Daylight,Clear,Not a Collision Between Two Motor Vehicles in Transport,No,Stop Signs,2,1,Non-Incapacitating,1,NA,NA,FALSE,FALSE,"Prairie Avenue and Oxford Avenue, Providence, RI, USA",FALSE,-71.507088,41.994106,route,geometric_center,"oxford ave, woonsocket, ri 02895, usa","Prairie Avenue & Oxford Street, Providence, RI, USA",EjNQcmFpcmllIEF2ZW51ZSAmIE94Zm9yZCBTdHJlZXQsIFByb3ZpZGVuY2UsIFJJLCBVU0EiZiJkChQKEgnz8PEWYkXkiRF1-Cr9HeA8qBIUChIJ8_DxFmJF5IkRdfgq_R3gPKgaFAoSCU9p3-5jReSJERxJRMa12xo0GhQKEgkZowmpYUXkiRFSvUTxatZk1yIKDdZq6hgVKDlv1Q,41.8015958,-71.413116,41.8015958,-71.413116,Med,NA,FALSE,FALSE
969,2019-07-13,788463,01:22:00,Other,NA,1,1,Atwells Ave,SUTTON ST,2019-07-13,"Two-Way , Not Divided",Dry,Dark - Lighted,Clear,Angle (Front - to - Side) Right Angle (Includes Broadside),No,No Controls,2,1,Complains Of Pain,NA,41.82376,-71.42929,FALSE,FALSE,"Atwells Ave and Sutton Street, Providence, RI, USA",FALSE,-71.4292511,41.8237712,intersection,geometric_center,"atwells ave & sutton st, providence, ri 02903, usa",NA,NA,NA,NA,41.8237712,-71.4292511,Med High,3.459438640661286,TRUE,FALSE
970,2019-07-11,788345,10:40:00,Bicycle,NA,1,1,STEWART ST,BROAD ST,2019-07-12,"Two-Way , Not Divided",Dry,Daylight,Cloudy,Angle (Front - to - Side) Right Angle (Includes Broadside),No,No Controls,3,0,No Injury,NA,41.8169,-71.41794,FALSE,FALSE,"Stewart Street and Broad Street, Providence, RI, USA",FALSE,-71.4101636,41.7945838,route,geometric_center,"broad st, providence, ri, usa","Stewart Street & Broad Street, Providence, RI, USA",EjJTdGV3YXJ0IFN0cmVldCAmIEJyb2FkIFN0cmVldCwgUHJvdmlkZW5jZSwgUkksIFVTQSJmImQKFAoSCXFyFvVtReSJEfHpf-l8DP4KEhQKEglxchb1bUXkiRHx6X_pfAz-ChoUChIJNwLQjG1F5IkRZKvDpxJpLOAaFAoSCYPefdWMT-SJESyiypOYSwijIgoNc8LsGBWVfm7V,41.8169459,-71.41789229999999,41.8169459,-71.41789229999999,Med,6.462860298878078,FALSE,FALSE
971,2019-07-10,788188,19:04:00,Other,1,NA,1,W FOUNTAIN ST,CARGILL ST,2019-07-10,"Two-Way , Not Divided",Dry,Dusk,Clear,Angle (Front - to - Side) Right Angle (Includes Broadside),No,No Controls,4,1,Complains Of Pain,2,41.81896,-71.42218,FALSE,FALSE,"W Fountain Street and Cargill Street, Providence, RI, USA",FALSE,-71.4218829,41.819061,intersection,geometric_center,"cargill st & w fountain st, providence, ri 02903, usa",NA,NA,NA,NA,41.819061,-71.4218829,Med High,27.09107778014283,TRUE,FALSE
972,2019-07-09,787950,10:37:00,Bicycle,NA,NA,2,Cambridge Avenue,Academy Avenue,2019-07-09,"Two-Way , Not Divided",Dry,Daylight,Clear,Head-On (Front - to - Front),No,Stop Signs,3,1,Complains Of Pain,1,NA,NA,FALSE,FALSE,"Cambridge Avenue and Academy Avenue, Providence, RI, USA",FALSE,-71.444611,41.836514,route,geometric_center,"academy ave, providence, ri, usa","Cambridge Street & Academy Avenue, Providence, RI, USA",EjZDYW1icmlkZ2UgU3RyZWV0ICYgQWNhZGVteSBBdmVudWUsIFByb3ZpZGVuY2UsIFJJLCBVU0EiZiJkChQKEgmTnWRovUXkiRFt4jmTo_lUgBIUChIJk51kaL1F5IkRbeI5k6P5VIAaFAoSCWFEQni9ReSJEWKNWbURGpXoGhQKEgmzKlFesEXkiREsxo7ZXVk1SSIKDWUQ7hgVd5hq1Q,41.8254949,-71.4434441,41.8254949,-71.4434441,Med,NA,TRUE,FALSE
973,2019-07-09,787994,15:23:00,Bicycle,NA,1,1,BROADWAY,SERVICE ROAD 7,2019-07-09,One-Way Trafficway,Dry,Daylight,Clear,Head-On (Front - to - Front),"Yes, M/V and Driver Left Scene",Traffic Control Signal,2,1,Non-Incapacitating,NA,41.82178,-71.4208,FALSE,FALSE,"Broadway and Service Road 7, Providence, RI, USA",FALSE,-71.4200451,41.8199608,route,geometric_center,"service rd 1, providence, ri, usa","Broadway & Service Road 7th, Providence, RI, USA",EjBCcm9hZHdheSAmIFNlcnZpY2UgUm9hZCA3dGgsIFByb3ZpZGVuY2UsIFJJLCBVU0EiZiJkChQKEgn30PkmDUXkiRGVfBMop6wTihIUChIJ99D5Jg1F5IkRlXwTKKesE4oaFAoSCaW15YZ1ReSJERrCM7HXpG-zGhQKEgkHeHRCdkXkiRHLEV0GTCEFTCIKDd-B7RgV9gxu1Q,41.8218463,-71.420801,41.8218463,-71.420801,Med,7.380948453824586,FALSE,FALSE
974,2019-07-09,788066,22:52:00,Bicycle,NA,1,1,19 Pope St.,KOSSUTH ST,2019-07-10,"Two-Way , Not Divided",Dry,Dark - Lighted,Clear,Not a Collision Between Two Motor Vehicles in Transport,"Yes, M/V and Driver Left Scene",No Controls,1,1,Non-Incapacitating,NA,41.82213,-71.44874,TRUE,FALSE,"19 Pope St., Providence, RI, USA",FALSE,-71.4485833,41.8221259,street_address,rooftop,"19 pope st, providence, ri 02909, usa",NA,NA,NA,NA,41.8221259,-71.4485833,High,13.00742605806216,FALSE,FALSE
975,2019-07-05,787527,15:31:00,Bicycle,NA,1,1,7th street,HIGHLAND AVE,2019-07-05,"Two-Way , Not Divided",Dry,Daylight,Clear,Not a Collision Between Two Motor Vehicles in Transport,No,No Controls,2,0,No Injury,NA,41.85307,-71.39935,TRUE,FALSE,"7th Street, Providence, RI, USA",FALSE,-71.3980641,41.8526572,route,geometric_center,"7th st, providence, ri 02906, usa",NA,NA,NA,NA,41.8526572,-71.3980641,High,116.1044716826922,FALSE,FALSE
976,2019-07-05,787555,19:20:00,Bicycle,NA,1,1,ASHBURTON ST,CHARLES ST,2019-07-05,"Two-Way , Not Divided",Dry,Daylight,Clear,Not a Collision Between Two Motor Vehicles in Transport,"Yes, M/V and Driver Left Scene",No Controls,1,0,No Injury,NA,41.8394,-71.41616,FALSE,FALSE,"Ashburton Street and Charles Street, Providence, RI, USA",FALSE,-71.4161424,41.8393902,intersection,geometric_center,"ashburton st & charles st, providence, ri 02904, usa",NA,NA,NA,NA,41.8393902,-71.4161424,Med High,1.8222855673923009,FALSE,FALSE
977,2019-07-03,787314,15:38:00,Bicycle,NA,1,1,OWEN ST,MANTON AVE,2019-07-03,"Two-Way , Not Divided",Dry,Daylight,Clear,Not a Collision Between Two Motor Vehicles in Transport,No,No Controls,2,1,Complains Of Pain,NA,41.82392,-71.45189,FALSE,FALSE,"Owen Street and Manton Ave, Providence, RI, USA",FALSE,-71.4570108,41.8257711,route,geometric_center,"manton ave, providence, ri 02909, usa","Owen Street & Manton Ave, Providence, RI, USA",Ei1Pd2VuIFN0cmVldCAmIE1hbnRvbiBBdmUsIFByb3ZpZGVuY2UsIFJJLCBVU0EiZiJkChQKEgn3gxEelUXkiRGbhra_9It_UxIUChIJ94MRHpVF5IkRm4a2v_SLf1MaFAoSCUGmn-CUReSJEde_bVk6WKBbGhQKEgm3cd1Z6kXkiRHmAMyrFQnW1SIKDbfT7RgVnU5p1Q,41.8239415,-71.4518883,41.8239415,-71.4518883,Med,2.397520187631726,FALSE,FALSE
978,2019-07-01,787108,14:08:00,Bicycle,NA,1,1,Academy Ave,Dover St,2019-07-01,"Two-Way , Not Divided",Dry,Daylight,Clear,Not a Collision Between Two Motor Vehicles in Transport,No,No Controls,3,1,Complains Of Pain,2,NA,NA,FALSE,FALSE,"Academy Ave and Dover Street, Providence, RI, USA",FALSE,-71.4441731,41.8300641,intersection,geometric_center,"dover st & academy ave, providence, ri 02908, usa",NA,NA,NA,NA,41.8300641,-71.4441731,Med High,NA,FALSE,FALSE
979,2019-07-01,787127,16:59:00,Bicycle,NA,1,1,DEXTER ST,LINWOOD AVE,2019-07-01,"Two-Way , Not Divided",Dry,Daylight,Clear,Not a Collision Between Two Motor Vehicles in Transport,No,No Controls,3,1,Complains Of Pain,NA,41.80552,-71.42951,FALSE,FALSE,"Dexter Street and Linwood Ave, Providence, RI, USA",FALSE,-71.4295867,41.80537640000001,intersection,geometric_center,"linwood ave & dexter st, providence, ri 02907, usa",NA,NA,NA,NA,41.80537640000001,-71.4295867,Med High,17.205877280430077,FALSE,FALSE
980,2019-06-29,786875,18:06:00,Pedestrian,1,NA,1,65 CONGDON ST,CUSHING ST,2019-06-29,"Two-Way , Not Divided",Dry,Daylight,Clear,Not a Collision Between Two Motor Vehicles in Transport,"Yes, M/V and Driver Left Scene",No Controls,2,0,No Injury,NA,41.8299,-71.40692,TRUE,FALSE,"65 Congdon Street, Providence, RI, USA",FALSE,-71.4066283,41.8299949,premise,rooftop,"65 congdon st, providence, ri 02906, usa",NA,NA,NA,NA,41.8299949,-71.4066283,High,26.401416021597647,FALSE,FALSE
981,2019-06-28,786766,17:16:00,Pedestrian,1,NA,1,CRANSTON ST,BENEDICT ST,2019-06-28,"Two-Way , Not Divided",Dry,Daylight,Clear,Not a Collision Between Two Motor Vehicles in Transport,No,No Controls,6,1,Complains Of Pain,2,41.80547,-71.43722,FALSE,FALSE,"Cranston Street and Benedict Street, Providence, RI, USA",FALSE,-71.43728569999999,41.805444,intersection,geometric_center,"cranston st & benedict st, providence, ri 02907, usa",NA,NA,NA,NA,41.805444,-71.43728569999999,Med High,6.172375874887985,FALSE,FALSE
982,2019-06-27,786641,22:40:00,Bicycle,NA,1,1,MEMORIAL BLVD,WASHINGTON ST,2019-06-27,"Two-Way, Divided, Positive Median Barrier",Dry,Dark - Lighted,Clear,Angle (Front - to - Side) Right Angle (Includes Broadside),No,Traffic Control Signal,2,1,Complains Of Pain,NA,41.82641,-71.41005,FALSE,FALSE,"Memorial Blvd and Washington Street, Providence, RI, USA",FALSE,-71.41016259999999,41.8263513,intersection,geometric_center,"memorial blvd & washington st, providence, ri 02903, usa",NA,NA,NA,NA,41.8263513,-71.41016259999999,Med High,11.399198655559646,FALSE,FALSE
983,2019-06-25,786384,20:37:00,Bicycle,NA,1,1,CHAPIN AVE,ELLERY ST,2019-06-25,"Two-Way , Not Divided",Wet,Dark - Lighted,Rain,Not a Collision Between Two Motor Vehicles in Transport,No,Stop Signs,2,0,No Injury,NA,41.81189,-71.43845,FALSE,FALSE,"Chapin Ave and Ellery Street, Providence, RI, USA",FALSE,-71.438164,41.811886,intersection,geometric_center,"ellery st & chapin ave, providence, ri 02909, usa",NA,NA,NA,NA,41.811886,-71.438164,Med High,23.73377239145094,FALSE,FALSE
984,2019-06-25,786387,20:58:00,Pedestrian,2,NA,1,325 WASHINGTON ST,DEAN ST,2019-06-25,"Two-Way , Not Divided",Wet,Dark - Lighted,Clear,Not a Collision Between Two Motor Vehicles in Transport,No,Traffic Control Signal,3,2,Complains Of Pain,NA,41.81961,-71.41983,TRUE,FALSE,"325 Washington Street, Providence, RI, USA",FALSE,-71.42038339999999,41.8197315,premise,rooftop,"325 washington st, providence, ri 02903, usa",NA,NA,NA,NA,41.8197315,-71.42038339999999,High,47.861207114376,FALSE,FALSE
985,2019-06-24,786287,13:00:00,Bicycle,NA,1,1,630 MOUNT PLEASANT AVE,LENNON ST,2019-06-25,"Two-Way , Not Divided",Dry,Daylight,Clear,Not a Collision Between Two Motor Vehicles in Transport,"Yes, Driver Left Scene",No Controls,3,0,No Injury,NA,41.84355,-71.45318,TRUE,FALSE,"630 Mount Pleasant Ave, Providence, RI, USA",FALSE,-71.4534748,41.8436331,premise,rooftop,"630 mt pleasant ave, providence, ri 02908, usa",NA,NA,NA,NA,41.8436331,-71.4534748,High,26.139260917147624,FALSE,FALSE
986,2019-06-23,786084,13:45:00,Pedestrian,1,NA,1,FREMONT ST,IVES ST,2019-06-23,"Two-Way , Not Divided",Dry,Daylight,Clear,Not a Collision Between Two Motor Vehicles in Transport,No,No Controls,3,1,Complains Of Pain,NA,41.8223,-71.39225,FALSE,FALSE,"Fremont Street and Ives Street, Providence, RI, USA",FALSE,-71.4128343,41.8239891,locality,approximate,"providence, ri, usa","Fremont Street & Ives Street, Providence, RI, USA",EjFGcmVtb250IFN0cmVldCAmIEl2ZXMgU3RyZWV0LCBQcm92aWRlbmNlLCBSSSwgVVNBImYiZAoUChIJ14AH6DBF5IkRBw-rWtmzpaISFAoSCdeAB-gwReSJEQcPq1rZs6WiGhQKEglHMAvnMEXkiRF8hcXvemvyVhoUChIJT4hqRDBF5IkRIYp7oG_dYMoiCg1VlO0YFZxuctU,41.8223189,-71.3920868,41.8223189,-71.3920868,Med,13.70110446170544,FALSE,FALSE
987,2019-06-22,786034,21:38:00,Pedestrian,1,NA,1,123 ELMWOOD AVE,ELMWOOD AVE,2019-06-22,"Two-Way , Not Divided",Dry,Dark - Lighted,Clear,Not a Collision Between Two Motor Vehicles in Transport,No,No Controls,4,1,Complains Of Pain,NA,41.80996,-71.424,TRUE,FALSE,"123 Elmwood Ave, Providence, RI, USA",FALSE,-71.4245104,41.8096066,premise,rooftop,"123 elmwood ave, providence, ri 02907, usa",NA,NA,NA,NA,41.8096066,-71.4245104,High,57.80266221912922,FALSE,FALSE
988,2019-06-20,785823,16:04:00,Pedestrian,1,NA,1,384 NIAGARA ST,NA,2019-06-20,"Two-Way , Not Divided",Wet,Daylight,"Fog, Smog, Smoke",Not a Collision Between Two Motor Vehicles in Transport,"Yes, M/V and Driver Left Scene",No Controls,1,1,Non-Incapacitating,NA,41.79272,-71.41417,TRUE,TRUE,"384 Niagara Street, Providence, RI, USA",FALSE,-71.4140041,41.7927491,premise,rooftop,"384 niagara st, providence, ri 02907, usa",NA,NA,NA,NA,41.7927491,-71.4140041,High,14.14487161475503,FALSE,FALSE
989,2019-06-19,785680,07:52:00,Bicycle,NA,1,1,Broadway,Almy Street,2019-06-19,"Two-Way , Not Divided",Dry,Daylight,Clear,Not a Collision Between Two Motor Vehicles in Transport,No,Traffic Control Signal,3,0,No Injury,NA,41.81896,-71.43294,FALSE,FALSE,"Broadway and Almy Street, Providence, RI, USA",FALSE,-71.4332086,41.8196567,route,geometric_center,"almy st, providence, ri 02909, usa","Broadway & Almy Street, Providence, RI, USA",EitCcm9hZHdheSAmIEFsbXkgU3RyZWV0LCBQcm92aWRlbmNlLCBSSSwgVVNBImYiZAoUChIJf2wiiJ5F5IkRjn4qkn9k29gSFAoSCX9sIoieReSJEY5-KpJ_ZNvYGhQKEgmlteWGdUXkiREawjOx16RvsxoUChIJ51EWjJ5F5IkRlA-oyGoufZoiCg2qEe0YFbcybNU,41.81897379999999,-71.43294170000001,41.81897379999999,-71.43294170000001,Med,1.5426693494878854,FALSE,FALSE
990,2019-06-19,785687,09:26:00,Bicycle,NA,1,1,Branch Ave,Branch Ave Exit,2019-06-19,"Two-Way, Divided, Positive Median Barrier",Dry,Daylight,Clear,Not a Collision Between Two Motor Vehicles in Transport,"Yes, M/V and Driver Left Scene",No Controls,2,1,Complains Of Pain,NA,41.8461,-71.4114,FALSE,FALSE,"Branch Ave and Branch Ave Exit, Providence, RI, USA",FALSE,-71.4228521,41.8515249,route,geometric_center,"branch ave, providence, ri 02904, usa",NA,NA,NA,NA,41.8515249,-71.4228521,Med,1125.3921476052287,FALSE,FALSE
991,2019-06-19,785760,20:59:00,Pedestrian,1,NA,1,ELMWOOD AVENUE,MAWNEY STREET,2019-06-19,"Two-Way , Not Divided",Dry,Dark - Lighted,Clear,Not a Collision Between Two Motor Vehicles in Transport,"Yes, M/V and Driver Left Scene",Pavement Markings,1,1,Complains Of Pain,NA,41.80357,-71.42571,FALSE,FALSE,"Elmwood Avenue and Mawney Street, Providence, RI, USA",FALSE,-71.4257265,41.803583,intersection,geometric_center,"mawney st & elmwood ave, providence, ri 02907, usa",NA,NA,NA,NA,41.803583,-71.4257265,Med High,1.9922202715625936,FALSE,FALSE
992,2019-06-17,785528,17:28:00,Pedestrian,1,NA,1,BROAD ST,CLAVERICK ST,2019-06-17,"Two-Way , Not Divided",Dry,Daylight,Clear,Not a Collision Between Two Motor Vehicles in Transport,No,Traffic Control Signal,3,0,No Injury,NA,41.81938,-71.41493,FALSE,FALSE,"Broad Street and Claverick Street, Providence, RI, USA",FALSE,-71.413061,41.8182487,route,geometric_center,"claverick st, providence, ri 02903, usa","Broad Street & Claverick Street, Providence, RI, USA",EjRCcm9hZCBTdHJlZXQgJiBDbGF2ZXJpY2sgU3RyZWV0LCBQcm92aWRlbmNlLCBSSSwgVVNBImYiZAoUChIJN-H52GxF5IkR-aG6rjTYAMMSFAoSCTfh-dhsReSJEfmhuq402ADDGhQKEgmD3n3VjE_kiREsosqTmEsIoxoUChIJCd0jlGxF5IkRCow_XvXZa3YiCg2rIO0YFTrwbtU,41.8193579,-71.41498299999999,41.8193579,-71.41498299999999,Med,5.038390015580217,FALSE,FALSE