row_number,crash_date,crash_report_id,crash_time,collision_type,count_pedestrian,count_bicycle,number_of_vehicles,street_or_highway,nearest_intersection,report_date,type_of_roadway,road_surface_condition,light_condition,weather_condition,manner_of_impact,hit_and_run,traffic_control,person_count,injury_count,most_serious_injury,number_of_lanes,lat_raw,lon_raw,has_st_number,is_intersection_null,address_sent_to_geocoder,is_address_blank,lon_api_first_try,lat_api_first_try,type,loctype,address_returned_by_geocoder,address_returned_by_autocomplete,place_ids_autocompleted,lat_api_second_try,lon_api_second_try,lat_api_best,lon_api_best,api_coord_conf,distance_btwn_coords_meters,scooter,wheel_chair
993,2019-06-16,785439,15:54:00,Bicycle,NA,1,1,NEWARK ST,VALLEY ST,2019-06-16,"Two-Way , Not Divided",Dry,Daylight,Clear,Not a Collision Between Two Motor Vehicles in Transport,No,Stop Signs,2,1,Complains Of Pain,NA,41.82521,-71.43931,FALSE,FALSE,"Newark Street and Valley Street, Providence, RI, USA",FALSE,-71.4393041,41.8252323,intersection,geometric_center,"valley st & newark st, providence, ri 02908, usa",NA,NA,NA,NA,41.8252323,-71.4393041,Med High,2.5302111883028298,FALSE,FALSE
994,2019-06-16,785450,17:29:00,Pedestrian,1,NA,1,86 AYRAULT ST,CHALKSTONE AVE,2019-06-16,One-Way Trafficway,Dry,Daylight,Clear,Not a Collision Between Two Motor Vehicles in Transport,No,No Controls,2,1,Non-Incapacitating,NA,41.83374,-71.42907,TRUE,FALSE,"86 Ayrault Street, Providence, RI, USA",FALSE,-71.4292777,41.8338438,street_address,rooftop,"86 ayrault st, providence, ri 02908, usa",NA,NA,NA,NA,41.8338438,-71.4292777,High,20.743437871457637,FALSE,FALSE
995,2019-06-15,785385,19:37:00,Pedestrian,1,NA,1,GRAPE ST,ALICANT ST,2019-06-15,"Two-Way , Not Divided",Dry,Daylight,Clear,Not a Collision Between Two Motor Vehicles in Transport,"Yes, M/V and Driver Left Scene",No Controls,1,1,Incapacitating,NA,41.84459,-71.43025,FALSE,FALSE,"Grape Street and Alicant Street, Providence, RI, USA",FALSE,-71.4302943,41.8446022,intersection,geometric_center,"grape st & alicant st, providence, ri 02908, usa",NA,NA,NA,NA,41.8446022,-71.4302943,Med High,3.9167145768210356,FALSE,FALSE
996,2019-06-11,785038,16:31:00,Pedestrian,1,NA,1,27 Armington Ave,PEMBERTON ST,2019-06-11,"Two-Way , Not Divided",Dry,Daylight,Clear,Not a Collision Between Two Motor Vehicles in Transport,No,No Controls,5,1,Complains Of Pain,NA,41.82714,-71.44484,TRUE,FALSE,"27 Armington Ave, Providence, RI, USA",FALSE,-71.4447543,41.8273486,street_address,rooftop,"27 armington ave, providence, ri 02908, usa",NA,NA,NA,NA,41.8273486,-71.4447543,High,24.285023801239156,FALSE,FALSE
997,2019-06-09,784816,12:45:00,Pedestrian,1,NA,1,73 PHEBE ST,ADMIRAL ST,2019-06-09,"Two-Way , Not Divided",Dry,Daylight,Clear,Other,"Yes, M/V and Driver Left Scene",No Controls,2,1,Non-Incapacitating,NA,41.83618,-71.41545,TRUE,FALSE,"73 Phebe Street, Providence, RI, USA",FALSE,-71.44197249999999,41.8526339,premise,rooftop,"73 phebe st, providence, ri 02904, usa",NA,NA,NA,NA,41.8526339,-71.44197249999999,High,2862.2674022744386,FALSE,FALSE
998,2019-06-09,784858,21:00:00,Pedestrian,1,NA,1,833 POTTERS AVE,PURITAN ST,2019-06-09,"Two-Way , Not Divided",Dry,Dark - Lighted,Clear,Not a Collision Between Two Motor Vehicles in Transport,"Yes, M/V and Driver Left Scene",No Controls,1,1,Non-Incapacitating,NA,41.80476,-71.43701,TRUE,FALSE,"833 Potters Ave, Providence, RI, USA",FALSE,-71.4370419,41.80497099999999,premise,rooftop,"833 potters ave, providence, ri 02907, usa",NA,NA,NA,NA,41.80497099999999,-71.4370419,High,23.63709821960547,FALSE,FALSE
999,2019-06-08,784767,16:40:00,Bicycle,NA,1,1,332 Valley Street,RILL ST,2019-06-08,"Two-Way, Divided, Unprotected (painted>4feet) Medium",Dry,Daylight,Clear,Other,No,No Controls,2,1,Complains Of Pain,NA,41.82659,-71.43819,TRUE,FALSE,"332 Valley Street, Providence, RI, USA",FALSE,-71.43877189999999,41.8265155,street_address,rooftop,"332 valley st, providence, ri 02908, usa",NA,NA,NA,NA,41.8265155,-71.43877189999999,High,48.97680831089203,FALSE,FALSE
1000,2019-06-04,784357,22:21:00,Pedestrian,1,NA,1,JOSLIN ST,KOSSUTH ST,2019-06-05,"Two-Way , Not Divided",Dry,Dark - Lighted,Clear,Other,"Yes, M/V and Driver Left Scene",No Controls,1,1,Complains Of Pain,NA,41.82235,-71.44673,FALSE,FALSE,"Joslin Street and Kossuth Street, Providence, RI, USA",FALSE,-71.4467322,41.8222186,intersection,geometric_center,"joslin st & kossuth st, providence, ri 02909, usa",NA,NA,NA,NA,41.8222186,-71.4467322,Med High,14.628519607163474,FALSE,FALSE
1001,2019-06-01,783971,11:00:00,Bicycle,NA,1,1,BROAD ST,BROAD ST,2019-06-01,"Two-Way, Divided, Unprotected (painted>4feet) Medium",Dry,Daylight,Clear,Angle (Front - to - Side) Right Angle (Includes Broadside),"Yes, M/V and Driver Left Scene",Traffic Control Signal,2,1,Non-Incapacitating,NA,41.80977,-71.42101,FALSE,FALSE,"Broad Street and Broad Street, Providence, RI, USA",FALSE,-71.4101636,41.7945838,route,geometric_center,"broad st, providence, ri, usa",NA,NA,NA,NA,41.7945838,-71.4101636,Med,1915.1976376502464,FALSE,FALSE
1002,2019-06-01,784030,19:32:00,Bicycle,NA,NA,2,ELMWOOD AVE,CADILLAC DR,2019-06-01,"Two-Way, Divided, Positive Median Barrier",Dry,Daylight,Clear,Angle (Front - to - Side) Same Direction,No,No Controls,1,1,Complains Of Pain,NA,41.78916,-71.42126,FALSE,FALSE,"Elmwood Ave and Cadillac Dr, Providence, RI, USA",FALSE,-71.4212577,41.78916,intersection,geometric_center,"cadillac dr & elmwood ave, providence, ri 02907, usa",NA,NA,NA,NA,41.78916,-71.4212577,Med High,0.19090010362568557,FALSE,FALSE
1003,2019-05-31,783947,22:30:00,Bicycle,NA,1,1,BRANCH AVE EXIT,BRANCH AVE,2019-06-01,"Two-Way , Not Divided",Dry,Dark - Lighted,Clear,Not a Collision Between Two Motor Vehicles in Transport,No,Yield Signs,2,1,Complains Of Pain,NA,41.85252,-71.42536,FALSE,FALSE,"Branch Ave Exit and Branch Ave, Providence, RI, USA",FALSE,-71.4228521,41.8515249,route,geometric_center,"branch ave, providence, ri 02904, usa",NA,NA,NA,NA,41.8515249,-71.4228521,Med,235.6156623230713,FALSE,FALSE
1004,2019-05-30,783869,22:27:00,Pedestrian,1,NA,1,MOUNT PLEASANT AVE,CHALKSTONE AVE,2019-05-31,"Two-Way , Not Divided",Wet,Dark - Lighted,Rain,Not a Collision Between Two Motor Vehicles in Transport,No,Traffic Control Signal,5,1,Complains Of Pain,NA,41.8327,-71.44975,FALSE,FALSE,"Mount Pleasant Ave and Chalkstone Ave, Providence, RI, USA",FALSE,-71.4497544,41.83271,intersection,geometric_center,"mt pleasant ave & chalkstone ave, providence, ri 02908, usa",NA,NA,NA,NA,41.83271,-71.4497544,Med High,1.1714917341705662,FALSE,FALSE
1005,2019-05-29,783754,17:57:00,Pedestrian,1,NA,1,CAHIR ST,BROAD ST,2019-05-29,"Two-Way , Not Divided",Dry,Daylight,Clear,Not a Collision Between Two Motor Vehicles in Transport,No,No Controls,3,1,Complains Of Pain,NA,41.81698,-71.41799,FALSE,FALSE,"Cahir Street and Broad Street, Providence, RI, USA",FALSE,-71.41789229999999,41.8169459,intersection,geometric_center,"broad st & cahir st, providence, ri 02903, usa",NA,NA,NA,NA,41.8169459,-71.41789229999999,Med High,8.95042501995117,FALSE,FALSE
1006,2019-05-25,783338,10:25:00,Pedestrian,1,NA,1,BROAD ST,MASSACHUSETTS AVE,2019-05-25,"Two-Way , Not Divided",Dry,Daylight,Clear,Other,No,No Controls,3,1,Complains Of Pain,NA,41.78635,-71.40193,FALSE,FALSE,"Broad Street and Massachusetts Ave, Providence, RI, USA",FALSE,-71.398086,41.7870857,route,geometric_center,"massachusetts ave, providence, ri 02905, usa","Broad Street & Massachusetts Ave, Providence, RI, USA",EjVCcm9hZCBTdHJlZXQgJiBNYXNzYWNodXNldHRzIEF2ZSwgUHJvdmlkZW5jZSwgUkksIFVTQSJmImQKFAoSCSsPeUnsT-SJEa4hPoTYt3L2EhQKEgkrD3lJ7E_kiRGuIT6E2Ldy9hoUChIJg9591YxP5IkRLKLKk5hLCKMaFAoSCaWbFTXuT-SJEd17f4AxeQSKIgoN8BfoGBXn7XDV,41.7863664,-71.40193529999999,41.7863664,-71.40193529999999,Med,1.87789490240738,FALSE,FALSE
1007,2019-05-25,783344,14:12:00,Bicycle,NA,1,1,BROADWAY,VALLEY ST,2019-05-25,"Two-Way , Not Divided",Dry,Daylight,Clear,Not a Collision Between Two Motor Vehicles in Transport,No,Traffic Control Signal,2,1,Complains Of Pain,NA,41.81684,-71.441,FALSE,FALSE,"Broadway and Valley Street, Providence, RI, USA",FALSE,-71.4361571,41.8275287,route,geometric_center,"valley st, providence, ri, usa","Broadway & Valley Street, Providence, RI, USA",Ei1Ccm9hZHdheSAmIFZhbGxleSBTdHJlZXQsIFByb3ZpZGVuY2UsIFJJLCBVU0EiZiJkChQKEglPQjeFmkXkiRFay9YdHmK0gBIUChIJT0I3hZpF5IkRWsvWHR5itIAaFAoSCaW15YZ1ReSJERrCM7HXpG-zGhQKEgn71PW-oUXkiRFACHbbKx7jfCIKDVm-7BgVgvdq1Q,41.8168409,-71.441011,41.8168409,-71.441011,Med,0.9180890767018339,FALSE,FALSE
1008,2019-05-24,783272,20:43:00,Bicycle,NA,1,1,NORTHUP AVE,HALL ST,2019-05-24,"Two-Way , Not Divided",Dry,Dark - Lighted,Clear,Not a Collision Between Two Motor Vehicles in Transport,"Yes, M/V and Driver Left Scene",No Controls,1,1,Complains Of Pain,NA,41.85151,-71.4165,FALSE,FALSE,"Northup Ave and Hall Street, Providence, RI, USA",FALSE,-71.4168869,41.8515027,intersection,geometric_center,"northrup ave & hall st, providence, ri 02904, usa",NA,NA,NA,NA,41.8515027,-71.4168869,Med High,32.09175771998942,FALSE,FALSE
1009,2019-05-22,783037,18:56:00,Bicycle,NA,2,1,CHALKSTONE AVE,FREDERICK ST,2019-05-22,"Two-Way , Not Divided",Dry,Daylight,Clear,Not a Collision Between Two Motor Vehicles in Transport,"Yes, M/V and Driver Left Scene",No Controls,2,2,Complains Of Pain,NA,41.83447,-71.42888,FALSE,FALSE,"Chalkstone Ave and Frederick Street, Providence, RI, USA",FALSE,-71.42886419999999,41.83448920000001,intersection,geometric_center,"frederick st & chalkstone ave, providence, ri 02908, usa",NA,NA,NA,NA,41.83448920000001,-71.42886419999999,Med High,2.5070974511594155,FALSE,FALSE
1010,2019-05-22,783053,20:59:00,Other,NA,NA,2,Point St,Service road #8,2019-05-22,One-Way Trafficway,Dry,Dark - Lighted,Clear,Head-On (Front - to - Front),"Yes, Driver Left Scene",Traffic Control Signal,3,1,Complains Of Pain,2,41.81513,-71.41193,FALSE,FALSE,"Point Street and Service Road #8, Providence, RI, USA",FALSE,-71.4408471,41.8158978,route,geometric_center,"service rd, providence, ri 02909, usa",NA,NA,NA,NA,41.8158978,-71.4408471,Med,2400.6556595267743,TRUE,FALSE
1011,2019-05-21,782908,18:08:00,Bicycle,NA,NA,2,CRANSTON ST,DODGE ST,2019-05-21,"Two-Way , Not Divided",Dry,Daylight,Clear,Not a Collision Between Two Motor Vehicles in Transport,"Yes, M/V and Driver Left Scene",No Controls,1,0,Unknown,NA,41.81465,-71.42574,FALSE,FALSE,"Cranston Street and Dodge Street, Providence, RI, USA",FALSE,-71.42590419999999,41.8145699,intersection,geometric_center,"cranston st & dodge st, providence, ri 02907, usa",NA,NA,NA,NA,41.8145699,-71.42590419999999,Med High,16.281856122058212,FALSE,FALSE
1012,2019-05-20,782738,14:47:00,Bicycle,NA,1,1,WATERMAN ST,GOVERNOR ST,2019-05-20,One-Way Trafficway,Dry,Daylight,Clear,Not a Collision Between Two Motor Vehicles in Transport,No,No Controls,2,1,Complains Of Pain,NA,41.82762,-71.39389,FALSE,FALSE,"Waterman Street and Governor Street, Providence, RI, USA",FALSE,-71.39388509999999,41.8276383,intersection,geometric_center,"governor st & waterman st, providence, ri 02906, usa",NA,NA,NA,NA,41.8276383,-71.39388509999999,Med High,2.0772994826741304,FALSE,FALSE
1013,2019-05-18,782496,17:23:00,Bicycle,NA,NA,2,GALILEO AVE,SAMOSET AVE,2019-05-18,"Two-Way , Not Divided",Dry,Daylight,Clear,Angle (Front - to - Side) Right Angle (Includes Broadside),No,Stop Signs,3,1,Complains Of Pain,NA,41.83582,-71.45363,FALSE,FALSE,"Galileo Ave and Samoset Ave, Providence, RI, USA",FALSE,-71.4536382,41.835839,intersection,geometric_center,"samoset ave & galileo ave, providence, ri 02909, usa",NA,NA,NA,NA,41.835839,-71.4536382,Med High,2.221725643734503,FALSE,FALSE
1014,2019-05-17,782414,20:59:00,Pedestrian,1,NA,1,PARK ROW E,CANAL ST,2019-05-17,"Two-Way , Not Divided",Dry,Dark - Lighted,Clear,Not a Collision Between Two Motor Vehicles in Transport,No,No Controls,4,0,No Injury,NA,41.82845,-71.41081,FALSE,FALSE,"Park Row E and Canal Street, Providence, RI, USA",FALSE,-71.4106907,41.8284695,intersection,geometric_center,"park row w & canal st, providence, ri 02903, usa",NA,NA,NA,NA,41.8284695,-71.4106907,Med High,10.13111914764708,FALSE,FALSE
1015,2019-05-16,782208,08:46:00,Pedestrian,1,NA,1,Sabin Street,Empire Street,2019-05-16,One-Way Trafficway,Dry,Daylight,Clear,Not a Collision Between Two Motor Vehicles in Transport,No,Traffic Control Signal,3,1,Complains Of Pain,3,NA,NA,FALSE,FALSE,"Sabin Street and Empire Street, Providence, RI, USA",FALSE,-71.41786549999999,41.8228161,intersection,geometric_center,"sabin st & empire st, providence, ri 02903, usa",NA,NA,NA,NA,41.8228161,-71.41786549999999,Med High,NA,FALSE,FALSE
1016,2019-05-16,782234,15:13:00,Bicycle,NA,1,1,ROGER WILLIAMS AVE,ALEXANDER ST,2019-05-16,"Two-Way , Not Divided",Dry,Daylight,Clear,Not a Collision Between Two Motor Vehicles in Transport,No,Stop Signs,3,1,Complains Of Pain,NA,41.78853,-71.4262,FALSE,FALSE,"Roger Williams Ave and Alexander Street, Providence, RI, USA",FALSE,-71.4261954,41.7885531,intersection,geometric_center,"alexander st & roger williams ave, providence, ri 02907, usa",NA,NA,NA,NA,41.7885531,-71.4261954,Med High,2.599670137083817,FALSE,FALSE
1017,2019-05-15,782165,19:47:00,Bicycle,NA,1,1,RICHMOND ST,POINT STREET,2019-05-15,"Two-Way , Not Divided",Dry,Dusk,Clear,Not a Collision Between Two Motor Vehicles in Transport,No,Traffic Control Signal,2,1,Incapacitating,NA,41.81655,-71.40727,FALSE,FALSE,"Richmond Street and Point Street, Providence, RI, USA",FALSE,-71.407245,41.8165589,intersection,geometric_center,"point st & richmond st, providence, ri 02903, usa",NA,NA,NA,NA,41.8165589,-71.407245,Med High,2.29859136120471,FALSE,FALSE
1018,2019-05-14,782054,15:45:00,Pedestrian,1,NA,1,BROAD ST,MOORE ST,2019-05-14,"Two-Way , Not Divided",Dry,Daylight,Clear,Not a Collision Between Two Motor Vehicles in Transport,No,No Controls,3,1,Complains Of Pain,NA,41.80484,-71.4195,FALSE,FALSE,"Broad Street and Moore Street, Providence, RI, USA",FALSE,-71.4224386,41.8048126,route,geometric_center,"moore st, providence, ri 02907, usa","Broad Street & Moore Street, Providence, RI, USA",EjBCcm9hZCBTdHJlZXQgJiBNb29yZSBTdHJlZXQsIFByb3ZpZGVuY2UsIFJJLCBVU0EiZiJkChQKEgmlABLCfEXkiRHWRH4Go29OcRIUChIJpQASwnxF5IkR1kR-BqNvTnEaFAoSCYPefdWMT-SJESyiypOYSwijGhQKEgnhyI4zfEXkiRFDYGpDM0nPaiIKDY7r6hgVyD9u1Q,41.804891,-71.4195,41.804891,-71.4195,Med,5.677294030245297,FALSE,FALSE
1019,2019-05-13,781893,16:26:00,Pedestrian,1,NA,1,THURBERS AVE,WEISS CT,2019-05-13,"Two-Way , Not Divided",Wet,Daylight,Rain,Not a Collision Between Two Motor Vehicles in Transport,No,No Controls,2,1,Complains Of Pain,NA,41.79834,-71.41391,FALSE,FALSE,"Thurbers Ave and Weiss Ct, Providence, RI, USA",FALSE,-71.4139162,41.7983534,intersection,geometric_center,"thurbers ave & weiss ct, providence, ri 02905, usa",NA,NA,NA,NA,41.7983534,-71.4139162,Med High,1.5779259433863342,FALSE,FALSE
1020,2019-05-07,779265,14:02:00,Bicycle,NA,1,1,CORLISS ST,CHARLES ST,2019-05-07,"Two-Way , Not Divided",Dry,Daylight,Clear,Not a Collision Between Two Motor Vehicles in Transport,No,Stop Signs,4,1,Complains Of Pain,NA,41.83814,-71.41441,FALSE,FALSE,"Corliss Street and Charles Street, Providence, RI, USA",FALSE,-71.41448849999999,41.8380809,intersection,geometric_center,"charles st & corliss st, providence, ri 02904, usa",NA,NA,NA,NA,41.8380809,-71.41448849999999,Med High,9.255806396165285,FALSE,FALSE
1021,2019-05-06,779218,18:39:00,Pedestrian,1,NA,1,MANTON AVE,GLENBRIDGE AVE,2019-05-06,"Two-Way , Not Divided",Dry,Daylight,Clear,Not a Collision Between Two Motor Vehicles in Transport,No,No Controls,3,1,Complains Of Pain,NA,41.82596,-71.45816,FALSE,FALSE,"Manton Ave and Glenbridge Ave, Providence, RI, USA",FALSE,-71.4582318,41.8259774,intersection,geometric_center,"glenbridge ave & manton ave, providence, ri 02909, usa",NA,NA,NA,NA,41.8259774,-71.4582318,Med High,6.2630273043044635,FALSE,FALSE
1022,2019-05-06,779236,16:10:00,Bicycle,NA,1,1,CRANSTON ST,BELLEVUE AVE,2019-05-06,"Two-Way , Not Divided",Dry,Daylight,Clear,Not a Collision Between Two Motor Vehicles in Transport,No,No Controls,2,1,Complains Of Pain,2,41.80885,-71.4341,FALSE,FALSE,"Cranston Street and Bellevue Ave, Providence, RI, USA",FALSE,-71.43405899999999,41.8089239,intersection,geometric_center,"cranston st & bellevue ave, providence, ri 02907, usa",NA,NA,NA,NA,41.8089239,-71.43405899999999,Med High,8.902177656879024,FALSE,FALSE
1023,2019-05-05,779049,15:15:00,Bicycle,NA,1,1,CUSTOM HOUSE ST,WEYBOSSET ST,2019-05-05,"Two-Way , Not Divided",Wet,Daylight,Rain,Angle (Front - to - Side) Right Angle (Includes Broadside),No,No Controls,2,0,No Injury,NA,41.82431,-71.4097,FALSE,FALSE,"Custom House Street and Weybosset Street, Providence, RI, USA",FALSE,-71.4097149,41.82430900000001,intersection,geometric_center,"weybosset st & custom house st, providence, ri 02903, usa",NA,NA,NA,NA,41.82430900000001,-71.4097149,Med High,1.2410250945832564,FALSE,FALSE
1024,2019-05-04,778987,15:51:00,Bicycle,NA,1,1,LUBEC ST,MANILA ST,2019-05-04,"Two-Way , Not Divided",Dry,Daylight,Clear,Not a Collision Between Two Motor Vehicles in Transport,No,Stop Signs,3,1,Non-Incapacitating,NA,41.85438,-71.44557,FALSE,FALSE,"Lubec Street and Manila Street, Providence, RI, USA",FALSE,-71.44555179999999,41.8543745,intersection,geometric_center,"manila st & lubec st, providence, ri 02904, usa",NA,NA,NA,NA,41.8543745,-71.44555179999999,Med High,1.6285362146413564,FALSE,FALSE
1025,2019-05-02,778867,22:16:00,Pedestrian,1,NA,1,BROAD ST,BROAD ST,2019-05-02,"Two-Way , Not Divided",Dry,Dark - Lighted,Clear,Not a Collision Between Two Motor Vehicles in Transport,"Yes, M/V and Driver Left Scene",Stop Signs,1,1,Complains Of Pain,NA,41.80648,-71.42002,FALSE,FALSE,"Broad Street and Broad Street, Providence, RI, USA",FALSE,-71.4101636,41.7945838,route,geometric_center,"broad st, providence, ri, usa",NA,NA,NA,NA,41.7945838,-71.4101636,Med,1556.5136668294335,FALSE,FALSE
1026,2019-04-27,778460,16:17:00,Pedestrian,1,NA,1,SMITH ST,ORMS ST,2019-04-27,"Two-Way , Not Divided",Dry,Daylight,Cloudy,Not a Collision Between Two Motor Vehicles in Transport,No,No Controls,2,1,Incapacitating,NA,41.83456,-71.42401,FALSE,FALSE,"Smith Street and Orms Street, Providence, RI, USA",FALSE,-71.4219437,41.8337775,intersection,geometric_center,"orms st & smith st, providence, ri 02904, usa",NA,NA,NA,NA,41.8337775,-71.4219437,Med High,192.24902573027455,TRUE,FALSE
1027,2019-04-26,778414,21:24:00,Pedestrian,1,NA,1,N MAIN ST,N MAIN ST,2019-04-26,"Two-Way, Divided, Unprotected (painted>4feet) Medium",Wet,Dark - Lighted,Rain,Not a Collision Between Two Motor Vehicles in Transport,No,No Controls,3,1,Non-Incapacitating,NA,41.83709,-71.4095,FALSE,FALSE,"N Main Street and N Main Street, Providence, RI, USA",FALSE,-71.2873641,41.7371398,route,geometric_center,"n main st, rhode island, usa",NA,NA,NA,NA,41.7371398,-71.2873641,Med,15052.172550738198,FALSE,FALSE
1028,2019-04-25,778300,07:35:00,Pedestrian,1,NA,1,COLFAX ST,BROAD ST,2019-04-25,"Two-Way , Not Divided",Dry,Daylight,Clear,Not a Collision Between Two Motor Vehicles in Transport,"Yes, M/V and Driver Left Scene",Pavement Markings,1,1,Complains Of Pain,NA,41.7989,-71.41536,FALSE,FALSE,"Colfax Street and Broad Street, Providence, RI, USA",FALSE,-71.4154791,41.7988681,intersection,geometric_center,"broad st & colfax st, providence, ri 02905, usa",NA,NA,NA,NA,41.7988681,-71.4154791,Med High,10.502374433844103,FALSE,FALSE
1029,2019-04-25,778307,12:10:00,Bicycle,NA,1,1,341 South Main St,JAMES ST,2019-04-25,One-Way Trafficway,Dry,Daylight,Clear,Angle (Front - to - Side) Right Angle (Includes Broadside),No,No Controls,2,1,Complains Of Pain,NA,41.82097,-71.40384,TRUE,FALSE,"341 South Main Street, Providence, RI, USA",FALSE,-71.4044693,41.821454,subpremise,rooftop,"341 s main st, providence, ri 02903, usa",NA,NA,NA,NA,41.821454,-71.4044693,High,75.02235159319687,FALSE,FALSE
1030,2019-04-19,777952,14:52:00,Pedestrian,1,NA,1,Cranston St,BRIDGHAM ST,2019-04-19,"Two-Way , Not Divided",Dry,Daylight,Clear,Not a Collision Between Two Motor Vehicles in Transport,No,Traffic Control Signal,2,2,Non-Incapacitating,NA,41.81396,-71.42694,FALSE,FALSE,"Cranston Street and Bridgham Street, Providence, RI, USA",FALSE,-71.426947,41.8139796,intersection,geometric_center,"cranston st & bridgham st, providence, ri 02907, usa",NA,NA,NA,NA,41.8139796,-71.426947,Med High,2.2578356769984347,FALSE,FALSE
1031,2019-04-16,777751,13:55:00,Pedestrian,1,NA,1,45 East Drive,Middle Street,2019-04-16,"Two-Way , Not Divided",Dry,Daylight,Clear,Not a Collision Between Two Motor Vehicles in Transport,No,No Controls,2,1,Complains Of Pain,1,NA,NA,TRUE,FALSE,"45 East Drive, Providence, RI, USA",FALSE,-71.4430392,41.852099,premise,rooftop,"45 east dr, providence, ri 02904, usa",NA,NA,NA,NA,41.852099,-71.4430392,High,NA,FALSE,FALSE
1032,2019-04-16,777758,15:40:00,Pedestrian,1,NA,1,COLLEGE ST,COLLEGE ST,2019-04-16,One-Way Trafficway,Dry,Daylight,Clear,Not a Collision Between Two Motor Vehicles in Transport,No,Traffic Control Signal,2,1,Non-Incapacitating,NA,41.82564,-71.40784,FALSE,FALSE,"College Street and College Street, Providence, RI, USA",FALSE,-71.4066485,41.8260241,route,geometric_center,"college st, providence, ri 02903, usa",NA,NA,NA,NA,41.8260241,-71.4066485,Med,107.69017283427034,FALSE,FALSE
1033,2019-04-14,777599,02:53:00,Pedestrian,1,NA,1,Dike Street,PLAINFIELD ST,2019-04-14,"Two-Way , Not Divided",Dry,Dark - Lighted,Clear,Not a Collision Between Two Motor Vehicles in Transport,"Yes, M/V and Driver Left Scene",No Controls,1,1,Complains Of Pain,NA,41.816,-71.4439,FALSE,FALSE,"Dike Street and Plainfield Street, Providence, RI, USA",FALSE,-71.444405,41.816372,intersection,geometric_center,"dike st & plainfield st, providence, ri 02909, usa",NA,NA,NA,NA,41.816372,-71.444405,Med High,58.908796206026594,FALSE,FALSE
1034,2019-04-12,777444,13:52:00,Pedestrian,2,NA,1,ELMWOOD AVE,PEACE ST,2019-04-12,"Two-Way , Not Divided",Dry,Daylight,Clear,Not a Collision Between Two Motor Vehicles in Transport,"Yes, M/V and Driver Left Scene",No Controls,3,2,Complains Of Pain,NA,41.80645,-71.42496,FALSE,FALSE,"Elmwood Ave and Peace Street, Providence, RI, USA",FALSE,-71.4249572,41.8065686,intersection,geometric_center,"peace st & elmwood ave, providence, ri 02907, usa",NA,NA,NA,NA,41.8065686,-71.4249572,Med High,13.20453578326198,FALSE,FALSE
1035,2019-04-11,777386,17:43:00,Bicycle,NA,1,1,South Court,North Main Street,2019-04-11,"Two-Way, Divided, Positive Median Barrier",Dry,Daylight,Clear,Not a Collision Between Two Motor Vehicles in Transport,No,No Controls,2,1,Non-Incapacitating,1,NA,NA,FALSE,FALSE,"South Court and North Main Street, Providence, RI, USA",FALSE,-71.5479058,41.7335481,route,geometric_center,"n main st, rhode island, usa","S Court St & North Main Street, Providence, RI, USA",EjNTIENvdXJ0IFN0ICYgTm9ydGggTWFpbiBTdHJlZXQsIFByb3ZpZGVuY2UsIFJJLCBVU0EiZiJkChQKEglTYLXXGUXkiRFRTGfjzS7j3hIUChIJU2C11xlF5IkRUUxn480u494aFAoSCaMkIi8YReSJEWPmtkv3sN32GhQKEgn5-kE93kTkiRFf162-DVwjPyIKDSuW7hgVyb1v1Q,41.8289195,-71.4097207,41.8289195,-71.4097207,Med,NA,FALSE,FALSE
1036,2019-04-08,777142,13:21:00,Pedestrian,1,NA,1,309 Broadway,VINTON ST,2019-04-08,"Two-Way , Not Divided",Wet,Daylight,Cloudy,Not a Collision Between Two Motor Vehicles in Transport,No,No Controls,2,1,Complains Of Pain,NA,41.8201,-71.42808,TRUE,FALSE,"309 Broadway, Providence, RI, USA",FALSE,-71.42795009999999,41.8204182,street_address,range_interpolated,"309 broadway, providence, ri 02903, usa",NA,NA,NA,NA,41.8204182,-71.42795009999999,High,37.02486589185201,FALSE,FALSE
1037,2019-04-07,777051,18:11:00,Bicycle,NA,1,1,WILLIAMS ST,GOVERNOR ST,2019-04-07,"Two-Way , Not Divided",Dry,Daylight,Clear,Angle (Front - to - Side) Right Angle (Includes Broadside),No,Stop Signs,2,0,No Injury,NA,41.82284,-71.39405,FALSE,FALSE,"Williams Street and Governor Street, Providence, RI, USA",FALSE,-71.3940564,41.8243217,route,geometric_center,"governor st, providence, ri, usa","Williams Street & Governor Street, Providence, RI, USA",EjZXaWxsaWFtcyBTdHJlZXQgJiBHb3Zlcm5vciBTdHJlZXQsIFByb3ZpZGVuY2UsIFJJLCBVU0EiZiJkChQKEgktt-udMEXkiRGgA9k91hmOexIUChIJLbfrnTBF5IkRoAPZPdYZjnsaFAoSCc8VZi06ReSJEdbRK1lrMSoLGhQKEgkN19N2MEXkiREk6h-b3dt1IiIKDfSp7RgVahZy1Q,41.8228724,-71.3943446,41.8228724,-71.3943446,Med,24.703668691895103,TRUE,FALSE