row_number,crash_date,crash_report_id,crash_time,collision_type,count_pedestrian,count_bicycle,number_of_vehicles,street_or_highway,nearest_intersection,report_date,type_of_roadway,road_surface_condition,light_condition,weather_condition,manner_of_impact,hit_and_run,traffic_control,person_count,injury_count,most_serious_injury,number_of_lanes,lat_raw,lon_raw,has_st_number,is_intersection_null,address_sent_to_geocoder,is_address_blank,lon_api_first_try,lat_api_first_try,type,loctype,address_returned_by_geocoder,address_returned_by_autocomplete,place_ids_autocompleted,lat_api_second_try,lon_api_second_try,lat_api_best,lon_api_best,api_coord_conf,distance_btwn_coords_meters,scooter,wheel_chair
1080,2019-02-06,767003,21:03:00,Pedestrian,1,NA,1,MEMORIAL BLVD,STEEPLE ST,2019-02-06,"Two-Way, Divided, Unprotected (painted>4feet) Medium",Wet,Dark - Lighted,Rain,Not a Collision Between Two Motor Vehicles in Transport,No,Traffic Control Signal,3,0,No Injury,NA,41.82678,-71.41066,FALSE,FALSE,"Memorial Blvd and Steeple Street, Providence, RI, USA",FALSE,-71.409299,41.8273889,route,geometric_center,"steeple st, providence, ri 02903, usa",NA,NA,NA,NA,41.8273889,-71.409299,Med,131.6814827336119,FALSE,FALSE
1081,2019-02-05,766812,08:24:00,Pedestrian,1,NA,1,BRIDGHAM ST,CRANSTON ST,2019-02-05,"Two-Way, Divided, Unprotected (painted>4feet) Medium",Wet,Daylight,Clear,Not a Collision Between Two Motor Vehicles in Transport,No,Traffic Control Signal,7,1,Non-Incapacitating,NA,41.81396,-71.42694,FALSE,FALSE,"Bridgham Street and Cranston Street, Providence, RI, USA",FALSE,-71.426947,41.8139796,intersection,geometric_center,"cranston st & bridgham st, providence, ri 02907, usa",NA,NA,NA,NA,41.8139796,-71.426947,Med High,2.2578356769984347,FALSE,FALSE
1082,2019-02-04,766690,12:08:00,Pedestrian,1,NA,1,S MAIN ST,COLLEGE ST,2019-02-04,"Two-Way , Not Divided",Dry,Daylight,Clear,Not a Collision Between Two Motor Vehicles in Transport,No,No Controls,5,1,Complains Of Pain,NA,41.82574,-71.40793,FALSE,FALSE,"S Main Street and College Street, Providence, RI, USA",FALSE,-71.4078251,41.8256787,intersection,geometric_center,"s main st & college st, providence, ri 02903, usa",NA,NA,NA,NA,41.8256787,-71.4078251,Med High,11.058284860258118,FALSE,FALSE
1083,2019-02-04,766752,17:43:00,Pedestrian,1,NA,1,FRANCIS ST,FOUNTAIN ST,2019-02-04,"Two-Way , Not Divided",Dry,Dark - Lighted,Clear,Not a Collision Between Two Motor Vehicles in Transport,No,Traffic Control Signal,2,1,Complains Of Pain,NA,41.82489,-71.4145,FALSE,FALSE,"Francis Street and Fountain Street, Providence, RI, USA",FALSE,-71.4161507,41.8232429,route,geometric_center,"fountain st, providence, ri, usa","Francis Street & Fountain Street, Scranton, SC, USA",EjNGcmFuY2lzIFN0cmVldCAmIEZvdW50YWluIFN0cmVldCwgU2NyYW50b24sIFNDLCBVU0EiZiJkChQKEgmPjDUaT43_iBHX2ZixABOeIhIUChIJj4w1Gk-N_4gR19mYsQATniIaFAoSCVsPCwRPjf-IETFRxLfMAKuHGhQKEgl1IOXmTo3_iBHC06S-p07haSIKDftsNxQV_UZ30A,33.9176699,-79.7489411,33.9176699,-79.7489411,Med,1143868.4864212738,FALSE,FALSE
1084,2019-02-03,766608,17:33:00,Pedestrian,1,NA,1,BELLEVUE AVE,BUCKLIN ST,2019-02-03,"Two-Way , Not Divided",Dry,Dark - Not Lighted,Clear,Not a Collision Between Two Motor Vehicles in Transport,"Yes, M/V and Driver Left Scene",No Controls,4,1,Complains Of Pain,NA,41.8072,-71.42712,FALSE,FALSE,"Bellevue Ave and Bucklin Street, Providence, RI, USA",FALSE,-71.42786559999999,41.8072493,intersection,geometric_center,"bucklin st & bellevue ave, providence, ri 02907, usa",NA,NA,NA,NA,41.8072493,-71.42786559999999,Med High,62.11032821676512,FALSE,FALSE
1085,2019-02-02,766531,17:22:00,Pedestrian,2,NA,1,NARRAGANSETT BLVD,OHIO AVENUE,2019-02-02,"Two-Way , Not Divided",Sand,Dark - Not Lighted,Clear,Not a Collision Between Two Motor Vehicles in Transport,No,No Controls,5,2,Complains Of Pain,NA,41.79008,-71.39635,FALSE,FALSE,"Narragansett Blvd and Ohio Avenue, Providence, RI, USA",FALSE,-71.39628739999999,41.7898851,intersection,geometric_center,"ohio ave & narragansett blvd, providence, ri 02905, usa",NA,NA,NA,NA,41.7898851,-71.39628739999999,Med High,22.309626013278347,FALSE,FALSE
1086,2019-01-30,766269,19:26:00,Pedestrian,1,NA,1,ELMWOOD AVE,PARKIS AVE,2019-01-30,"Two-Way , Not Divided",Wet,Dark - Lighted,Snow,Not a Collision Between Two Motor Vehicles in Transport,"Yes, M/V and Driver Left Scene",No Controls,2,1,Non-Incapacitating,NA,41.80883,-71.42462,FALSE,FALSE,"Elmwood Ave and Parkis Ave, Providence, RI, USA",FALSE,-71.4245337,41.809159,intersection,geometric_center,"elmwood ave & parkis ave, providence, ri 02907, usa",NA,NA,NA,NA,41.809159,-71.4245337,Med High,37.31757034172837,FALSE,FALSE
1087,2019-01-26,765854,15:28:00,Pedestrian,1,NA,1,SPICER ST,BERNARD ST,2019-01-26,"Two-Way , Not Divided",Dry,Daylight,Clear,Not a Collision Between Two Motor Vehicles in Transport,No,No Controls,3,1,Complains Of Pain,NA,41.79105,-71.40639,FALSE,FALSE,"Spicer Street and Bernard Street, Providence, RI, USA",FALSE,-71.4078253,41.7905257,intersection,geometric_center,"bernard st & spicer st, providence, ri 02905, usa",NA,NA,NA,NA,41.7905257,-71.4078253,Med High,132.65624237328396,FALSE,FALSE
1088,2019-01-24,765576,07:23:00,Pedestrian,1,NA,1,ADMIRAL ST,HUXLEY AVE,2019-01-24,"Two-Way , Not Divided",Wet,Daylight,Rain,Other,No,No Controls,2,1,Complains Of Pain,2,41.83463,-71.41633,FALSE,FALSE,"Admiral Street and Huxley Ave, Providence, RI, USA",FALSE,-71.4326586,41.8467787,intersection,geometric_center,"admiral st & huxley ave, providence, ri 02908, usa",NA,NA,NA,NA,41.8467787,-71.4326586,Med High,1913.835392144628,FALSE,FALSE
1089,2019-01-24,765594,12:10:00,Bicycle,NA,1,1,WEYBOSSET ST,UNION ST,2019-01-24,"Two-Way , Not Divided",Wet,Daylight,Rain,"Sideswipe, Same Direction",No,No Controls,3,1,Non-Incapacitating,NA,41.82237,-71.41167,FALSE,FALSE,"Weybosset Street and Union Street, Providence, RI, USA",FALSE,-71.4118986,41.8221261,intersection,geometric_center,"weybosset st & union st, providence, ri 02903, usa",NA,NA,NA,NA,41.8221261,-71.4118986,Med High,33.11798690629435,FALSE,FALSE
1090,2019-01-24,765601,12:11:00,Pedestrian,1,NA,1,633 N Main St,N MAIN ST,2019-01-24,"Two-Way , Not Divided",Wet,Daylight,Rain,Not a Collision Between Two Motor Vehicles in Transport,No,Pavement Markings,4,1,Incapacitating,2,41.83662,-71.4096,TRUE,FALSE,"633 N Main Street, Providence, RI, USA",FALSE,-71.4091838,41.8364271,street_address,rooftop,"633 n main st, providence, ri 02904, usa",NA,NA,NA,NA,41.8364271,-71.4091838,High,40.65316305552423,FALSE,FALSE
1091,2019-01-24,765641,17:06:00,Pedestrian,1,NA,1,DUDLEY ST,GAY ST,2019-01-24,"Two-Way , Not Divided",Wet,Dark - Lighted,Rain,Not a Collision Between Two Motor Vehicles in Transport,No,Stop Signs,2,1,Complains Of Pain,NA,41.81003,-71.4129,FALSE,FALSE,"Dudley Street and Gay Street, Providence, RI, USA",FALSE,-71.4128949,41.8100358,intersection,geometric_center,"gay st & dudley st, providence, ri 02905, usa",NA,NA,NA,NA,41.8100358,-71.4128949,Med High,0.7719677794031524,FALSE,FALSE
1092,2019-01-24,765665,17:06:00,Pedestrian,1,NA,1,BLACKSTONE ST,EDDY ST,2019-01-24,"Two-Way , Not Divided",Wet,Dark - Lighted,Rain,Not a Collision Between Two Motor Vehicles in Transport,No,Pavement Markings,2,1,Complains Of Pain,NA,41.81013,-71.40722,FALSE,FALSE,"Blackstone Street and Eddy Street, Providence, RI, USA",FALSE,-71.4072137,41.8101324,intersection,geometric_center,"eddy st & blackstone st, providence, ri 02905, usa",NA,NA,NA,NA,41.8101324,-71.4072137,Med High,0.5870467559816289,FALSE,FALSE
1093,2019-01-23,765504,18:18:00,Pedestrian,1,NA,1,DOYLE AVE,HOPE ST,2019-01-23,"Two-Way , Not Divided",Wet,Dark - Not Lighted,Clear,Not a Collision Between Two Motor Vehicles in Transport,No,Traffic Control Signal,5,1,Non-Incapacitating,NA,41.83877,-71.4001,FALSE,FALSE,"Doyle Ave and Hope Street, Providence, RI, USA",FALSE,-71.40009719999999,41.8387695,intersection,geometric_center,"hope st & doyle ave, providence, ri 02906, usa",NA,NA,NA,NA,41.8387695,-71.40009719999999,Med High,0.23879745580099493,FALSE,FALSE
1094,2019-01-22,765445,11:26:00,Pedestrian,1,NA,1,Bridgham Street,Westminster Street,2019-01-23,"Two-Way, Divided, Unprotected (painted>4feet) Medium",Dry,Daylight,Clear,Not a Collision Between Two Motor Vehicles in Transport,No,No Controls,3,1,Complains Of Pain,1,41.81692,-71.42841,FALSE,FALSE,"Bridgham Street and Westminster Street, Providence, RI, USA",FALSE,-71.4284038,41.8169384,intersection,geometric_center,"bridgham st & westminster st, providence, ri 02909, usa",NA,NA,NA,NA,41.8169384,-71.4284038,Med High,2.1118781589892337,FALSE,FALSE
1095,2019-01-20,765113,16:06:00,Bicycle,NA,NA,2,WESTMINSTER ST,SERVICE ROAD 8,2019-01-20,"Two-Way , Not Divided",Ice/Frost,Daylight,Rain,Rear End(Front-to-Rear),No,No Controls,4,0,No Injury,NA,41.81919,-71.41791,FALSE,FALSE,"Westminster Street and Service Road 8, Providence, RI, USA",FALSE,-71.44060990000001,41.816332,intersection,geometric_center,"service rd & westminster st, providence, ri 02909, usa",NA,NA,NA,NA,41.816332,-71.44060990000001,Med High,1909.9366002850347,FALSE,FALSE
1096,2019-01-17,764853,15:51:00,Pedestrian,1,NA,1,WESTMINSTER ST,STOKES ST,2019-01-17,"Two-Way , Not Divided",Dry,Daylight,Clear,Other,No,Traffic Control Signal,2,1,Complains Of Pain,NA,41.81673,-71.44285,FALSE,FALSE,"Westminster Street and Stokes Street, Providence, RI, USA",FALSE,-71.4428116,41.8167431,intersection,geometric_center,"westminster st & stokes st, providence, ri 02909, usa",NA,NA,NA,NA,41.8167431,-71.4428116,Med High,3.5037281489116046,FALSE,FALSE
1097,2019-01-16,764719,10:05:00,Pedestrian,1,NA,1,Potters Ave,PRAIRIE AVE,2019-01-16,"Two-Way , Not Divided",Dry,Daylight,Clear,Not a Collision Between Two Motor Vehicles in Transport,No,Stop Signs,3,1,Complains Of Pain,NA,41.80407,-71.4143,FALSE,FALSE,"Potters Ave and Prairie Ave, Providence, RI, USA",FALSE,-71.41419739999999,41.804104,intersection,geometric_center,"potters ave & prairie ave, providence, ri 02905, usa",NA,NA,NA,NA,41.804104,-71.41419739999999,Med High,9.317206722663753,FALSE,FALSE
1098,2019-01-15,764593,20:51:00,Pedestrian,1,NA,1,MANTON AVE,HERSCHEL ST,2019-01-15,"Two-Way , Not Divided",Dry,Daylight,Clear,Not a Collision Between Two Motor Vehicles in Transport,No,No Controls,4,1,Complains Of Pain,NA,41.83331,-71.46961,FALSE,FALSE,"Manton Ave and Herschel Street, Providence, RI, USA",FALSE,-71.4693755,41.83344899999999,intersection,geometric_center,"herschel st & manton ave, providence, ri 02909, usa",NA,NA,NA,NA,41.83344899999999,-71.4693755,Med High,24.85421435090938,FALSE,FALSE
1099,2019-01-14,764529,17:28:00,Pedestrian,1,NA,1,Douglas Ave,RIVER AVE,2019-01-14,"Two-Way, Divided, Unprotected (painted>4feet) Medium",Dry,Dark - Lighted,Clear,Not a Collision Between Two Motor Vehicles in Transport,No,No Controls,4,1,Complains Of Pain,NA,41.8527,-71.43707,FALSE,FALSE,"Douglas Ave and River Ave, Providence, RI, USA",FALSE,-71.4371491,41.8527663,intersection,geometric_center,"river ave & douglas ave, providence, ri 02904, usa",NA,NA,NA,NA,41.8527663,-71.4371491,Med High,9.873663391855196,FALSE,FALSE
1100,2019-01-14,764570,12:20:00,Bicycle,NA,1,1,Elmwood Avenue,Cadillac Drive,2019-01-15,"Two-Way, Divided, Positive Median Barrier",Dry,Daylight,Clear,Not a Collision Between Two Motor Vehicles in Transport,No,Stop Signs,2,1,Non-Incapacitating,2,41.78916,-71.42126,FALSE,FALSE,"Elmwood Avenue and Cadillac Drive, Providence, RI, USA",FALSE,-71.4212577,41.78916,intersection,geometric_center,"cadillac dr & elmwood ave, providence, ri 02907, usa",NA,NA,NA,NA,41.78916,-71.4212577,Med High,0.19090010362568557,FALSE,FALSE
1101,2019-01-11,763265,08:40:00,Pedestrian,1,NA,1,Washington Street,Eddy Street,2019-01-11,"Two-Way, Divided, Unprotected (painted>4feet) Medium",Dry,Daylight,Clear,Not a Collision Between Two Motor Vehicles in Transport,No,Pavement Markings,3,1,Non-Incapacitating,1,41.82401,-71.4134,FALSE,FALSE,"Washington Street and Eddy Street, Providence, RI, USA",FALSE,-71.4072274,41.8059506,route,geometric_center,"eddy st, providence, ri, usa","Washington Street & Eddy Street, Providence, RI, USA",EjRXYXNoaW5ndG9uIFN0cmVldCAmIEVkZHkgU3RyZWV0LCBQcm92aWRlbmNlLCBSSSwgVVNBImYiZAoUChIJYTKH6BNF5IkR5kp7LeyaeroSFAoSCWEyh-gTReSJEeZKey3smnq6GhQKEgmp2s2cEkXkiREaB9CWoxI09hoUChIJO0x4GWdF5IkRbcddUVrUSsgiCg1e1-0YFXYtb9U,41.82403499999999,-71.41341539999999,41.82403499999999,-71.41341539999999,Med,3.0621949692118475,FALSE,FALSE
1102,2019-01-09,763129,18:17:00,Bicycle,NA,1,1,BROAD ST,ELMWOOD AVE,2019-01-09,"Two-Way , Not Divided",Dry,Dark - Lighted,Clear,Not a Collision Between Two Motor Vehicles in Transport,No,Traffic Control Signal,2,1,Non-Incapacitating,NA,41.8129,-71.42199,FALSE,FALSE,"Broad Street and Elmwood Ave, Providence, RI, USA",FALSE,-71.4229658,41.7920613,route,geometric_center,"elmwood ave, providence, ri, usa","Broad Street & Elmwood Ave, Providence, RI, USA",Ei9Ccm9hZCBTdHJlZXQgJiBFbG13b29kIEF2ZSwgUHJvdmlkZW5jZSwgUkksIFVTQSJmImQKFAoSCakle_JwReSJEUzVUWp9I7srEhQKEgmpJXvycEXkiRFM1VFqfSO7KxoUChIJg9591YxP5IkRLKLKk5hLCKMaFAoSCXfQbe2jT-SJEfE86TMHz6HvIgoNRSrsGBVD3m3V,41.8130501,-71.42199649999999,41.8130501,-71.42199649999999,Med,16.717756496488562,FALSE,FALSE
1103,2019-01-03,762583,17:22:00,Pedestrian,1,NA,1,Broadway,DEAN ST,2019-01-03,"Two-Way, Divided, Unprotected (painted>4feet) Medium",Dry,Dark - Lighted,Clear,Not a Collision Between Two Motor Vehicles in Transport,No,Traffic Control Signal,3,1,Complains Of Pain,NA,41.8214,-71.42253,FALSE,FALSE,"Broadway and Dean Street, Providence, RI, USA",FALSE,-71.4242155,41.8234078,route,geometric_center,"dean st, providence, ri, usa","Broadway & Dean Street, Providence, RI, USA",EitCcm9hZHdheSAmIERlYW4gU3RyZWV0LCBQcm92aWRlbmNlLCBSSSwgVVNBImYiZAoUChIJCcRZtQxF5IkRWJynngBsfzMSFAoSCQnEWbUMReSJEVicp54AbH8zGhQKEgmlteWGdUXkiREawjOx16RvsxoUChIJWwZsfgxF5IkRyLSf36DnQOQiCg38cO0YFWLJbdU,41.821414,-71.42253099999999,41.821414,-71.42253099999999,Med,1.560679264858292,FALSE,FALSE
1104,2019-01-03,763004,16:15:00,Pedestrian,1,NA,1,Westfield Street,Harrison Street,2019-01-08,"Two-Way, Divided, Unprotected (painted>4feet) Medium",Dry,Daylight,Clear,Not a Collision Between Two Motor Vehicles in Transport,"Yes, M/V and Driver Left Scene",No Controls,1,1,Complains Of Pain,1,41.8103,-71.42739,FALSE,FALSE,"Westfield Street and Harrison Street, Providence, RI, USA",FALSE,-71.4274104,41.81033619999999,intersection,geometric_center,"harrison st & westfield st, providence, ri 02907, usa",NA,NA,NA,NA,41.81033619999999,-71.4274104,Med High,4.370817696823649,FALSE,FALSE
1105,2019-01-02,762524,06:31:00,Pedestrian,1,NA,1,BLACKSTONE ST,EDDY ST,2019-01-03,"Two-Way , Not Divided",Dry,Dark - Lighted,Clear,Not a Collision Between Two Motor Vehicles in Transport,No,No Controls,3,0,No Injury,NA,41.81013,-71.40723,FALSE,FALSE,"Blackstone Street and Eddy Street, Providence, RI, USA",FALSE,-71.4072137,41.8101324,intersection,geometric_center,"eddy st & blackstone st, providence, ri 02905, usa",NA,NA,NA,NA,41.8101324,-71.4072137,Med High,1.3785938146027623,FALSE,FALSE
1106,2018-12-31,762772,21:15:00,Bicycle,NA,NA,2,SEABURY ST,POTTERS AVE,2019-01-05,"Two-Way , Not Divided",Wet,Dark - Lighted,Rain,Not a Collision Between Two Motor Vehicles in Transport,"Yes, M/V and Driver Left Scene",No Controls,2,0,No Injury,2,41.80319,-71.43257,FALSE,FALSE,"Seabury Street and Potters Ave, Providence, RI, USA",FALSE,-71.432564,41.8031919,intersection,geometric_center,"potters ave & seabury st, providence, ri 02907, usa",NA,NA,NA,NA,41.8031919,-71.432564,Med High,0.5409537219258748,FALSE,FALSE
1107,2018-12-28,762064,16:20:00,Pedestrian,1,NA,1,DEXTER ST,CRANSTON ST,2018-12-28,"Two-Way , Not Divided",Wet,Dark - Lighted,Rain,Not a Collision Between Two Motor Vehicles in Transport,No,No Controls,3,1,Complains Of Pain,2,41.81254,-71.42956,FALSE,FALSE,"Dexter Street and Cranston Street, Providence, RI, USA",FALSE,-71.429588,41.81260289999999,intersection,geometric_center,"cranston st & dexter st, providence, ri 02907, usa",NA,NA,NA,NA,41.81260289999999,-71.429588,Med High,7.377329082006569,FALSE,FALSE
1108,2018-12-28,762081,19:05:00,Pedestrian,1,NA,1,Chalkstone Ave,Tiffany St.,2018-12-28,"Two-Way , Not Divided",Wet,Dark - Lighted,Rain,Not a Collision Between Two Motor Vehicles in Transport,No,No Controls,2,1,Complains Of Pain,NA,41.83226,-71.44101,FALSE,FALSE,"Chalkstone Ave and Tiffany St., Providence, RI, USA",FALSE,-71.44101239999999,41.8322763,intersection,geometric_center,"tiffany st & chalkstone ave, providence, ri 02908, usa",NA,NA,NA,NA,41.8322763,-71.44101239999999,Med High,1.8253946161273962,FALSE,FALSE
1109,2018-12-28,762094,19:09:00,Pedestrian,1,NA,1,Plainfield Street,WEBSTER AVE,2018-12-28,"Two-Way, Divided, Positive Median Barrier",Wet,Dark - Lighted,Rain,Not a Collision Between Two Motor Vehicles in Transport,No,Traffic Control Signal,8,1,Non-Incapacitating,1,41.81366,-71.45067,FALSE,FALSE,"Plainfield Street and Webster Ave, Providence, RI, USA",FALSE,-71.4507916,41.813667,intersection,geometric_center,"webster ave & plainfield st, providence, ri 02909, usa",NA,NA,NA,NA,41.813667,-71.4507916,Med High,10.118994809454504,FALSE,FALSE
1110,2018-12-27,762031,14:03:00,Pedestrian,3,NA,1,AMERICAN EXPRESS PLZ,EXCHANGE ST,2018-12-28,"Two-Way , Not Divided",Ice/Frost,Daylight,Clear,Not a Collision Between Two Motor Vehicles in Transport,No,Stop Signs,7,3,Complains Of Pain,NA,41.82833,-71.4132,FALSE,FALSE,"American Express Plz and Exchange Street, Providence, RI, USA",FALSE,-71.4118704,41.8265115,route,geometric_center,"exchange st, providence, ri 02903, usa",NA,NA,NA,NA,41.8265115,-71.4118704,Med,230.52943966047283,FALSE,FALSE
1111,2018-12-26,761879,14:09:00,Pedestrian,1,NA,1,DORRANCE ST.,FOUNTAIN ST,2018-12-26,"Two-Way , Not Divided",Dry,Daylight,Clear,Other,"Yes, M/V and Driver Left Scene",Traffic Control Signal,3,1,Non-Incapacitating,NA,41.8349,-71.41676,FALSE,FALSE,"Dorrance St. and Fountain Street, Providence, RI, USA",FALSE,-71.41462489999999,41.8249124,intersection,geometric_center,"fountain st & dorrance st, providence, ri 02903, usa",NA,NA,NA,NA,41.8249124,-71.41462489999999,Med High,1125.8313584930181,FALSE,FALSE
1112,2018-12-24,761785,17:41:00,Pedestrian,1,NA,1,BRANCH AVE,MOY ST,2018-12-24,"Two-Way , Not Divided",Wet,Dark - Lighted,Cloudy,Not a Collision Between Two Motor Vehicles in Transport,"Yes, M/V and Driver Left Scene",No Controls,1,1,Incapacitating,NA,41.85492,-71.43664,FALSE,FALSE,"Branch Ave and Moy Street, Providence, RI, USA",FALSE,-71.4362622,41.8548966,intersection,geometric_center,"branch ave & moy st, providence, ri 02904, usa",NA,NA,NA,NA,41.8548966,-71.4362622,Med High,31.43335447385937,FALSE,FALSE
1113,2018-12-23,761670,07:30:00,Pedestrian,1,NA,1,160 Broad St,SERVICE ROAD 7,2018-12-23,One-Way Trafficway,Dry,Daylight,Clear,Not a Collision Between Two Motor Vehicles in Transport,No,Traffic Control Signal,2,1,Non-Incapacitating,NA,41.81736,-71.41696,TRUE,FALSE,"160 Broad Street, Providence, RI, USA",FALSE,-71.4167171,41.8169108,premise,rooftop,"160 broad st, providence, ri 02903, usa",NA,NA,NA,NA,41.8169108,-71.4167171,High,53.91262420163649,FALSE,FALSE
1114,2018-12-23,761691,16:25:00,Pedestrian,1,NA,1,cutler st,BARSTOW ST,2018-12-23,"Two-Way, Divided, Unprotected (painted>4feet) Medium",Dry,Daylight,Clear,Not a Collision Between Two Motor Vehicles in Transport,"Yes, M/V and Driver Left Scene",No Controls,1,1,Complains Of Pain,NA,41.82434,-71.44161,FALSE,FALSE,"Cutler Street and Barstow Street, Providence, RI, USA",FALSE,-71.4416365,41.8240403,intersection,geometric_center,"cutler st & barstow st, providence, ri 02909, usa",NA,NA,NA,NA,41.8240403,-71.4416365,Med High,33.43479745384471,FALSE,FALSE
1115,2018-12-20,761378,08:51:00,Bicycle,NA,1,1,BERKLEY ST,RIVER AVE,2018-12-20,"Two-Way, Divided, Unprotected (painted>4feet) Medium",Dry,Daylight,Clear,Not a Collision Between Two Motor Vehicles in Transport,"Yes, M/V and Driver Left Scene",Stop Signs,1,1,Complains Of Pain,NA,41.83153,-71.43778,FALSE,FALSE,"Berkley Street and River Ave, Providence, RI, USA",FALSE,-71.437772,41.8315498,intersection,geometric_center,"river ave & berkley st, providence, ri 02908, usa",NA,NA,NA,NA,41.8315498,-71.437772,Med High,2.3018437284406654,FALSE,FALSE
1116,2018-12-20,761448,22:35:00,Pedestrian,1,NA,1,DOUGLAS AVE,DOUGLAS AVE,2018-12-20,"Two-Way , Not Divided",Wet,Dark - Lighted,Cloudy,Not a Collision Between Two Motor Vehicles in Transport,No,No Controls,3,1,Incapacitating,NA,41.84775,-71.43098,FALSE,FALSE,"Douglas Ave and Douglas Ave, Providence, RI, USA",FALSE,-71.4649957,41.8715442,intersection,geometric_center,"douglas turnpike & douglas ave, north providence, ri 02904, usa",NA,NA,NA,NA,41.8715442,-71.4649957,Med High,3869.035717130384,FALSE,FALSE
1117,2018-12-19,761317,14:47:00,Pedestrian,1,NA,1,Dudley St,CULVER ST,2018-12-19,"Two-Way , Not Divided",Dry,Daylight,Clear,Not a Collision Between Two Motor Vehicles in Transport,"Yes, M/V and Driver Left Scene",No Controls,4,1,Non-Incapacitating,NA,41.81057,-71.40878,FALSE,FALSE,"Dudley Street and Culver Street, Providence, RI, USA",FALSE,-71.4086492,41.8106124,intersection,geometric_center,"dudley st & culver st, providence, ri 02903, usa",NA,NA,NA,NA,41.8106124,-71.4086492,Med High,11.834721609052368,FALSE,FALSE
1118,2018-12-17,761140,20:22:00,Pedestrian,1,NA,1,chalkstone ave,ROSEBANK AVE,2018-12-17,"Two-Way , Not Divided",Dry,Dark - Lighted,Clear,Other,"Yes, M/V and Driver Left Scene",No Controls,1,1,Complains Of Pain,NA,41.83397,-71.43451,FALSE,FALSE,"Chalkstone Ave and Rosebank Ave, Providence, RI, USA",FALSE,-71.4333511,41.8339277,intersection,geometric_center,"chalkstone ave & rosebank ave, providence, ri 02908, usa",NA,NA,NA,NA,41.8339277,-71.4333511,Med High,96.23678788370549,FALSE,FALSE
1119,2018-12-17,761144,20:46:00,Pedestrian,1,NA,1,Hartford Ave,HARTFORD AVE,2018-12-17,"Two-Way , Not Divided",Dry,Dark - Lighted,Clear,Not a Collision Between Two Motor Vehicles in Transport,No,No Controls,2,1,Non-Incapacitating,NA,41.81843,-71.45779,FALSE,FALSE,"Hartford Ave and Hartford Ave, Providence, RI, USA",FALSE,-71.4587339,41.8185901,route,geometric_center,"hartford ave, providence, ri, usa","Hartford Ave Service Rd & Hartford Ave, Johnston, Providence, RI, USA",EkVIYXJ0Zm9yZCBBdmUgU2VydmljZSBSZCAmIEhhcnRmb3JkIEF2ZSwgSm9obnN0b24sIFByb3ZpZGVuY2UsIFJJLCBVU0EiZiJkChQKEgmP4Jty0EfkiRFZT82Cwq1hZxIUChIJj-CbctBH5IkRWU_NgsKtYWcaFAoSCUk2WRTQR-SJEffJJKBODzFaGhQKEgkvAx61JEbkiRGCwC0vu7gN1iIKDdap7hgVnoNc1Q,41.829423,-71.5357282,41.829423,-71.5357282,Med,6580.1569012548935,FALSE,FALSE
1120,2018-12-14,760881,18:45:00,Pedestrian,1,NA,1,442 MANTON AVE,SISSON ST,2018-12-14,"Two-Way , Not Divided",Dry,Dark - Lighted,Clear,Not a Collision Between Two Motor Vehicles in Transport,No,Traffic Control Signal,3,1,Complains Of Pain,NA,41.82546,-71.45529,TRUE,FALSE,"442 Manton Ave, Providence, RI, USA",FALSE,-71.45475019999999,41.8252102,premise,rooftop,"442 manton ave, providence, ri 02909, usa",NA,NA,NA,NA,41.8252102,-71.45475019999999,High,52.710001773966425,FALSE,FALSE
1121,2018-12-13,760719,12:05:00,Pedestrian,1,NA,1,CRANSTON ST,ALTHEA ST,2018-12-13,"Two-Way , Not Divided",Dry,Daylight,Clear,Not a Collision Between Two Motor Vehicles in Transport,No,No Controls,7,1,Complains Of Pain,NA,41.80773,-71.43508,FALSE,FALSE,"Cranston Street and Althea Street, Providence, RI, USA",FALSE,-71.4350772,41.807752,intersection,geometric_center,"althea st & cranston st, providence, ri 02907, usa",NA,NA,NA,NA,41.807752,-71.4350772,Med High,2.460024503540409,FALSE,FALSE
1122,2018-12-11,760504,07:48:00,Pedestrian,1,NA,1,PLEASANT VALLEY PKWY,RIVER AVE,2018-12-11,One-Way Trafficway,Dry,Daylight,Clear,Not a Collision Between Two Motor Vehicles in Transport,No,Other,4,1,Complains Of Pain,NA,41.8355,-71.43917,FALSE,FALSE,"Pleasant Valley Pkwy and River Ave, Providence, RI, USA",FALSE,-71.4391751,41.8355318,intersection,geometric_center,"river ave & pleasant valley pkwy, providence, ri 02908, usa",NA,NA,NA,NA,41.8355318,-71.4391751,Med High,3.5651422631552676,FALSE,FALSE