row_number,crash_date,crash_report_id,crash_time,collision_type,count_pedestrian,count_bicycle,number_of_vehicles,street_or_highway,nearest_intersection,report_date,type_of_roadway,road_surface_condition,light_condition,weather_condition,manner_of_impact,hit_and_run,traffic_control,person_count,injury_count,most_serious_injury,number_of_lanes,lat_raw,lon_raw,has_st_number,is_intersection_null,address_sent_to_geocoder,is_address_blank,lon_api_first_try,lat_api_first_try,type,loctype,address_returned_by_geocoder,address_returned_by_autocomplete,place_ids_autocompleted,lat_api_second_try,lon_api_second_try,lat_api_best,lon_api_best,api_coord_conf,distance_btwn_coords_meters,scooter,wheel_chair
1123,2018-12-10,760439,12:00:00,Pedestrian,1,NA,1,PLAINFIELD ST,PLAINFIELD ST,2018-12-10,"Two-Way , Not Divided",Dry,Daylight,Clear,Not a Collision Between Two Motor Vehicles in Transport,"Yes, M/V and Driver Left Scene",No Controls,1,1,Complains Of Pain,NA,41.81414,-71.44737,FALSE,FALSE,"Plainfield Street and Plainfield Street, Providence, RI, USA",FALSE,-71.4643452,41.8067161,route,geometric_center,"plainfield st, rhode island, usa",NA,NA,NA,NA,41.8067161,-71.4643452,Med,1633.0276283110961,FALSE,FALSE
1124,2018-12-10,760462,19:01:00,Pedestrian,1,NA,1,S WATER ST,S WATER ST,2018-12-10,One-Way Trafficway,Dry,Dark - Lighted,Clear,Not a Collision Between Two Motor Vehicles in Transport,No,Other,2,1,Complains Of Pain,2,41.82276,-71.40639,FALSE,FALSE,"S Water Street and S Water Street, Providence, RI, USA",FALSE,-71.4039536,41.8202174,route,geometric_center,"s water st, providence, ri 02903, usa",NA,NA,NA,NA,41.8202174,-71.4039536,Med,347.7993424108638,FALSE,FALSE
1125,2018-12-10,760469,15:30:00,Pedestrian,1,NA,1,Chalkstone Avenue,River Avenue,2018-12-10,"Two-Way, Divided, Unprotected (painted>4feet) Medium",Dry,Daylight,Clear,Not a Collision Between Two Motor Vehicles in Transport,No,Traffic Control Signal,3,1,Complains Of Pain,1,41.83258,-71.43854,FALSE,FALSE,"Chalkstone Avenue and River Avenue, Providence, RI, USA",FALSE,-71.4385411,41.8325962,intersection,geometric_center,"river ave & chalkstone ave, providence, ri 02908, usa",NA,NA,NA,NA,41.8325962,-71.4385411,Med High,1.8056822820449907,FALSE,FALSE
1126,2018-12-09,760349,21:40:00,Pedestrian,1,NA,1,Ruggles Street,Sparrow Street,2018-12-09,"Two-Way , Not Divided",Dry,Dark - Lighted,Clear,Not a Collision Between Two Motor Vehicles in Transport,"Yes, M/V and Driver Left Scene",No Controls,2,1,Complains Of Pain,1,41.83818,-71.42825,FALSE,FALSE,"Ruggles Street and Sparrow Street, Providence, RI, USA",FALSE,-71.4283328,41.83799,intersection,geometric_center,"ruggles st & sparrow st, providence, ri 02908, usa",NA,NA,NA,NA,41.83799,-71.4283328,Med High,22.237582684618946,FALSE,FALSE
1127,2018-12-08,760262,21:48:00,Pedestrian,1,NA,1,100 francis st,AMERICAN EXPRESS PLZ,2018-12-08,"Two-Way , Not Divided",Dry,Dark - Lighted,Clear,Not a Collision Between Two Motor Vehicles in Transport,No,No Controls,3,0,No Injury,NA,41.8279,-71.41534,TRUE,FALSE,"100 Francis Street, Providence, RI, USA",FALSE,-71.415882,41.8260966,street_address,rooftop,"100 francis st, providence, ri 02903, usa",NA,NA,NA,NA,41.8260966,-71.415882,High,205.72639343772897,FALSE,FALSE
1128,2018-12-08,760271,22:44:00,Pedestrian,1,NA,1,BROADWAY,VINTON ST,2018-12-09,"Two-Way , Not Divided",Dry,Dark - Lighted,Clear,Not a Collision Between Two Motor Vehicles in Transport,No,No Controls,3,1,Non-Incapacitating,NA,41.82007,-71.42819,FALSE,FALSE,"Broadway and Vinton Street, Providence, RI, USA",FALSE,-71.4285663,41.8207514,route,geometric_center,"vinton st, providence, ri, usa","Broadway & Vinton Street, Providence, RI, USA",Ei1Ccm9hZHdheSAmIFZpbnRvbiBTdHJlZXQsIFByb3ZpZGVuY2UsIFJJLCBVU0EiZiJkChQKEglF5rYLdUXkiRHipmasZ-JhnRIUChIJRea2C3VF5IkR4qZmrGfiYZ0aFAoSCaW15YZ1ReSJERrCM7HXpG-zGhQKEgnN2QdAdUXkiRHzHzv0hMO0lyIKDVg97RgVUexs1Q,41.820092,-71.4281903,41.820092,-71.4281903,Med,2.449155254801079,FALSE,FALSE
1129,2018-12-07,760104,13:18:00,Pedestrian,1,NA,1,ANGELL ST,GANO ST,2018-12-07,"Two-Way , Not Divided",Dry,Daylight,Clear,Not a Collision Between Two Motor Vehicles in Transport,No,Traffic Control Signal,3,1,Complains Of Pain,NA,41.82958,-71.39097,FALSE,FALSE,"Angell Street and Gano Street, Providence, RI, USA",FALSE,-71.3909687,41.8295909,intersection,geometric_center,"gano st & angell st, providence, ri 02906, usa",NA,NA,NA,NA,41.8295909,-71.3909687,Med High,1.2181644828025453,FALSE,FALSE
1130,2018-12-07,760129,18:51:00,Pedestrian,1,NA,1,Academy Ave,NEWARK ST,2018-12-07,"Two-Way , Not Divided",Dry,Daylight,Clear,Not a Collision Between Two Motor Vehicles in Transport,No,No Controls,3,1,Complains Of Pain,NA,41.82544,-71.4434,FALSE,FALSE,"Academy Ave and Newark Street, Providence, RI, USA",FALSE,-71.4434441,41.8254949,intersection,geometric_center,"academy ave & newark st, providence, ri 02908, usa",NA,NA,NA,NA,41.8254949,-71.4434441,Med High,7.122663328511238,FALSE,FALSE
1131,2018-12-06,759978,00:36:00,Bicycle,NA,1,1,Chalkstone Ave,SMITH ST,2018-12-06,"Two-Way , Not Divided",Dry,Dark - Lighted,Clear,Not a Collision Between Two Motor Vehicles in Transport,No,Traffic Control Signal,2,1,Complains Of Pain,NA,41.83519,-71.42569,FALSE,FALSE,"Chalkstone Ave and Smith Street, Providence, RI, USA",FALSE,-71.4256425,41.83522139999999,intersection,geometric_center,"chalkstone ave & smith st, providence, ri 02908, usa",NA,NA,NA,NA,41.83522139999999,-71.4256425,Med High,5.266786247518847,FALSE,FALSE
1132,2018-12-04,758810,18:25:00,Pedestrian,1,NA,1,POTTERS AVE,ELMWOOD AVE,2018-12-04,"Two-Way , Not Divided",Dry,Dark - Lighted,Clear,Head-On (Front - to - Front),No,No Controls,2,1,Complains Of Pain,NA,41.80151,-71.42635,FALSE,FALSE,"Potters Ave and Elmwood Ave, Providence, RI, USA",FALSE,-71.4263655,41.8015172,intersection,geometric_center,"potters ave & elmwood ave, providence, ri 02907, usa",NA,NA,NA,NA,41.8015172,-71.4263655,Med High,1.5155358547808577,FALSE,FALSE
1133,2018-12-03,758688,09:27:00,Bicycle,NA,1,1,HOPE STREET,WILLIAMS STREET,2018-12-03,"Two-Way , Not Divided",Wet,Daylight,Clear,Other,No,No Controls,6,1,Complains Of Pain,2,41.82258,-71.39685,FALSE,FALSE,"Hope Street and Williams Street, Providence, RI, USA",FALSE,-71.39680059999999,41.8225892,intersection,geometric_center,"hope st & williams st, providence, ri 02906, usa",NA,NA,NA,NA,41.8225892,-71.39680059999999,Med High,4.2240960543166635,FALSE,FALSE
1134,2018-11-30,757388,08:55:00,Bicycle,NA,1,1,Broadway,RINGGOLD ST,2018-11-30,"Two-Way , Not Divided",Dry,Daylight,Clear,Not a Collision Between Two Motor Vehicles in Transport,No,No Controls,3,1,Complains Of Pain,NA,41.82121,-71.42335,FALSE,FALSE,"Broadway and Ringgold Street, Providence, RI, USA",FALSE,-71.4233535,41.8212225,route,geometric_center,"ringgold st, providence, ri 02903, usa","Broadway & Ringgold Street, Providence, RI, USA",Ei9Ccm9hZHdheSAmIFJpbmdnb2xkIFN0cmVldCwgUHJvdmlkZW5jZSwgUkksIFVTQSJmImQKFAoSCQHFIVJzReSJEZc0Z-2f-JoPEhQKEgkBxSFSc0XkiRGXNGftn_iaDxoUChIJpbXlhnVF5IkRGsIzsdekb7MaFAoSCa1x6FFzReSJEfxS86mAer7HIgoNgWntGBVBqW3V,41.8212225,-71.42335349999999,41.8212225,-71.42335349999999,Med,1.4214642002668922,FALSE,FALSE
1135,2018-11-29,757482,17:21:00,Pedestrian,1,NA,1,175 Douglas Ave,CANDACE ST,2018-11-30,Unknown,Dry,Dark - Lighted,Clear,Not a Collision Between Two Motor Vehicles in Transport,"Yes, M/V and Driver Left Scene",No Controls,1,1,Complains Of Pain,NA,41.83723,-71.42243,TRUE,FALSE,"175 Douglas Ave, Providence, RI, USA",FALSE,-71.42174480000001,41.8372481,premise,rooftop,"175 douglas ave, providence, ri 02908, usa",NA,NA,NA,NA,41.8372481,-71.42174480000001,High,56.8646654865555,FALSE,FALSE
1136,2018-11-28,757291,19:31:00,Bicycle,NA,1,1,PUBLIC ST,BROAD ST,2018-11-28,"Two-Way , Not Divided",Dry,Dark - Lighted,Clear,Not a Collision Between Two Motor Vehicles in Transport,No,Traffic Control Signal,2,1,Complains Of Pain,NA,41.80442,-71.41935,FALSE,FALSE,"Public Street and Broad Street, Providence, RI, USA",FALSE,-71.41935959999999,41.804449,intersection,geometric_center,"public st & broad st, providence, ri 02907, usa",NA,NA,NA,NA,41.804449,-71.41935959999999,Med High,3.325099214272177,FALSE,FALSE
1137,2018-11-26,757004,10:44:00,Pedestrian,1,NA,1,Broadway,Tobey Street,2018-11-26,"Two-Way , Not Divided",Wet,Daylight,Cloudy,Other,No,No Controls,3,1,Complains Of Pain,2,41.81853,-71.43479,FALSE,FALSE,"Broadway and Tobey Street, Providence, RI, USA",FALSE,-71.4350823,41.8184808,route,geometric_center,"tobey st, providence, ri 02909, usa","Broadway & Tobey Street, Providence, RI, USA",EixCcm9hZHdheSAmIFRvYmV5IFN0cmVldCwgUHJvdmlkZW5jZSwgUkksIFVTQSJmImQKFAoSCRfuNQOcReSJERM-cKucrPmwEhQKEgkX7jUDnEXkiRETPnCrnKz5sBoUChIJpbXlhnVF5IkRGsIzsdekb7MaFAoSCaeDYAScReSJEdnG3TCTK2fVIgoNaP7sGBUZ32vV,41.8184808,-71.43508229999999,41.8184808,-71.43508229999999,Med,24.86060432220154,FALSE,FALSE
1138,2018-11-26,757064,18:13:00,Pedestrian,1,NA,1,Olney Street,Brown Street,2018-11-26,"Two-Way , Not Divided",Wet,Dark - Not Lighted,Rain,Not a Collision Between Two Motor Vehicles in Transport,No,Pavement Markings,3,1,Non-Incapacitating,1,41.8356,-71.40546,FALSE,FALSE,"Olney Street and Brown Street, Providence, RI, USA",FALSE,-71.4054218,41.8356196,intersection,geometric_center,"olney st & brown st, providence, ri 02906, usa",NA,NA,NA,NA,41.8356196,-71.4054218,Med High,3.846903679415661,FALSE,FALSE
1139,2018-11-26,757074,19:03:00,Pedestrian,1,NA,1,ANGELL ST,WAYLAND AVE,2018-11-26,One-Way Trafficway,Wet,Dark - Lighted,Rain,Not a Collision Between Two Motor Vehicles in Transport,No,Traffic Control Signal,6,1,Non-Incapacitating,2,41.83017,-71.38783,FALSE,FALSE,"Angell Street and Wayland Ave, Providence, RI, USA",FALSE,-71.38795379999999,41.8300494,intersection,geometric_center,"wayland ave & angell st, providence, ri 02906, usa",NA,NA,NA,NA,41.8300494,-71.38795379999999,Med High,16.902165265264966,FALSE,FALSE
1140,2018-11-25,756954,22:32:00,Pedestrian,1,NA,1,SAN SOUCI DR,VALLEY ST,2018-11-25,Unknown,Dry,Dark - Lighted,Clear,Not a Collision Between Two Motor Vehicles in Transport,"Yes, M/V and Driver Left Scene",No Controls,1,1,Complains Of Pain,NA,41.81742,-71.44157,FALSE,FALSE,"San Souci Dr and Valley Street, Providence, RI, USA",FALSE,-71.4409149,41.8173882,intersection,geometric_center,"valley st & san souci dr, providence, ri 02909, usa",NA,NA,NA,NA,41.8173882,-71.4409149,Med High,54.464529752381246,FALSE,FALSE
1141,2018-11-24,756883,21:39:00,Pedestrian,1,NA,1,DYER STREET,DORRANCE STREET,2018-11-24,"Two-Way, Divided, Unprotected (painted>4feet) Medium",Dry,Dark - Lighted,Clear,Not a Collision Between Two Motor Vehicles in Transport,No,No Controls,3,1,Complains Of Pain,NA,41.80338,-71.40157,FALSE,FALSE,"Dyer Street and Dorrance Street, Providence, RI, USA",FALSE,-71.40816389999999,41.82120949999999,intersection,geometric_center,"dyer st & dorrance st, providence, ri 02903, usa",NA,NA,NA,NA,41.82120949999999,-71.40816389999999,Med High,2058.7933071718294,FALSE,FALSE
1142,2018-11-23,756781,08:19:00,Pedestrian,1,NA,1,Broadway,KNIGHT ST,2018-11-23,"Two-Way, Divided, Unprotected (painted>4feet) Medium",Dry,Daylight,Clear,Other,No,Traffic Control Signal,2,1,Complains Of Pain,NA,41.8198,-71.42936,FALSE,FALSE,"Broadway and Knight Street, Providence, RI, USA",FALSE,-71.4298401,41.8202496,route,geometric_center,"knight st, providence, ri, usa","Broadway & Knight Street, Providence, RI, USA",Ei1Ccm9hZHdheSAmIEtuaWdodCBTdHJlZXQsIFByb3ZpZGVuY2UsIFJJLCBVU0EiZiJkChQKEgmvZYGEdUXkiRHAVmwJ-u4XKRIUChIJr2WBhHVF5IkRwFZsCfruFykaFAoSCaW15YZ1ReSJERrCM7HXpG-zGhQKEgkPqvF6dUXkiRGsZxyELkktfCIKDcQy7RgVV79s1Q,41.8198212,-71.4293417,41.8198212,-71.4293417,Med,2.8061231257427877,FALSE,FALSE
1143,2018-11-21,756671,08:34:00,Pedestrian,1,NA,1,EXIT 22A (RT ),FRANCIS ST,2018-11-21,"Two-Way , Not Divided",Dry,Daylight,Clear,Not a Collision Between Two Motor Vehicles in Transport,No,Traffic Control Signal,2,1,Complains Of Pain,2,41.82577,-71.41527,FALSE,FALSE,"Exit 22a (Rt ) and Francis Street, Providence, RI, USA",FALSE,-71.4153409,41.8284747,route,geometric_center,"francis st, providence, ri, usa",NA,NA,NA,NA,41.8284747,-71.4153409,Med,301.1432612289948,FALSE,FALSE
1144,2018-11-20,756562,12:40:00,Pedestrian,1,NA,1,N Main St,Frost St,2018-11-20,"Two-Way , Not Divided",Wet,Daylight,Rain,Not a Collision Between Two Motor Vehicles in Transport,No,Traffic Control Signal,4,1,Complains Of Pain,4,NA,NA,FALSE,FALSE,"N Main Street and Frost Street, Providence, RI, USA",FALSE,-71.4034541,41.8516888,route,geometric_center,"frost st, providence, ri 02904, usa","North Main Street & Frost Street, Providence, RI, USA",EjVOb3J0aCBNYWluIFN0cmVldCAmIEZyb3N0IFN0cmVldCwgUHJvdmlkZW5jZSwgUkksIFVTQSJmImQKFAoSCX19LNrDROSJEaL1DS0QAB8hEhQKEgl9fSzaw0TkiRGi9Q0tEAAfIRoUChIJ-fpBPd5E5IkRX9etvg1cIz8aFAoSCX1-qSvCROSJEY8EJfDcpgnIIgoNkgHyGBXO3HDV,41.85132979999999,-71.402373,41.85132979999999,-71.402373,Med,NA,FALSE,FALSE
1145,2018-11-16,756203,18:44:00,Pedestrian,1,NA,1,N MAIN ST,STEEPLE ST,2018-11-16,One-Way Trafficway,Wet,Dusk,Clear,Not a Collision Between Two Motor Vehicles in Transport,No,Traffic Control Signal,3,1,Complains Of Pain,NA,41.82749,-71.40906,FALSE,FALSE,"N Main Street and Steeple Street, Providence, RI, USA",FALSE,-71.409299,41.8273889,route,geometric_center,"steeple st, providence, ri 02903, usa","North Main Street & Steeple Street, Providence, RI, USA",EjdOb3J0aCBNYWluIFN0cmVldCAmIFN0ZWVwbGUgU3RyZWV0LCBQcm92aWRlbmNlLCBSSSwgVVNBImYiZAoUChIJUS88oBdF5IkRhG9IWd2q99wSFAoSCVEvPKAXReSJEYRvSFndqvfcGhQKEgn5-kE93kTkiRFf162-DVwjPxoUChIJZ9LkCxdF5IkRUKQiBhkBnmUiCg2wXe4YFQzYb9U,41.8274736,-71.4090484,41.8274736,-71.4090484,Med,2.06369489296572,FALSE,FALSE
1146,2018-11-15,756058,12:16:00,Pedestrian,1,NA,1,ELMA ST,PRAIRIE AVE,2018-11-16,One-Way Trafficway,Dry,Daylight,Clear,Not a Collision Between Two Motor Vehicles in Transport,No,No Controls,5,0,No Injury,NA,41.79695,-71.4129,FALSE,FALSE,"Elma Street and Prairie Ave, Providence, RI, USA",FALSE,-71.4112689,41.7972648,intersection,geometric_center,"elma st & prairie ave, providence, ri 02905, usa",NA,NA,NA,NA,41.7972648,-71.4112689,Med High,139.82707182507957,FALSE,FALSE
1147,2018-11-09,755424,11:53:00,Pedestrian,1,NA,1,MEMORIAL BLVD,FRANCIS ST,2018-11-09,"Two-Way, Divided, Positive Median Barrier",Dry,Daylight,Clear,Other,"Yes, M/V and Driver Left Scene",Traffic Control Signal,1,1,Complains Of Pain,4,41.82589,-71.41538,FALSE,FALSE,"Memorial Blvd and Francis Street, Providence, RI, USA",FALSE,-71.4153098,41.8257791,intersection,geometric_center,"memorial blvd & francis st, providence, ri 02903, usa",NA,NA,NA,NA,41.8257791,-71.4153098,Med High,13.649823003340886,FALSE,FALSE
1148,2018-11-09,755497,19:12:00,Pedestrian,1,NA,1,REGENT AVE,HURON ST,2018-11-09,"Two-Way , Not Divided",Wet,Dark - Lighted,Rain,Not a Collision Between Two Motor Vehicles in Transport,No,Stop Signs,6,1,Incapacitating,NA,41.82952,-71.44119,FALSE,FALSE,"Regent Ave and Huron Street, Providence, RI, USA",FALSE,-71.44118639999999,41.8295286,intersection,geometric_center,"huron st & regent ave, providence, ri 02908, usa",NA,NA,NA,NA,41.8295286,-71.44118639999999,Med High,1.002837755497143,FALSE,FALSE
1149,2018-11-09,755502,21:59:00,Pedestrian,2,NA,1,WESTMINSTER ST,COLLEGE ST,2018-11-09,"Two-Way , Not Divided",Wet,Dark - Lighted,Rain,Not a Collision Between Two Motor Vehicles in Transport,No,Traffic Control Signal,5,2,Complains Of Pain,NA,41.82529,-71.40895,FALSE,FALSE,"Westminster Street and College Street, Providence, RI, USA",FALSE,-71.4088081,41.8253077,intersection,geometric_center,"westminster st & college st, providence, ri 02903, usa",NA,NA,NA,NA,41.8253077,-71.4088081,Med High,11.93483387030776,FALSE,FALSE
1150,2018-11-08,755318,12:27:00,Pedestrian,1,NA,1,94 ACADEMY AVE,ARMINGTON AVE,2018-11-08,"Two-Way , Not Divided",Dry,Daylight,Clear,Not a Collision Between Two Motor Vehicles in Transport,No,No Controls,2,0,No Injury,NA,41.82734,-71.44373,TRUE,FALSE,"94 Academy Ave, Providence, RI, USA",FALSE,-71.4438076,41.8271072,street_address,rooftop,"94 academy ave, providence, ri 02908, usa",NA,NA,NA,NA,41.8271072,-71.4438076,High,26.70264229858074,FALSE,FALSE
1151,2018-11-08,755342,16:56:00,Pedestrian,1,NA,1,670 Chalkstone Ave,FREDERICK ST,2018-11-08,"Two-Way, Divided, Unprotected (painted>4feet) Medium",Dry,Dark - Lighted,Clear,Not a Collision Between Two Motor Vehicles in Transport,"Yes, M/V and Driver Left Scene",No Controls,1,1,Complains Of Pain,NA,41.83447,-71.42888,TRUE,FALSE,"670 Chalkstone Ave, Providence, RI, USA",FALSE,-71.4289483,41.8343464,premise,rooftop,"670 chalkstone ave, providence, ri 02908, usa",NA,NA,NA,NA,41.8343464,-71.4289483,High,14.879637899495647,FALSE,FALSE
1152,2018-11-07,755228,14:50:00,Pedestrian,1,NA,1,BUTLER AVE,S ANGELL ST,2018-11-07,"Two-Way , Not Divided",Dry,Daylight,Clear,Not a Collision Between Two Motor Vehicles in Transport,No,Traffic Control Signal,2,1,Non-Incapacitating,NA,41.82947,-71.38504,FALSE,FALSE,"Butler Ave and S Angell Street, Providence, RI, USA",FALSE,-71.3850399,41.8294882,intersection,geometric_center,"butler ave & s angell st, providence, ri 02906, usa",NA,NA,NA,NA,41.8294882,-71.3850399,Med High,2.026031712013244,FALSE,FALSE
1153,2018-11-07,755230,16:31:00,Pedestrian,1,NA,1,51 silver spring st,NA,2018-11-07,"Two-Way , Not Divided",Dry,Dusk,Clear,Not a Collision Between Two Motor Vehicles in Transport,No,No Controls,3,1,Complains Of Pain,NA,NA,NA,TRUE,TRUE,"51 Silver Spring Street, Providence, RI, USA",FALSE,-71.4166633,41.8454522,premise,rooftop,"51 silver spring st, providence, ri 02904, usa",NA,NA,NA,NA,41.8454522,-71.4166633,High,NA,FALSE,FALSE
1154,2018-11-07,755244,17:47:00,Pedestrian,1,NA,1,CHALKSTONE AVE,FREDERICK ST,2018-11-07,Unknown,Dry,Dark - Lighted,Clear,Not a Collision Between Two Motor Vehicles in Transport,"Yes, M/V and Driver Left Scene",Stop Signs,1,1,Complains Of Pain,NA,41.83447,-71.42888,FALSE,FALSE,"Chalkstone Ave and Frederick Street, Providence, RI, USA",FALSE,-71.42886419999999,41.83448920000001,intersection,geometric_center,"frederick st & chalkstone ave, providence, ri 02908, usa",NA,NA,NA,NA,41.83448920000001,-71.42886419999999,Med High,2.5070974511594155,FALSE,FALSE
1155,2018-11-07,755252,18:00:00,Pedestrian,1,NA,1,FRANCIS ST,MEMORIAL BLVD,2018-11-07,"Two-Way, Divided, Unprotected (painted>4feet) Medium",Dry,Dark - Lighted,Clear,Not a Collision Between Two Motor Vehicles in Transport,"Yes, M/V and Driver Left Scene",No Controls,2,1,Complains Of Pain,NA,41.82676,-71.4155,FALSE,FALSE,"Francis Street and Memorial Blvd, Providence, RI, USA",FALSE,-71.4134258,41.8263996,route,geometric_center,"memorial blvd, providence, ri 02903, usa","Francis Street & Memorial Blvd, Providence, RI, USA",EjNGcmFuY2lzIFN0cmVldCAmIE1lbW9yaWFsIEJsdmQsIFByb3ZpZGVuY2UsIFJJLCBVU0EiZiJkChQKEgkDtc6dEUXkiRFK7mftfMbegBIUChIJA7XOnRFF5IkRSu5n7XzG3oAaFAoSCeMKJVkQReSJEQnXa5JsDkKbGhQKEgn3LDO1FkXkiRGsznR5eOTavSIKDRwg7hgVW-Bu1Q,41.8258972,-71.4153893,41.8258972,-71.4153893,Med,96.48442987293527,FALSE,FALSE
1156,2018-11-07,755260,17:41:00,Bicycle,NA,1,1,Manton Ave,ATWELLS AVE,2018-11-07,"Two-Way , Not Divided",Dry,Dark - Lighted,Clear,Not a Collision Between Two Motor Vehicles in Transport,No,No Controls,3,1,Complains Of Pain,NA,41.82537,-71.45466,FALSE,FALSE,"Manton Ave and Atwells Ave, Providence, RI, USA",FALSE,-71.4541435,41.8252114,intersection,geometric_center,"atwells ave & manton ave, providence, ri 02909, usa",NA,NA,NA,NA,41.8252114,-71.4541435,Med High,46.34040236594546,FALSE,FALSE
1157,2018-11-06,753073,08:59:00,Pedestrian,1,NA,1,PEACE ST,ELMWOOD AVE,2018-11-06,"Two-Way , Not Divided",Wet,Daylight,Cloudy,Other,No,No Controls,4,1,Complains Of Pain,3,41.80655,-71.42477,FALSE,FALSE,"Peace Street and Elmwood Ave, Providence, RI, USA",FALSE,-71.4249572,41.8065686,intersection,geometric_center,"peace st & elmwood ave, providence, ri 02907, usa",NA,NA,NA,NA,41.8065686,-71.4249572,Med High,15.67078076087665,FALSE,FALSE
1158,2018-11-05,753034,17:39:00,Pedestrian,1,NA,1,THURBERS AVE,PRAIRIE AVE,2018-11-05,"Two-Way , Not Divided",Wet,Dark - Lighted,Rain,Not a Collision Between Two Motor Vehicles in Transport,No,Traffic Control Signal,4,1,Non-Incapacitating,NA,41.79873,-71.41191,FALSE,FALSE,"Thurbers Ave and Prairie Ave, Providence, RI, USA",FALSE,-71.41191049999999,41.7987434,intersection,geometric_center,"thurbers ave & prairie ave, providence, ri 02905, usa",NA,NA,NA,NA,41.7987434,-71.41191049999999,Med High,1.4922581778487964,FALSE,FALSE
1159,2018-11-04,753001,17:22:00,Pedestrian,1,NA,1,Camp Street,Jenkins Street,2018-11-05,"Two-Way , Not Divided",Dry,Dark - Lighted,Clear,Not a Collision Between Two Motor Vehicles in Transport,"Yes, M/V and Driver Left Scene",Pavement Markings,2,1,Non-Incapacitating,1,41.84076,-71.4036,FALSE,FALSE,"Camp Street and Jenkins Street, Providence, RI, USA",FALSE,-71.40358619999999,41.8407815,intersection,geometric_center,"camp st & jenkins st, providence, ri 02906, usa",NA,NA,NA,NA,41.8407815,-71.40358619999999,Med High,2.6529314629689056,FALSE,FALSE
1160,2018-11-03,752842,05:43:00,Pedestrian,1,NA,1,Memorial Blvd,EXIT 22A  (RT ),2018-11-03,"Two-Way, Divided, Positive Median Barrier",Wet,Dark - Lighted,Rain,Not a Collision Between Two Motor Vehicles in Transport,No,Traffic Control Signal,2,1,Incapacitating,NA,41.82583,-71.41506,FALSE,FALSE,"Memorial Blvd and Exit 22a  (Rt ), Providence, RI, USA",FALSE,-71.4128343,41.8239891,locality,approximate,"providence, ri, usa",NA,NA,NA,NA,41.8239891,-71.4128343,Med,275.83291431451073,FALSE,FALSE
1161,2018-11-03,752870,18:38:00,Pedestrian,1,NA,1,RANDALL ST,CHARLES ST,2018-11-03,"Two-Way , Not Divided",Dry,Dark - Lighted,Clear,Not a Collision Between Two Motor Vehicles in Transport,No,No Controls,2,1,Complains Of Pain,NA,41.83761,-71.41032,FALSE,FALSE,"Randall Street and Charles Street, Providence, RI, USA",FALSE,-71.419539,41.8474982,route,geometric_center,"charles st, providence, ri, usa","Randall Street & Charles Street, Providence, RI, USA",EjRSYW5kYWxsIFN0cmVldCAmIENoYXJsZXMgU3RyZWV0LCBQcm92aWRlbmNlLCBSSSwgVVNBImYiZAoUChIJK5_7KRxF5IkRC4AGxe12bdQSFAoSCSuf-ykcReSJEQuABsXtdm3UGhQKEgmXgCFvHkXkiREFR8Ne4aJLqhoUChIJdQvObPFE5IkRy2TLLjVV_TIiCg0Sse8YFcNfb9U,41.8361618,-71.4121277,41.8361618,-71.4121277,Med,220.15410157945882,FALSE,FALSE
1162,2018-11-03,752881,22:43:00,Pedestrian,1,NA,1,SMITH ST,CHALKSTONE AVE,2018-11-04,"Two-Way , Not Divided",Dry,Dark - Lighted,Clear,Not a Collision Between Two Motor Vehicles in Transport,No,No Controls,3,1,Incapacitating,NA,41.8353,-71.42585,FALSE,FALSE,"Smith Street and Chalkstone Ave, Providence, RI, USA",FALSE,-71.4256425,41.83522139999999,intersection,geometric_center,"chalkstone ave & smith st, providence, ri 02908, usa",NA,NA,NA,NA,41.83522139999999,-71.4256425,Med High,19.306621665701755,FALSE,FALSE
1163,2018-11-02,752714,07:22:00,Bicycle,NA,1,1,500 Broad St,Pine St,2018-11-02,"Two-Way , Not Divided",Wet,Dawn,Cloudy,Not a Collision Between Two Motor Vehicles in Transport,"Yes, M/V and Driver Left Scene",No Controls,2,1,Complains Of Pain,2,NA,NA,TRUE,FALSE,"500 Broad Street, Providence, RI, USA",FALSE,-71.420897,41.8108616,premise,rooftop,"500 broad st, providence, ri 02909, usa",NA,NA,NA,NA,41.8108616,-71.420897,High,NA,FALSE,FALSE
1164,2018-11-02,775754,14:25:00,Pedestrian,1,NA,1,35 Camp Street,Doyle Ave,2019-03-25,"Two-Way , Not Divided",Dry,Daylight,Clear,Other,"Yes, M/V and Driver Left Scene",No Controls,4,1,Complains Of Pain,2,NA,NA,TRUE,FALSE,"35 Camp Street, Providence, RI, USA",FALSE,-71.4034252,41.8374411,premise,rooftop,"35 camp st, providence, ri 02906, usa",NA,NA,NA,NA,41.8374411,-71.4034252,High,NA,FALSE,FALSE
1165,2018-10-31,752521,07:20:00,Pedestrian,1,NA,1,DUDLEY ST,GAY ST,2018-10-31,"Two-Way , Not Divided",Dry,Daylight,Clear,Not a Collision Between Two Motor Vehicles in Transport,No,No Controls,2,1,Complains Of Pain,NA,41.80998,-71.41326,FALSE,FALSE,"Dudley Street and Gay Street, Providence, RI, USA",FALSE,-71.4128949,41.8100358,intersection,geometric_center,"gay st & dudley st, providence, ri 02905, usa",NA,NA,NA,NA,41.8100358,-71.4128949,Med High,30.923745041195154,FALSE,FALSE