row_number,crash_date,crash_report_id,crash_time,collision_type,count_pedestrian,count_bicycle,number_of_vehicles,street_or_highway,nearest_intersection,report_date,type_of_roadway,road_surface_condition,light_condition,weather_condition,manner_of_impact,hit_and_run,traffic_control,person_count,injury_count,most_serious_injury,number_of_lanes,lat_raw,lon_raw,has_st_number,is_intersection_null,address_sent_to_geocoder,is_address_blank,lon_api_first_try,lat_api_first_try,type,loctype,address_returned_by_geocoder,address_returned_by_autocomplete,place_ids_autocompleted,lat_api_second_try,lon_api_second_try,lat_api_best,lon_api_best,api_coord_conf,distance_btwn_coords_meters,scooter,wheel_chair
1210,2018-09-25,748510,19:47:00,Pedestrian,1,NA,1,FRICKER ST,BROAD ST,2018-09-25,"Two-Way , Not Divided",Wet,Dark - Lighted,Rain,Angle - Direction Not Specified,"Yes, M/V and Driver Left Scene",Pavement Markings,3,1,Incapacitating,2,41.81537,-71.42074,FALSE,FALSE,"Fricker Street and Broad Street, Providence, RI, USA",FALSE,-71.42061559999999,41.8153842,intersection,geometric_center,"fricker st & broad st, providence, ri 02903, usa",NA,NA,NA,NA,41.8153842,-71.42061559999999,Med High,10.441331135272804,FALSE,FALSE
1211,2018-09-25,748576,03:58:00,Pedestrian,1,NA,1,172 Roanoke Street,CARLETON ST,2018-09-26,"Two-Way , Not Divided",Dry,Daylight,Rain,Not a Collision Between Two Motor Vehicles in Transport,"Yes, M/V and Driver Left Scene",No Controls,1,0,No Injury,NA,41.83139,-71.44787,TRUE,FALSE,"172 Roanoke Street, Providence, RI, USA",FALSE,-71.4511285,41.83095950000001,street_address,rooftop,"172 roanoke st, providence, ri 02908, usa",NA,NA,NA,NA,41.83095950000001,-71.4511285,High,274.49405774953505,FALSE,FALSE
1212,2018-09-24,748410,23:49:00,Pedestrian,1,NA,1,SMITH ST,CHALKSTONE AVE,2018-09-25,"Two-Way , Not Divided",Dry,Dark - Lighted,Clear,Other,"Yes, M/V and Driver Left Scene",Pavement Markings,2,1,Complains Of Pain,2,41.83507,-71.42528,FALSE,FALSE,"Smith Street and Chalkstone Ave, Providence, RI, USA",FALSE,-71.4256425,41.83522139999999,intersection,geometric_center,"chalkstone ave & smith st, providence, ri 02908, usa",NA,NA,NA,NA,41.83522139999999,-71.4256425,Med High,34.4675117482729,FALSE,FALSE
1213,2018-09-22,748256,17:19:00,Pedestrian,1,NA,1,450 Cranston Street,Superior Street,2018-09-22,"Two-Way , Not Divided",Dry,Daylight,Clear,Not a Collision Between Two Motor Vehicles in Transport,No,No Controls,4,1,Non-Incapacitating,1,41.8107,-71.43234,TRUE,FALSE,"450 Cranston Street, Providence, RI, USA",FALSE,-71.43228739999999,41.8105432,street_address,range_interpolated,"450 cranston st, providence, ri 02907, usa",NA,NA,NA,NA,41.8105432,-71.43228739999999,High,17.99224465016882,FALSE,FALSE
1214,2018-09-22,748264,19:11:00,Pedestrian,1,NA,1,REYNOLDS AVE,BROAD STREET,2018-09-22,"Two-Way , Not Divided",Dry,Dark - Lighted,Clear,Head-On (Front - to - Front),No,No Controls,2,1,Complains Of Pain,NA,41.80357,-71.41907,FALSE,FALSE,"Reynolds Ave and Broad Street, Providence, RI, USA",FALSE,-71.4190867,41.8035636,intersection,geometric_center,"broad st & reynolds ave, providence, ri 02905, usa",NA,NA,NA,NA,41.8035636,-71.4190867,Med High,1.558200637388811,FALSE,FALSE
1215,2018-09-21,748162,20:05:00,Pedestrian,1,NA,1,EXCHANGE TER,FRANCIS ST,2018-09-21,One-Way Trafficway,Dry,Dark - Lighted,Clear,Not a Collision Between Two Motor Vehicles in Transport,No,Traffic Control Signal,4,1,Complains Of Pain,NA,41.82497,-71.41496,FALSE,FALSE,"Exchange Ter and Francis Street, Providence, RI, USA",FALSE,-71.41480469999999,41.8250247,intersection,geometric_center,"exchange terrace & francis st, providence, ri 02903, usa",NA,NA,NA,NA,41.8250247,-71.41480469999999,Med High,14.249280324607764,FALSE,FALSE
1216,2018-09-20,748068,14:29:00,Pedestrian,1,NA,1,WEST RIVER ST,BRANCH AVE,2018-09-20,"Two-Way , Not Divided",Dry,Daylight,Clear,Other,No,Traffic Control Signal,2,1,Complains Of Pain,NA,41.8469,-71.41269,FALSE,FALSE,"West River Street and Branch Ave, Providence, RI, USA",FALSE,-71.4126689,41.8468987,intersection,geometric_center,"w river st & branch ave, providence, ri 02904, usa",NA,NA,NA,NA,41.8468987,-71.4126689,Med High,1.7556970230067168,FALSE,FALSE
1217,2018-09-20,748069,14:08:00,Pedestrian,1,NA,1,BROADWAY,HARRIS AVE,2018-09-20,"Two-Way, Divided, Unprotected (painted>4feet) Medium",Dry,Daylight,Clear,Other,No,Stop Signs,5,1,Complains Of Pain,NA,41.81705,-71.44029,FALSE,FALSE,"Broadway and Harris Ave, Providence, RI, USA",FALSE,-71.4312409,41.825502,route,geometric_center,"harris ave, providence, ri, usa","Broadway & Harris Ave, Providence, RI, USA",EipCcm9hZHdheSAmIEhhcnJpcyBBdmUsIFByb3ZpZGVuY2UsIFJJLCBVU0EiZiJkChQKEgkLmF_1mkXkiRHm61hV9ZuL8RIUChIJC5hf9ZpF5IkR5utYVfWbi_EaFAoSCaW15YZ1ReSJERrCM7HXpG-zGhQKEglzHMMQmUXkiRHVQp50Ku4GJCIKDTbI7BgVHRZr1Q,41.8170934,-71.44022749999999,41.8170934,-71.44022749999999,Med,7.087163121208949,FALSE,FALSE
1218,2018-09-20,748102,16:30:00,Pedestrian,1,NA,1,Broadway,BERCLAY ST,2018-09-20,"Two-Way, Divided, Unprotected (painted>4feet) Medium",Dry,Daylight,Clear,Not a Collision Between Two Motor Vehicles in Transport,"Yes, M/V and Driver Left Scene",No Controls,1,0,No Injury,NA,41.82165,-71.42156,FALSE,FALSE,"Broadway and Berclay Street, Providence, RI, USA",FALSE,-71.4214329,41.822165,route,geometric_center,"barclay st, providence, ri 02903, usa",NA,NA,NA,NA,41.822165,-71.4214329,Med,58.29108031907528,FALSE,FALSE
1219,2018-09-19,747992,08:03:00,Pedestrian,2,NA,1,315 BROAD ST,NA,2018-09-19,Unknown,Wet,Daylight,Cloudy,Not a Collision Between Two Motor Vehicles in Transport,"Yes, M/V and Driver Left Scene",No Controls,3,0,No Injury,NA,41.81436,-71.42118,TRUE,TRUE,"315 Broad Street, Providence, RI, USA",FALSE,-71.4217316,41.81451740000001,premise,rooftop,"315 broad st, providence, ri 02907, usa",NA,NA,NA,NA,41.81451740000001,-71.4217316,High,49.004320712035934,FALSE,FALSE
1220,2018-09-19,748019,15:30:00,Pedestrian,1,NA,1,POINT ST,EDDY ST,2018-09-19,"Two-Way, Divided, Positive Median Barrier",Dry,Daylight,Cloudy,Not a Collision Between Two Motor Vehicles in Transport,No,Traffic Control Signal,3,0,No Injury,NA,41.81682,-71.4066,FALSE,FALSE,"Point Street and Eddy Street, Providence, RI, USA",FALSE,-71.4064202,41.816823,intersection,geometric_center,"point st & eddy st, providence, ri 02903, usa",NA,NA,NA,NA,41.816823,-71.4064202,Med High,14.920704816479073,FALSE,FALSE
1221,2018-09-19,748043,20:19:00,Pedestrian,1,NA,1,dexter st,WARREN ST,2018-09-19,"Two-Way , Not Divided",Dry,Dark - Lighted,Clear,Not a Collision Between Two Motor Vehicles in Transport,No,No Controls,5,1,Non-Incapacitating,NA,41.81111,-71.42893,FALSE,FALSE,"Dexter Street and Warren Street, Providence, RI, USA",FALSE,-71.4288019,41.810825,intersection,geometric_center,"warren st & dexter st, providence, ri 02907, usa",NA,NA,NA,NA,41.810825,-71.4288019,Med High,33.45910293529346,FALSE,FALSE
1222,2018-09-18,747940,15:31:00,Pedestrian,1,NA,1,dorrance st,WESTMINSTER ST,2018-09-18,"Two-Way , Not Divided",Wet,Daylight,Rain,Not a Collision Between Two Motor Vehicles in Transport,No,Traffic Control Signal,3,1,Complains Of Pain,NA,41.82363,-71.41169,FALSE,FALSE,"Dorrance Street and Westminster Street, Providence, RI, USA",FALSE,-71.4116693,41.8236083,intersection,geometric_center,"westminster st & dorrance st, providence, ri 02903, usa",NA,NA,NA,NA,41.8236083,-71.4116693,Med High,2.963777943221677,FALSE,FALSE
1223,2018-09-18,747941,16:23:00,Bicycle,NA,1,1,337 Plainfield St,PLAINFIELD ST,2018-09-18,"Two-Way, Divided, Unprotected (painted>4feet) Medium",Wet,Daylight,Rain,Angle (Front - to - Side) Same Direction,No,Stop Signs,2,1,Complains Of Pain,NA,41.81377,-71.44864,TRUE,FALSE,"337 Plainfield Street, Providence, RI, USA",FALSE,-71.4491815,41.8139031,premise,rooftop,"337 plainfield st, providence, ri 02909, usa",NA,NA,NA,NA,41.8139031,-71.4491815,High,47.30737168159467,FALSE,FALSE
1224,2018-09-18,747952,18:22:00,Bicycle,NA,1,2,North Main St,N MAIN ST,2018-09-18,One-Way Trafficway,Wet,Daylight,Rain,Not a Collision Between Two Motor Vehicles in Transport,No,Stop Signs,7,1,Complains Of Pain,NA,41.83014,-71.41016,FALSE,FALSE,"North Main Street and N Main Street, Providence, RI, USA",FALSE,-71.700964,41.9595187,intersection,geometric_center,"n main st & pascoag main st, burrillville, ri 02859, usa",NA,NA,NA,NA,41.9595187,-71.700964,Med High,28072.91158851484,FALSE,FALSE
1225,2018-09-16,747763,01:53:00,Pedestrian,1,NA,1,WESTMINSTER ST,MEMORIAL BLVD,2018-09-16,"Two-Way , Not Divided",Dry,Dark - Lighted,Clear,Not a Collision Between Two Motor Vehicles in Transport,No,Traffic Control Signal,3,1,Complains Of Pain,NA,41.82529,-71.40895,FALSE,FALSE,"Westminster Street and Memorial Blvd, Providence, RI, USA",FALSE,-71.4088081,41.8253077,intersection,geometric_center,"memorial blvd & westminster st, providence, ri 02903, usa",NA,NA,NA,NA,41.8253077,-71.4088081,Med High,11.93483387030776,FALSE,FALSE
1226,2018-09-16,747764,01:14:00,Pedestrian,1,NA,1,OREGON ST,WHIPPLE ST,2018-09-16,"Two-Way , Not Divided",Dry,Dark - Lighted,Clear,Unknown,"Yes, M/V and Driver Left Scene",No Controls,2,1,Incapacitating,2,41.83878,-71.42033,FALSE,FALSE,"Oregon Street and Whipple Street, Providence, RI, USA",FALSE,-71.4202086,41.838754,intersection,geometric_center,"whipple st & oregon st, providence, ri 02908, usa",NA,NA,NA,NA,41.838754,-71.4202086,Med High,10.476152930636212,FALSE,FALSE
1227,2018-09-15,747734,16:04:00,Bicycle,NA,1,1,SMITH ST,TYNDALL AVE,2018-09-15,"Two-Way , Not Divided",Dry,Daylight,Clear,Not a Collision Between Two Motor Vehicles in Transport,"Yes, M/V and Driver Left Scene",Other,2,1,Complains Of Pain,NA,41.83762,-71.4336,FALSE,FALSE,"Smith Street and Tyndall Ave, Providence, RI, USA",FALSE,-71.433632,41.83763889999999,intersection,geometric_center,"tyndall ave & smith st, providence, ri 02908, usa",NA,NA,NA,NA,41.83763889999999,-71.433632,Med High,3.3867731002799397,FALSE,FALSE
1228,2018-09-15,747743,19:39:00,Pedestrian,1,NA,1,RESERVOIR AVE,YARMOUTH STREET,2018-09-15,"Two-Way , Not Divided",Dry,Dark - Lighted,Clear,Other,No,No Controls,3,1,Incapacitating,NA,41.79275,-71.42748,FALSE,FALSE,"Reservoir Ave and Yarmouth Street, Providence, RI, USA",FALSE,-71.4274794,41.7927691,intersection,geometric_center,"yarmouth st & reservoir ave, providence, ri 02907, usa",NA,NA,NA,NA,41.7927691,-71.4274794,Med High,2.1267853385598268,FALSE,FALSE
1229,2018-09-14,747675,08:06:00,Pedestrian,1,NA,1,DEXTER ST,POTTERS AVE,2018-09-14,"Two-Way, Divided, Unprotected (painted>4feet) Medium",Dry,Daylight,Clear,Not a Collision Between Two Motor Vehicles in Transport,No,Stop Signs,4,1,Complains Of Pain,NA,41.80249,-71.43059,FALSE,FALSE,"Dexter Street and Potters Ave, Providence, RI, USA",FALSE,-71.4305866,41.8024973,intersection,geometric_center,"potters ave & dexter st, providence, ri 02907, usa",NA,NA,NA,NA,41.8024973,-71.4305866,Med High,0.8602180102863454,FALSE,FALSE
1230,2018-09-14,747820,22:07:00,Pedestrian,1,NA,1,cranston st,LINWOOD AVE,2018-09-17,"Two-Way , Not Divided",Dry,Dark - Lighted,Clear,Not a Collision Between Two Motor Vehicles in Transport,No,Traffic Control Signal,2,1,Complains Of Pain,NA,41.80701,-71.43571,FALSE,FALSE,"Cranston Street and Linwood Ave, Providence, RI, USA",FALSE,-71.4356998,41.8070369,intersection,geometric_center,"cranston st & linwood ave, providence, ri 02909, usa",NA,NA,NA,NA,41.8070369,-71.4356998,Med High,3.1118047836356544,FALSE,FALSE
1231,2018-09-12,747543,11:40:00,Pedestrian,1,NA,1,EMPIRE ST,BROADWAY,2018-09-12,"Two-Way, Divided, Unprotected (painted>4feet) Medium",Wet,Daylight,Rain,Not a Collision Between Two Motor Vehicles in Transport,"Yes, M/V and Driver Left Scene",Traffic Control Signal,2,1,Complains Of Pain,NA,41.82261,-71.41748,FALSE,FALSE,"Empire Street and Broadway, Providence, RI, USA",FALSE,-71.4177642,41.822755,intersection,geometric_center,"empire st & broadway, providence, ri 02903, usa",NA,NA,NA,NA,41.822755,-71.4177642,Med High,28.572418438105792,FALSE,FALSE
1232,2018-09-11,747466,12:04:00,Pedestrian,1,NA,1,BRANCH AVE,COMMODORE ST,2018-09-11,"Two-Way , Not Divided",Dry,Daylight,Clear,Not a Collision Between Two Motor Vehicles in Transport,No,No Controls,6,1,Complains Of Pain,NA,41.84962,-71.41852,FALSE,FALSE,"Branch Ave and Commodore Street, Providence, RI, USA",FALSE,-71.4183292,41.8495491,intersection,geometric_center,"branch ave & commodore st, providence, ri 02904, usa",NA,NA,NA,NA,41.8495491,-71.4183292,Med High,17.680819535845167,FALSE,FALSE
1233,2018-09-10,747644,18:21:00,Bicycle,NA,1,1,Smith Street,Holden Street,2018-09-13,"Two-Way , Not Divided",Wet,Daylight,Rain,Not a Collision Between Two Motor Vehicles in Transport,"Yes, M/V and Driver Left Scene",Other,2,1,Complains Of Pain,NA,41.83225,-71.41816,FALSE,FALSE,"Smith Street and Holden Street, Providence, RI, USA",FALSE,-71.41800549999999,41.8322069,intersection,geometric_center,"holden st & smith st, providence, ri 02908, usa",NA,NA,NA,NA,41.8322069,-71.41800549999999,Med High,13.683600209123599,FALSE,FALSE
1234,2018-09-07,747151,08:42:00,Bicycle,NA,1,1,EXIT 22A (RT ),FRANCIS ST,2018-09-07,One-Way Trafficway,Dry,Daylight,Clear,Not a Collision Between Two Motor Vehicles in Transport,"Yes, M/V and Driver Left Scene",Traffic Control Signal,1,1,Complains Of Pain,NA,41.82577,-71.41527,FALSE,FALSE,"Exit 22a (Rt ) and Francis Street, Providence, RI, USA",FALSE,-71.4153409,41.8284747,route,geometric_center,"francis st, providence, ri, usa",NA,NA,NA,NA,41.8284747,-71.4153409,Med,301.1432612289948,FALSE,FALSE
1235,2018-09-07,747542,13:59:00,Pedestrian,1,NA,1,POTTERS AVE,ELMWOOD AVE,2018-09-12,"Two-Way, Divided, Unprotected (painted>4feet) Medium",Wet,Daylight,Rain,Other,No,Traffic Control Signal,3,1,Complains Of Pain,NA,41.8015,-71.42632,FALSE,FALSE,"Potters Ave and Elmwood Ave, Providence, RI, USA",FALSE,-71.4263655,41.8015172,intersection,geometric_center,"potters ave & elmwood ave, providence, ri 02907, usa",NA,NA,NA,NA,41.8015172,-71.4263655,Med High,4.233501029735667,FALSE,FALSE
1236,2018-09-07,747674,08:12:00,Bicycle,NA,1,1,445 Smith St,SMITH ST,2018-09-07,"Two-Way, Divided, Unprotected (painted>4feet) Medium",Dry,Daylight,Clear,Not a Collision Between Two Motor Vehicles in Transport,No,Pavement Markings,3,1,Complains Of Pain,NA,41.83266,-71.4192,TRUE,FALSE,"445 Smith Street, Providence, RI, USA",FALSE,-71.4258315,41.8354552,premise,rooftop,"445 smith st, providence, ri 02908, usa",NA,NA,NA,NA,41.8354552,-71.4258315,High,631.9436284426228,FALSE,FALSE
1237,2018-09-06,747110,17:28:00,Pedestrian,1,NA,1,442 Manton Ave,ATWELLS AVE,2018-09-06,"Two-Way , Not Divided",Wet,Daylight,Rain,Not a Collision Between Two Motor Vehicles in Transport,"Yes, M/V and Driver Left Scene",No Controls,1,1,Non-Incapacitating,NA,41.82537,-71.45466,TRUE,FALSE,"442 Manton Ave, Providence, RI, USA",FALSE,-71.45475019999999,41.8252102,premise,rooftop,"442 manton ave, providence, ri 02909, usa",NA,NA,NA,NA,41.8252102,-71.45475019999999,High,19.298430155969612,FALSE,FALSE
1238,2018-09-04,746891,06:40:00,Pedestrian,1,NA,1,PLAINFIELD ST,RT 6 EAST RAMP,2018-09-04,"Two-Way, Divided, Unprotected (painted>4feet) Medium",Dry,Daylight,Clear,Not a Collision Between Two Motor Vehicles in Transport,No,Traffic Control Signal,2,1,Complains Of Pain,NA,41.81414,-71.44737,FALSE,FALSE,"Plainfield Street and Rt 6 East Ramp, Providence, RI, USA",FALSE,-71.4439495,41.8166485,street_address,range_interpolated,"6 plainfield st, providence, ri 02909, usa",NA,NA,NA,NA,41.8166485,-71.4439495,Med High,398.1355491939424,FALSE,FALSE
1239,2018-09-04,746920,12:10:00,Bicycle,NA,1,1,RANDALL ST,CHARLES ST,2018-09-04,One-Way Trafficway,Dry,Daylight,Clear,Other,No,Pavement Markings,3,1,Complains Of Pain,1,41.82047,-71.45178,FALSE,FALSE,"Randall Street and Charles Street, Providence, RI, USA",FALSE,-71.419539,41.8474982,route,geometric_center,"charles st, providence, ri, usa","Randall Street & Charles Street, Providence, RI, USA",EjRSYW5kYWxsIFN0cmVldCAmIENoYXJsZXMgU3RyZWV0LCBQcm92aWRlbmNlLCBSSSwgVVNBImYiZAoUChIJK5_7KRxF5IkRC4AGxe12bdQSFAoSCSuf-ykcReSJEQuABsXtdm3UGhQKEgmXgCFvHkXkiREFR8Ne4aJLqhoUChIJdQvObPFE5IkRy2TLLjVV_TIiCg0Sse8YFcNfb9U,41.8361618,-71.4121277,41.8361618,-71.4121277,Med,3724.2057222643075,FALSE,FALSE
1240,2018-09-04,746926,12:30:00,Pedestrian,1,NA,1,SILVER SPRING ST,LEDGE ST,2018-09-04,"Two-Way , Not Divided",Dry,Daylight,Clear,Other,"Yes, M/V and Driver Left Scene",No Controls,1,1,Complains Of Pain,NA,41.85318,-71.41263,FALSE,FALSE,"Silver Spring Street and Ledge Street, Providence, RI, USA",FALSE,-71.412629,41.8531992,intersection,geometric_center,"silver spring st & ledge st, providence, ri 02904, usa",NA,NA,NA,NA,41.8531992,-71.412629,Med High,2.1389419868857606,FALSE,FALSE
1241,2018-09-03,746872,22:18:00,Bicycle,NA,1,1,DEXTER ST,BUCKLIN ST,2018-09-03,"Two-Way , Not Divided",Dry,Dark - Lighted,Clear,Not a Collision Between Two Motor Vehicles in Transport,"Yes, M/V and Driver Left Scene",No Controls,1,1,Non-Incapacitating,NA,41.80905,-71.42801,FALSE,FALSE,"Dexter Street and Bucklin Street, Providence, RI, USA",FALSE,-71.4280139,41.8090645,intersection,geometric_center,"bucklin st & dexter st, providence, ri 02907, usa",NA,NA,NA,NA,41.8090645,-71.4280139,Med High,1.6462505459901717,FALSE,FALSE
1242,2018-09-03,746944,21:32:00,Pedestrian,1,NA,1,Ruggles Street,Smith Street,2018-09-04,"Two-Way , Not Divided",Dry,Dark - Lighted,Clear,Not a Collision Between Two Motor Vehicles in Transport,"Yes, M/V and Driver Left Scene",No Controls,1,1,Non-Incapacitating,1,41.83576,-71.42822,FALSE,FALSE,"Ruggles Street and Smith Street, Providence, RI, USA",FALSE,-71.4282411,41.8361735,intersection,geometric_center,"smith st & ruggles st, providence, ri 02908, usa",NA,NA,NA,NA,41.8361735,-71.4282411,Med High,46.06386416189144,FALSE,FALSE
1243,2018-09-02,746706,01:25:00,Bicycle,NA,1,1,OCONNOR ST,JOHNSON ST,2018-09-02,"Two-Way , Not Divided",Dry,Dark - Lighted,Clear,Not a Collision Between Two Motor Vehicles in Transport,"Yes, M/V and Driver Left Scene",Stop Signs,1,1,Incapacitating,NA,41.79307,-71.40586,FALSE,FALSE,"Oconnor Street and Johnson Street, Providence, RI, USA",FALSE,-71.40586549999999,41.7930851,intersection,geometric_center,"o connor st & johnson st, providence, ri 02905, usa",NA,NA,NA,NA,41.7930851,-71.40586549999999,Med High,1.7418018089097071,FALSE,FALSE
1244,2018-09-02,746738,14:30:00,Pedestrian,1,NA,1,PROSPECT ST,WATERMAN ST,2018-09-02,"Two-Way , Not Divided",Dry,Daylight,Clear,Not a Collision Between Two Motor Vehicles in Transport,No,Traffic Control Signal,2,1,Complains Of Pain,NA,41.82688,-71.40472,FALSE,FALSE,"Prospect Street and Waterman Street, Providence, RI, USA",FALSE,-71.394672,41.8276277,route,geometric_center,"waterman st, providence, ri, usa","Prospect Street & Waterman Street, Providence, RI, USA",EjZQcm9zcGVjdCBTdHJlZXQgJiBXYXRlcm1hbiBTdHJlZXQsIFByb3ZpZGVuY2UsIFJJLCBVU0EiZiJkChQKEglnpndAPUXkiRGaAWNe-yCC4RIUChIJZ6Z3QD1F5IkRmgFjXvsgguEaFAoSCf3MkoUiReSJEXnsEW5gGPVjGhQKEgn59_5mJUXkiRFiDgaGGjSWXSIKDbNH7hgVgYFw1Q,41.8269107,-71.40471029999999,41.8269107,-71.40471029999999,Med,3.510952435002126,FALSE,FALSE
1245,2018-09-01,745620,02:14:00,Pedestrian,1,NA,1,881 Eddy St,MUTUAL ST,2018-09-01,"Two-Way , Not Divided",Dry,Dark - Lighted,Clear,Not a Collision Between Two Motor Vehicles in Transport,"Yes, M/V and Driver Left Scene",No Controls,1,1,Complains Of Pain,NA,41.8038,-71.40686,TRUE,FALSE,"881 Eddy Street, Providence, RI, USA",FALSE,-71.40708289999999,41.8038934,premise,rooftop,"881 eddy st, providence, ri 02905, usa",NA,NA,NA,NA,41.8038934,-71.40708289999999,High,21.218436448600816,FALSE,FALSE
1246,2018-08-31,745608,23:35:00,Bicycle,NA,1,1,Sorrento Street,WALDO ST,2018-08-31,"Two-Way , Not Divided",Dry,Dark - Lighted,Clear,Not a Collision Between Two Motor Vehicles in Transport,"Yes, M/V and Driver Left Scene",Unknown,2,1,Complains Of Pain,NA,41.80718,-71.43796,FALSE,FALSE,"Sorrento Street and Waldo Street, Providence, RI, USA",FALSE,-71.4379723,41.8071955,intersection,geometric_center,"sorrento st & waldo st, providence, ri 02909, usa",NA,NA,NA,NA,41.8071955,-71.4379723,Med High,2.0047036444199953,FALSE,FALSE
1247,2018-08-30,745519,08:13:00,Pedestrian,1,NA,1,BROADWAY,SERVICE ROAD 7,2018-08-30,One-Way Trafficway,Dry,Daylight,Clear,Not a Collision Between Two Motor Vehicles in Transport,No,Traffic Control Signal,2,1,Incapacitating,NA,41.82181,-71.42097,FALSE,FALSE,"Broadway and Service Road 7, Providence, RI, USA",FALSE,-71.4200451,41.8199608,route,geometric_center,"service rd 1, providence, ri, usa","Broadway & Service Road 7th, Providence, RI, USA",EjBCcm9hZHdheSAmIFNlcnZpY2UgUm9hZCA3dGgsIFByb3ZpZGVuY2UsIFJJLCBVU0EiZiJkChQKEgn30PkmDUXkiRGVfBMop6wTihIUChIJ99D5Jg1F5IkRlXwTKKesE4oaFAoSCaW15YZ1ReSJERrCM7HXpG-zGhQKEgkHeHRCdkXkiRHLEV0GTCEFTCIKDd-B7RgV9gxu1Q,41.8218463,-71.420801,41.8218463,-71.420801,Med,14.590587720152174,FALSE,FALSE
1248,2018-08-28,745404,15:11:00,Bicycle,NA,1,1,CHAPEL ST,SNOW ST,2018-08-28,"Two-Way , Not Divided",Dry,Daylight,Clear,Not a Collision Between Two Motor Vehicles in Transport,No,Stop Signs,4,1,Complains Of Pain,NA,41.8212,-71.41384,FALSE,FALSE,"Chapel Street and Snow Street, Providence, RI, USA",FALSE,-71.4150373,41.8221814,route,geometric_center,"snow st, providence, ri 02903, usa","Chapel Street & Snow Street, Providence, RI, USA",EjBDaGFwZWwgU3RyZWV0ICYgU25vdyBTdHJlZXQsIFByb3ZpZGVuY2UsIFJJLCBVU0EiZiJkChQKEglvWKMVE0XkiRGEK_RpokQnfBIUChIJb1ijFRNF5IkRhCv0aaJEJ3waFAoSCbvh-RUTReSJEYc_0vLn5q88GhQKEgnb-G4CE0XkiRGUF36UELXa8iIKDT1p7RgV9hxv1Q,41.8212157,-71.4138378,41.8212157,-71.4138378,Med,1.7572195920183933,FALSE,FALSE
1249,2018-08-28,745406,17:07:00,Bicycle,NA,1,1,STATE HWY 10 N,UNION AVE,2018-08-28,"Two-Way, Divided, Positive Median Barrier",Dry,Daylight,Clear,Not a Collision Between Two Motor Vehicles in Transport,No,Traffic Control Signal,2,0,No Injury,NA,41.8087,-71.44057,FALSE,FALSE,"State Hwy 10 N and Union Ave, Providence, RI, USA",FALSE,-71.4354863,41.8100615,street_address,range_interpolated,"10 union ave, providence, ri 02909, usa",NA,NA,NA,NA,41.8100615,-71.4354863,Med High,448.2165899766724,FALSE,FALSE
1250,2018-08-28,745425,14:43:00,Pedestrian,1,NA,1,775 Cranston Street,Anthony Avenue,2018-08-28,"Two-Way, Divided, Unprotected (painted>4feet) Medium",Dry,Daylight,Clear,Not a Collision Between Two Motor Vehicles in Transport,"Yes, M/V and Driver Left Scene",Traffic Control Signal,3,1,Non-Incapacitating,2,41.80408,-71.43885,TRUE,FALSE,"775 Cranston Street, Providence, RI, USA",FALSE,-71.4391271,41.8042947,premise,rooftop,"775 cranston st, providence, ri 02907, usa",NA,NA,NA,NA,41.8042947,-71.4391271,High,33.16541056371396,FALSE,FALSE
1251,2018-08-28,745428,16:18:00,Bicycle,NA,1,1,1250 Smith Street,Old Road,2018-08-28,"Two-Way, Divided, Unprotected (painted>4feet) Medium",Dry,Daylight,Clear,Not a Collision Between Two Motor Vehicles in Transport,No,No Controls,3,1,Non-Incapacitating,1,41.84649,-71.45268,TRUE,FALSE,"1250 Smith Street, Providence, RI, USA",FALSE,-71.45282379999999,41.8464087,street_address,rooftop,"1250 smith st, providence, ri 02908, usa",NA,NA,NA,NA,41.8464087,-71.45282379999999,High,14.970195657933447,FALSE,FALSE
1252,2018-08-27,745338,18:55:00,Pedestrian,1,NA,1,Park St,HAYES ST,2018-08-27,"Two-Way , Not Divided",Dry,Daylight,Clear,Not a Collision Between Two Motor Vehicles in Transport,No,No Controls,3,1,Non-Incapacitating,NA,41.82866,-71.41752,FALSE,FALSE,"Park Street and Hayes Street, Providence, RI, USA",FALSE,-71.4164217,41.8292527,route,geometric_center,"hayes st, providence, ri, usa","Park Street & Hayes Street, Providence, RI, USA",Ei9QYXJrIFN0cmVldCAmIEhheWVzIFN0cmVldCwgUHJvdmlkZW5jZSwgUkksIFVTQSJmImQKFAoSCREPRhoQReSJETSwi2643ajREhQKEgkRD0YaEEXkiRE0sItuuN2o0RoUChIJUaVyIhBF5IkRNSXsEUHSLG4aFAoSCTU0Om0QReSJEb8l1u4ux6oUIgoNCqbuGBW7j27V,41.8293258,-71.41745329999999,41.8293258,-71.41745329999999,Med,74.32273160989989,FALSE,FALSE
1253,2018-08-25,745164,02:51:00,Pedestrian,1,NA,1,8 Esten St,ORMS ST,2018-08-25,Unknown,Dry,Dark - Lighted,Clear,Other,No,No Controls,2,1,Complains Of Pain,NA,41.83349,-71.42415,TRUE,FALSE,"8 Esten Street, Providence, RI, USA",FALSE,-71.4242926,41.8337727,premise,rooftop,"8 esten st, providence, ri 02908, usa",NA,NA,NA,NA,41.8337727,-71.4242926,High,33.61925190971823,FALSE,FALSE