row_number,crash_date,crash_report_id,crash_time,collision_type,count_pedestrian,count_bicycle,number_of_vehicles,street_or_highway,nearest_intersection,report_date,type_of_roadway,road_surface_condition,light_condition,weather_condition,manner_of_impact,hit_and_run,traffic_control,person_count,injury_count,most_serious_injury,number_of_lanes,lat_raw,lon_raw,has_st_number,is_intersection_null,address_sent_to_geocoder,is_address_blank,lon_api_first_try,lat_api_first_try,type,loctype,address_returned_by_geocoder,address_returned_by_autocomplete,place_ids_autocompleted,lat_api_second_try,lon_api_second_try,lat_api_best,lon_api_best,api_coord_conf,distance_btwn_coords_meters,scooter,wheel_chair
1254,2018-08-25,745203,21:41:00,Pedestrian,1,NA,1,SAYLES ST,PRAIRIE AVE,2018-08-25,"Two-Way , Not Divided",Dry,Dark - Lighted,Clear,Unknown,"Yes, M/V and Driver Left Scene",No Controls,1,1,Complains Of Pain,NA,41.80264,-71.41358,FALSE,FALSE,"Sayles Street and Prairie Ave, Providence, RI, USA",FALSE,-71.4135678,41.8026518,intersection,geometric_center,"sayles st & prairie ave, providence, ri 02905, usa",NA,NA,NA,NA,41.8026518,-71.4135678,Med High,1.6584313605839678,FALSE,FALSE
1255,2018-08-24,745115,11:45:00,Pedestrian,1,NA,1,Eddy St,Chapman St,2018-08-24,"Two-Way , Not Divided",Dry,Daylight,Clear,Not a Collision Between Two Motor Vehicles in Transport,No,Other,4,1,Complains Of Pain,2,NA,NA,FALSE,FALSE,"Eddy Street and Chapman Street, Providence, RI, USA",FALSE,-71.4036396,41.7920844,intersection,geometric_center,"eddy st & chapman st, providence, ri 02905, usa",NA,NA,NA,NA,41.7920844,-71.4036396,Med High,NA,FALSE,FALSE
1256,2018-08-24,745126,17:05:00,Pedestrian,1,NA,1,MEMORIAL BLVD,COLLEGE ST,2018-08-24,"Two-Way , Not Divided",Dry,Daylight,Clear,Not a Collision Between Two Motor Vehicles in Transport,No,Traffic Control Signal,6,1,Complains Of Pain,5,41.82532,-71.40882,FALSE,FALSE,"Memorial Blvd and College Street, Providence, RI, USA",FALSE,-71.4088081,41.8253077,intersection,geometric_center,"memorial blvd & college st, providence, ri 02903, usa",NA,NA,NA,NA,41.8253077,-71.4088081,Med High,1.6879697807737601,FALSE,FALSE
1257,2018-08-23,745014,05:04:00,Bicycle,NA,1,1,CHAD BROWN ST,ADMIRAL ST,2018-08-23,"Two-Way , Not Divided",Dry,Dark - Lighted,Clear,Not a Collision Between Two Motor Vehicles in Transport,No,Stop Signs,2,1,Complains Of Pain,NA,41.84213,-71.42138,FALSE,FALSE,"Chad Brown Street and Admiral Street, Providence, RI, USA",FALSE,-71.4213576,41.8421504,intersection,geometric_center,"admiral st & chad brown st, providence, ri 02908, usa",NA,NA,NA,NA,41.8421504,-71.4213576,Med High,2.933936124405145,FALSE,FALSE
1258,2018-08-23,745053,15:18:00,Pedestrian,2,NA,1,DORRANCE ST,WASHINGTON ST,2018-08-23,"Two-Way , Not Divided",Dry,Daylight,Clear,Not a Collision Between Two Motor Vehicles in Transport,No,Traffic Control Signal,4,2,Complains Of Pain,NA,41.82438,-71.41269,FALSE,FALSE,"Dorrance Street and Washington Street, Providence, RI, USA",FALSE,-71.41277699999999,41.8244607,intersection,geometric_center,"washington st & dorrance st, providence, ri 02903, usa",NA,NA,NA,NA,41.8244607,-71.41277699999999,Med High,11.52338919010049,FALSE,FALSE
1259,2018-08-23,745072,15:10:00,Bicycle,NA,2,1,Havana Street,General Street,2018-08-23,"Two-Way , Not Divided",Dry,Daylight,Clear,Not a Collision Between Two Motor Vehicles in Transport,No,Stop Signs,6,2,Non-Incapacitating,1,41.85338,-71.44366,FALSE,FALSE,"Havana Street and General Street, Providence, RI, USA",FALSE,-71.443657,41.85337800000001,intersection,geometric_center,"general st & havana st, providence, ri 02904, usa",NA,NA,NA,NA,41.85337800000001,-71.443657,Med High,0.3338337107590538,FALSE,FALSE
1260,2018-08-23,745111,14:07:00,Bicycle,NA,1,1,broadway,SERVICE ROAD 7,2018-08-24,"Two-Way , Not Divided",Dry,Daylight,Clear,Rear End(Front-to-Rear),No,Traffic Control Signal,3,1,Complains Of Pain,NA,41.82186,-71.42079,FALSE,FALSE,"Broadway and Service Road 7, Providence, RI, USA",FALSE,-71.4200451,41.8199608,route,geometric_center,"service rd 1, providence, ri, usa","Broadway & Service Road 7th, Providence, RI, USA",EjBCcm9hZHdheSAmIFNlcnZpY2UgUm9hZCA3dGgsIFByb3ZpZGVuY2UsIFJJLCBVU0EiZiJkChQKEgn30PkmDUXkiRGVfBMop6wTihIUChIJ99D5Jg1F5IkRlXwTKKesE4oaFAoSCaW15YZ1ReSJERrCM7HXpG-zGhQKEgkHeHRCdkXkiRHLEV0GTCEFTCIKDd-B7RgV9gxu1Q,41.8218463,-71.420801,41.8218463,-71.420801,Med,1.7772393103388242,FALSE,FALSE
1261,2018-08-22,745006,20:33:00,Bicycle,NA,1,1,268 nelson st,SALTER ST,2018-08-22,"Two-Way , Not Divided",Dry,Dark - Lighted,Clear,Not a Collision Between Two Motor Vehicles in Transport,"Yes, M/V and Driver Left Scene",No Controls,1,1,Complains Of Pain,NA,41.84498,-71.4444,TRUE,FALSE,"268 Nelson Street, Providence, RI, USA",FALSE,-71.4445763,41.8449574,premise,rooftop,"268 nelson st, providence, ri 02908, usa",NA,NA,NA,NA,41.8449574,-71.4445763,High,14.835042708406041,FALSE,FALSE
1262,2018-08-20,744905,16:56:00,Bicycle,NA,1,1,BRANCH AVE,North  Main St,2018-08-20,"Two-Way , Not Divided",Dry,Daylight,Clear,Not a Collision Between Two Motor Vehicles in Transport,No,Traffic Control Signal,2,1,Complains Of Pain,NA,41.84235,-71.40822,FALSE,FALSE,"Branch Ave and North  Main Street, Providence, RI, USA",FALSE,-71.4128343,41.8239891,locality,approximate,"providence, ri, usa","Branch Ave & North Main Street, Providence, RI, USA",EjNCcmFuY2ggQXZlICYgTm9ydGggTWFpbiBTdHJlZXQsIFByb3ZpZGVuY2UsIFJJLCBVU0EiZiJkChQKEglv1IfG4ETkiREr3MZ4wvyGhxIUChIJb9SHxuBE5IkRK9zGeML8hocaFAoSCem084X5ROSJEbp9Ht5SQ7aoGhQKEgn5-kE93kTkiRFf162-DVwjPyIKDfWW8BgVfwRw1Q,41.8420469,-71.4079105,41.8420469,-71.4079105,Med,42.39408649445048,FALSE,FALSE
1263,2018-08-20,744924,21:42:00,Pedestrian,1,NA,1,ELMWOOD AVE,ELMWOOD AVE,2018-08-20,"Two-Way, Not Divided With a Continuous Left Turn Lane",Dry,Dark - Lighted,Clear,Other,"Yes, M/V and Driver Left Scene",No Controls,3,1,Complains Of Pain,3,41.80337,-71.42577,FALSE,FALSE,"Elmwood Ave and Elmwood Ave, Providence, RI, USA",FALSE,-71.4229658,41.7920613,route,geometric_center,"elmwood ave, providence, ri, usa",NA,NA,NA,NA,41.7920613,-71.4229658,Med,1280.208246602092,FALSE,FALSE
1264,2018-08-19,744859,17:41:00,Pedestrian,1,NA,1,Broad St,BAKER ST,2018-08-19,"Two-Way , Not Divided",Dry,Daylight,Clear,Not a Collision Between Two Motor Vehicles in Transport,"Yes, M/V and Driver Left Scene",No Controls,1,1,Non-Incapacitating,NA,41.79275,-71.40789,FALSE,FALSE,"Broad Street and Baker Street, Providence, RI, USA",FALSE,-71.4026283,41.7929206,route,geometric_center,"baker st, providence, ri 02905, usa","Broad Street & Baker Street, Providence, RI, USA",EjBCcm9hZCBTdHJlZXQgJiBCYWtlciBTdHJlZXQsIFByb3ZpZGVuY2UsIFJJLCBVU0EiZiJkChQKEglPriThjE_kiREVXMdY8BOpCRIUChIJT64k4YxP5IkRFVzHWPATqQkaFAoSCYPefdWMT-SJESyiypOYSwijGhQKEgll_cCb80_kiRFs0PSM0XbDvCIKDSMR6RgVBgZw1Q,41.79274590000001,-71.40787139999999,41.79274590000001,-71.40787139999999,Med,1.609771489372204,FALSE,FALSE
1265,2018-08-19,744880,02:29:00,Pedestrian,1,NA,1,ATWELLS AVE,DE PASQUALE AVE,2018-08-20,"Two-Way , Not Divided",Dry,Dark - Lighted,Cloudy,Other,No,No Controls,5,1,Incapacitating,2,41.82354,-71.42617,FALSE,FALSE,"Atwells Ave and De Pasquale Ave, Providence, RI, USA",FALSE,-71.4270169,41.8235993,intersection,geometric_center,"de pasquale ave & atwells ave, providence, ri 02903, usa",NA,NA,NA,NA,41.8235993,-71.4270169,Med High,70.56444420953112,FALSE,FALSE
1266,2018-08-18,744810,22:07:00,Bicycle,NA,1,1,PARADE ST,WESTMINSTER ST,2018-08-18,"Two-Way , Not Divided",Dry,Dark - Lighted,Cloudy,Angle - Direction Not Specified,"Yes, M/V and Driver Left Scene",Stop Signs,2,1,Complains Of Pain,2,41.81633,-71.43354,FALSE,FALSE,"Parade Street and Westminster Street, Providence, RI, USA",FALSE,-71.43355679999999,41.816359,intersection,geometric_center,"westminster st & parade st, providence, ri 02909, usa",NA,NA,NA,NA,41.816359,-71.43355679999999,Med High,3.5163049886423456,FALSE,FALSE
1267,2018-08-17,744714,18:00:00,Bicycle,NA,1,1,BEACHMONT AVE,CAHILL ST,2018-08-17,"Two-Way , Not Divided",Dry,Daylight,Clear,Not a Collision Between Two Motor Vehicles in Transport,"Yes, M/V and Driver Left Scene",Stop Signs,2,1,Complains Of Pain,NA,41.80223,-71.40786,FALSE,FALSE,"Beachmont Ave and Cahill Street, Providence, RI, USA",FALSE,-71.4084995,41.8037453,route,geometric_center,"cahill st, providence, ri 02905, usa",NA,NA,NA,NA,41.8037453,-71.4084995,Med,176.8329016179016,FALSE,FALSE
1268,2018-08-17,744738,20:23:00,Pedestrian,1,NA,1,BROAD ST,PEARL ST,2018-08-17,"Two-Way , Not Divided",Dry,Dark - Lighted,Clear,Not a Collision Between Two Motor Vehicles in Transport,"Yes, M/V and Driver Left Scene",Traffic Control Signal,1,1,Complains Of Pain,NA,41.81473,-71.42097,FALSE,FALSE,"Broad Street and Pearl Street, Providence, RI, USA",FALSE,-71.4128343,41.8239891,locality,approximate,"providence, ri, usa","Broad Street & Pearl Street, Providence, RI, USA",EjBCcm9hZCBTdHJlZXQgJiBQZWFybCBTdHJlZXQsIFByb3ZpZGVuY2UsIFJJLCBVU0EiZiJkChQKEgk1O0-ncUXkiRHr2v1gzR_JJxIUChIJNTtPp3FF5IkR69r9YM0fyScaFAoSCYPefdWMT-SJESyiypOYSwijGhQKEgkNm4U0bkXkiRG6oe115UpVCiIKDYVt7BgVkQZu1Q,41.8147717,-71.4209647,41.8147717,-71.4209647,Med,4.662803135705477,FALSE,FALSE
1269,2018-08-14,744548,15:39:00,Bicycle,NA,1,1,Broadway,DEAN ST,2018-08-14,"Two-Way , Not Divided",Dry,Daylight,Clear,Not a Collision Between Two Motor Vehicles in Transport,No,Traffic Control Signal,2,1,Complains Of Pain,NA,41.8214,-71.42253,FALSE,FALSE,"Broadway and Dean Street, Providence, RI, USA",FALSE,-71.4242155,41.8234078,route,geometric_center,"dean st, providence, ri, usa","Broadway & Dean Street, Providence, RI, USA",EitCcm9hZHdheSAmIERlYW4gU3RyZWV0LCBQcm92aWRlbmNlLCBSSSwgVVNBImYiZAoUChIJCcRZtQxF5IkRWJynngBsfzMSFAoSCQnEWbUMReSJEVicp54AbH8zGhQKEgmlteWGdUXkiREawjOx16RvsxoUChIJWwZsfgxF5IkRyLSf36DnQOQiCg38cO0YFWLJbdU,41.821414,-71.42253099999999,41.821414,-71.42253099999999,Med,1.560679264858292,FALSE,FALSE
1270,2018-08-10,744365,12:05:00,Bicycle,NA,1,1,PLAINFIELD ST,MURRAY ST,2018-08-10,"Two-Way , Not Divided",Dry,Daylight,Clear,Not a Collision Between Two Motor Vehicles in Transport,No,Stop Signs,3,1,Complains Of Pain,NA,41.80998,-71.4625,FALSE,FALSE,"Plainfield Street and Murray Street, Providence, RI, USA",FALSE,-71.4624939,41.809978,intersection,geometric_center,"murray st & plainfield st, providence, ri 02909, usa",NA,NA,NA,NA,41.809978,-71.4624939,Med High,0.5529390394431826,FALSE,FALSE
1271,2018-08-09,744328,17:46:00,Bicycle,NA,1,1,Cranston St,LINWOOD AVE,2018-08-09,"Two-Way , Not Divided",Dry,Daylight,Clear,Not a Collision Between Two Motor Vehicles in Transport,No,Traffic Control Signal,4,0,No Injury,NA,41.80701,-71.43571,FALSE,FALSE,"Cranston Street and Linwood Ave, Providence, RI, USA",FALSE,-71.4356998,41.8070369,intersection,geometric_center,"cranston st & linwood ave, providence, ri 02909, usa",NA,NA,NA,NA,41.8070369,-71.4356998,Med High,3.1118047836356544,FALSE,FALSE
1272,2018-08-09,744350,22:54:00,Pedestrian,1,NA,1,Valley Street,FELIX ST,2018-08-09,"Two-Way , Not Divided",Dry,Dark - Lighted,Clear,Not a Collision Between Two Motor Vehicles in Transport,"Yes, M/V and Driver Left Scene",No Controls,1,1,Complains Of Pain,NA,41.8321,-71.42779,FALSE,FALSE,"Valley Street and Felix Street, Providence, RI, USA",FALSE,-71.4277108,41.8321931,intersection,geometric_center,"valley st & felix st, providence, ri 02908, usa",NA,NA,NA,NA,41.8321931,-71.4277108,Med High,12.270435264957527,FALSE,FALSE
1273,2018-08-08,744286,17:36:00,Bicycle,NA,1,1,PEACE ST,Elmwood Ave,2018-08-08,"Two-Way , Not Divided",Dry,Daylight,Clear,Not a Collision Between Two Motor Vehicles in Transport,"Yes, M/V and Driver Left Scene",Stop Signs,1,1,Complains Of Pain,NA,41.80655,-71.42495,FALSE,FALSE,"Peace Street and Elmwood Ave, Providence, RI, USA",FALSE,-71.4249572,41.8065686,intersection,geometric_center,"peace st & elmwood ave, providence, ri 02907, usa",NA,NA,NA,NA,41.8065686,-71.4249572,Med High,2.155012446581959,FALSE,FALSE
1274,2018-08-07,744221,17:05:00,Bicycle,NA,1,1,POWER ST,GANO ST,2018-08-07,"Two-Way , Not Divided",Dry,Daylight,Clear,Not a Collision Between Two Motor Vehicles in Transport,No,No Controls,2,1,Non-Incapacitating,NA,41.82386,-71.39014,FALSE,FALSE,"Power Street and Gano Street, Providence, RI, USA",FALSE,-71.39009829999999,41.8238695,intersection,geometric_center,"gano st & power st, providence, ri 02906, usa",NA,NA,NA,NA,41.8238695,-71.39009829999999,Med High,3.6172690984617453,FALSE,FALSE
1275,2018-08-02,744028,18:01:00,Pedestrian,1,NA,1,Smith St,SMITH ST,2018-08-02,"Two-Way , Not Divided",Dry,Daylight,Clear,Not a Collision Between Two Motor Vehicles in Transport,No,Stop Signs,4,1,Non-Incapacitating,NA,41.83756,-71.43347,FALSE,FALSE,"Smith Street and Smith Street, Providence, RI, USA",FALSE,-71.4433053,41.8418141,route,geometric_center,"smith st, providence, ri, usa",NA,NA,NA,NA,41.8418141,-71.4433053,Med,943.1901946483347,FALSE,FALSE
1276,2018-07-31,743948,16:07:00,Pedestrian,1,NA,1,State Street,Orms Street,2018-07-31,One-Way Trafficway,Dry,Daylight,Clear,Not a Collision Between Two Motor Vehicles in Transport,"Yes, M/V and Driver Left Scene",Traffic Control Signal,1,1,Non-Incapacitating,1,41.83472,-71.41432,FALSE,FALSE,"State Street and Orms Street, Providence, RI, USA",FALSE,-71.4191013,41.8342191,route,geometric_center,"orms st, providence, ri, usa","State Street & Orms Street, Providence, RI, USA",Ei9TdGF0ZSBTdHJlZXQgJiBPcm1zIFN0cmVldCwgUHJvdmlkZW5jZSwgUkksIFVTQSJmImQKFAoSCYF0n3AcReSJEaUFlYkt_N4TEhQKEgmBdJ9wHEXkiRGlBZWJLfzeExoUChIJveK36htF5IkRPEZMB4eKsVgaFAoSCSdpJ78EReSJEcyuhklKmanBIgoNknrvGBU1CG_V,41.83476659999999,-71.4143691,41.83476659999999,-71.4143691,Med,6.59503615588044,FALSE,FALSE
1277,2018-07-27,767751,17:23:00,Pedestrian,1,NA,1,julian st,AMHERST ST,2018-07-27,"Two-Way, Divided, Unprotected (painted>4feet) Medium",Dry,Daylight,Clear,Other,"Yes, M/V and Driver Left Scene",No Controls,1,1,Complains Of Pain,NA,41.82403,-71.44473,FALSE,FALSE,"Julian Street and Amherst Street, Providence, RI, USA",FALSE,-71.4448266,41.8233443,intersection,geometric_center,"amherst st & julian st, providence, ri 02909, usa",NA,NA,NA,NA,41.8233443,-71.4448266,Med High,76.75125917203344,FALSE,FALSE
1278,2018-07-26,743768,22:24:00,Pedestrian,1,NA,1,Atwells Ave,Depasquale Ave,2018-07-27,"Two-Way , Not Divided",Dry,Dark - Lighted,Clear,Not a Collision Between Two Motor Vehicles in Transport,No,Traffic Control Signal,5,1,Complains Of Pain,2,NA,NA,FALSE,FALSE,"Atwells Ave and Depasquale Ave, Providence, RI, USA",FALSE,-71.4270169,41.8235993,intersection,geometric_center,"de pasquale ave & atwells ave, providence, ri 02903, usa",NA,NA,NA,NA,41.8235993,-71.4270169,Med High,NA,FALSE,FALSE
1279,2018-07-21,743342,17:00:00,Pedestrian,1,NA,1,850 MANTON AVENUE,CHALKSTONE AVE,2018-07-21,"Two-Way , Not Divided",Dry,Daylight,Clear,Not a Collision Between Two Motor Vehicles in Transport,"Yes, M/V and Driver Left Scene",No Controls,2,1,Complains Of Pain,NA,41.83391,-71.46725,TRUE,FALSE,"850 Manton Avenue, Providence, RI, USA",FALSE,-71.46590429999999,41.8329814,premise,rooftop,"850 manton ave, providence, ri 02909, usa",NA,NA,NA,NA,41.8329814,-71.46590429999999,High,152.13068587681673,FALSE,FALSE
1280,2018-07-21,743410,23:45:00,Bicycle,NA,1,1,Ridge Street,TOBEY ST,2018-07-22,"Two-Way , Not Divided",Dry,Dark - Lighted,Clear,Not a Collision Between Two Motor Vehicles in Transport,"Yes, M/V and Driver Left Scene",No Controls,1,1,Complains Of Pain,NA,41.82057,-71.43581,FALSE,FALSE,"Ridge Street and Tobey Street, Providence, RI, USA",FALSE,-71.43588079999999,41.8204475,intersection,geometric_center,"tobey st & ridge st, providence, ri 02909, usa",NA,NA,NA,NA,41.8204475,-71.43588079999999,Med High,14.847768340158495,FALSE,FALSE
1281,2018-07-16,742689,17:33:00,Pedestrian,1,NA,1,ADELAIDE AVE,BROAD ST,2018-07-16,"Two-Way , Not Divided",Dry,Daylight,Clear,Unknown,No,No Controls,2,1,Complains Of Pain,NA,41.79885,-71.41547,FALSE,FALSE,"Adelaide Ave and Broad Street, Providence, RI, USA",FALSE,-71.4154791,41.7988681,intersection,geometric_center,"adelaide ave & broad st, providence, ri 02905, usa",NA,NA,NA,NA,41.7988681,-71.4154791,Med High,2.1517571220138096,FALSE,FALSE
1282,2018-07-12,742021,19:21:00,Bicycle,NA,1,1,112 GANO ST,NA,2018-07-12,"Two-Way , Not Divided",Dry,Daylight,Clear,Angle (Front - to - Side) Same Direction,No,No Controls,3,1,Complains Of Pain,2,41.82222,-71.38986,TRUE,TRUE,"112 Gano Street, Providence, RI, USA",FALSE,-71.3900302,41.8222208,premise,rooftop,"112 gano st, providence, ri 02906, usa",NA,NA,NA,NA,41.8222208,-71.3900302,High,14.119600887723024,FALSE,FALSE
1283,2018-07-11,741685,14:28:00,Bicycle,NA,1,1,BARBARA LEONARD WAY,NORTH MAIN ST,2018-07-11,"Two-Way , Not Divided",Dry,Daylight,Clear,Not a Collision Between Two Motor Vehicles in Transport,No,No Controls,2,1,Complains Of Pain,NA,41.84063,-71.40884,FALSE,FALSE,"Barbara Leonard Way and North Main Street, Providence, RI, USA",FALSE,-71.408693,41.84064679999999,intersection,geometric_center,"n main st & barbara leonard way, providence, ri 02904, usa",NA,NA,NA,NA,41.84064679999999,-71.408693,Med High,12.333814622606775,FALSE,FALSE
1284,2018-07-11,741814,21:56:00,Pedestrian,1,NA,1,SILVER SPRING ST,BATCHELLER AVE,2018-07-11,"Two-Way , Not Divided",Dry,Dark - Not Lighted,Clear,Not a Collision Between Two Motor Vehicles in Transport,No,No Controls,3,1,Complains Of Pain,NA,41.85534,-71.41141,FALSE,FALSE,"Silver Spring Street and Batcheller Ave, Providence, RI, USA",FALSE,-71.4110061,41.8559306,intersection,geometric_center,"silver spring st & batcheller ave, providence, ri 02904, usa",NA,NA,NA,NA,41.8559306,-71.4110061,Med High,73.78314142605743,FALSE,FALSE
1285,2018-07-11,746967,10:28:00,Pedestrian,1,NA,1,THERESA CT,MANTON AVE,2018-08-11,"Two-Way, Divided, Positive Median Barrier",Wet,Daylight,Rain,Other,"Yes, Driver Left Scene",No Controls,2,1,Complains Of Pain,NA,41.82154,-71.44863,FALSE,FALSE,"Theresa Ct and Manton Ave, Providence, RI, USA",FALSE,-71.4570108,41.8257711,route,geometric_center,"manton ave, providence, ri 02909, usa",NA,NA,NA,NA,41.8257711,-71.4570108,Med,839.7575151918425,FALSE,FALSE
1286,2018-07-10,741256,00:46:00,Pedestrian,1,NA,1,BROAD ST,PORTLAND ST,2018-07-10,"Two-Way , Not Divided",Dry,Unknown,Clear,Other,"Yes, M/V and Driver Left Scene",No Controls,2,1,Incapacitating,2,41.81415,-71.4213,FALSE,FALSE,"Broad Street and Portland Street, Providence, RI, USA",FALSE,-71.419117,41.8129799,route,geometric_center,"portland st, providence, ri 02907, usa","Broad Street & Portland Street, Providence, RI, USA",EjNCcm9hZCBTdHJlZXQgJiBQb3J0bGFuZCBTdHJlZXQsIFByb3ZpZGVuY2UsIFJJLCBVU0EiZiJkChQKEgmdnxIBcUXkiRGH5-VJjW7uEBIUChIJnZ8SAXFF5IkRh-flSY1u7hAaFAoSCYPefdWMT-SJESyiypOYSwijGhQKEglhSKowcEXkiRH5umXDAdaKhCIKDfdU7BgVvvht1Q,41.8141431,-71.42131859999999,41.8141431,-71.42131859999999,Med,1.7237887197668504,FALSE,FALSE
1287,2018-07-10,741268,07:00:00,Pedestrian,1,NA,1,WATERMAN ST,BROWN ST,2018-07-10,"Two-Way , Not Divided",Dry,Daylight,Clear,Not a Collision Between Two Motor Vehicles in Transport,"Yes, M/V and Driver Left Scene",Pavement Markings,1,1,Complains Of Pain,NA,41.82705,-71.40304,FALSE,FALSE,"Waterman Street and Brown Street, Providence, RI, USA",FALSE,-71.4030136,41.8270531,intersection,geometric_center,"brown st & waterman st, providence, ri 02912, usa",NA,NA,NA,NA,41.8270531,-71.4030136,Med High,2.2169288909598475,FALSE,FALSE
1288,2018-07-10,741623,21:36:00,Pedestrian,1,NA,1,North Main Street,College Street,2018-07-10,"Two-Way, Divided, Positive Median Barrier",Dry,Dark - Lighted,Clear,Not a Collision Between Two Motor Vehicles in Transport,"Yes, M/V and Driver Left Scene",Traffic Control Signal,3,1,Non-Incapacitating,2,41.82564,-71.40784,FALSE,FALSE,"North Main Street and College Street, Providence, RI, USA",FALSE,-71.4066485,41.8260241,route,geometric_center,"college st, providence, ri 02903, usa","North Main Street & College Street, Providence, RI, USA",EjdOb3J0aCBNYWluIFN0cmVldCAmIENvbGxlZ2UgU3RyZWV0LCBQcm92aWRlbmNlLCBSSSwgVVNBImYiZAoUChIJD1urSRZF5IkRzGbOghZosXsSFAoSCQ9bq0kWReSJEcxmzoIWaLF7GhQKEgn5-kE93kTkiRFf162-DVwjPxoUChIJ0eXLLRZF5IkR9U78WzXwZD4iCg2TF-4YFdUHcNU,41.8256787,-71.4078251,41.8256787,-71.4078251,Med,4.481863987416751,FALSE,FALSE
1289,2018-07-08,741447,22:34:00,Bicycle,NA,1,1,PLAINFIELD ST,SILVER LAKE AVE,2018-07-10,"Two-Way , Not Divided",Dry,Dark - Lighted,Clear,Not a Collision Between Two Motor Vehicles in Transport,No,No Controls,3,1,Complains Of Pain,NA,41.80587,-71.46492,FALSE,FALSE,"Plainfield Street and Silver Lake Ave, Providence, RI, USA",FALSE,-71.4648418,41.8059156,intersection,geometric_center,"plainfield st & silver lake ave, providence, ri 02909, usa",NA,NA,NA,NA,41.8059156,-71.4648418,Med High,8.23853328152061,FALSE,FALSE
1290,2018-07-07,740924,12:06:00,Bicycle,NA,1,1,WILLIAMS ST,HOPE ST,2018-07-07,"Two-Way , Not Divided",Dry,Daylight,Clear,Not a Collision Between Two Motor Vehicles in Transport,No,Stop Signs,2,1,Complains Of Pain,2,41.82258,-71.39684,FALSE,FALSE,"Williams Street and Hope Street, Providence, RI, USA",FALSE,-71.39680059999999,41.8225892,intersection,geometric_center,"hope st & williams st, providence, ri 02906, usa",NA,NA,NA,NA,41.8225892,-71.39680059999999,Med High,3.425190278996534,FALSE,FALSE
1291,2018-07-07,740986,15:54:00,Pedestrian,1,NA,1,67 MIDDLE DRIVE,WEST DR,2018-07-07,"Two-Way , Not Divided",Dry,Daylight,Clear,Not a Collision Between Two Motor Vehicles in Transport,No,No Controls,3,1,Non-Incapacitating,1,41.85312,-71.44363,TRUE,FALSE,"67 Middle Drive, Providence, RI, USA",FALSE,-71.44350299999999,41.8528893,premise,rooftop,"67 middle dr, providence, ri 02904, usa",NA,NA,NA,NA,41.8528893,-71.44350299999999,High,27.756550511425452,FALSE,FALSE
1292,2018-07-06,740887,22:30:00,Bicycle,NA,1,1,MANTON AVE,CHAFFEE ST,2018-07-07,"Two-Way , Not Divided",Dry,Dark - Unknown Lighting,Clear,Not a Collision Between Two Motor Vehicles in Transport,"Yes, M/V and Driver Left Scene",No Controls,1,1,Incapacitating,2,41.81874,-71.44566,FALSE,FALSE,"Manton Ave and Chaffee Street, Providence, RI, USA",FALSE,-71.4456512,41.8187415,intersection,geometric_center,"chaffee st & manton ave, providence, ri 02909, usa",NA,NA,NA,NA,41.8187415,-71.4456512,Med High,0.7489155106825289,FALSE,FALSE
1293,2018-06-29,739095,11:12:00,Pedestrian,1,NA,1,eddy Stree,I 195 RELOCATION,2018-06-29,"Two-Way , Not Divided",Dry,Daylight,Clear,Not a Collision Between Two Motor Vehicles in Transport,"Yes, Driver Left Scene",Traffic Control Signal,1,1,Complains Of Pain,NA,41.80944,-71.40722,FALSE,FALSE,"Eddy Stree and I 195 Relocation, Providence, RI, USA",FALSE,-71.4072274,41.8059506,route,geometric_center,"eddy st, providence, ri, usa",NA,NA,NA,NA,41.8059506,-71.4072274,Med,388.4387164807006,FALSE,FALSE
1294,2018-06-29,739196,17:12:00,Pedestrian,3,NA,1,Chalkstone Ave,GRAY ST,2018-06-29,"Two-Way , Not Divided",Dry,Daylight,Clear,Not a Collision Between Two Motor Vehicles in Transport,No,Stop Signs,5,3,Complains Of Pain,NA,41.83238,-71.45309,FALSE,FALSE,"Chalkstone Ave and Gray Street, Providence, RI, USA",FALSE,-71.4530608,41.8323979,intersection,geometric_center,"gray st & chalkstone ave, providence, ri 02909, usa",NA,NA,NA,NA,41.8323979,-71.4530608,Med High,3.1363116597542486,FALSE,FALSE
1295,2018-06-28,739020,12:56:00,Pedestrian,1,NA,1,Broad St,Peace St,2018-06-28,"Two-Way , Not Divided",Wet,Daylight,Rain,Not a Collision Between Two Motor Vehicles in Transport,No,No Controls,4,1,Complains Of Pain,NA,41.80662,-71.42009,FALSE,FALSE,"Broad Street and Peace Street, Providence, RI, USA",FALSE,-71.4249572,41.8065686,route,geometric_center,"peace st, providence, ri 02907, usa","Broad Street & Peace Street, Providence, RI, USA",EjBCcm9hZCBTdHJlZXQgJiBQZWFjZSBTdHJlZXQsIFByb3ZpZGVuY2UsIFJJLCBVU0EiZiJkChQKEgnpoEJie0XkiRHsfhZGYc_RJxIUChIJ6aBCYntF5IkR7H4WRmHP0ScaFAoSCYPefdWMT-SJESyiypOYSwijGhQKEgnFN4-lfkXkiREgUJPI5CKyXSIKDQQv6xgVOCpu1Q,41.806618,-71.420052,41.806618,-71.420052,Med,3.160992928527788,FALSE,FALSE