row_number,crash_date,crash_report_id,crash_time,collision_type,count_pedestrian,count_bicycle,number_of_vehicles,street_or_highway,nearest_intersection,report_date,type_of_roadway,road_surface_condition,light_condition,weather_condition,manner_of_impact,hit_and_run,traffic_control,person_count,injury_count,most_serious_injury,number_of_lanes,lat_raw,lon_raw,has_st_number,is_intersection_null,address_sent_to_geocoder,is_address_blank,lon_api_first_try,lat_api_first_try,type,loctype,address_returned_by_geocoder,address_returned_by_autocomplete,place_ids_autocompleted,lat_api_second_try,lon_api_second_try,lat_api_best,lon_api_best,api_coord_conf,distance_btwn_coords_meters,scooter,wheel_chair
1468,2017-11-22,654463,21:29:00,Bicycle,NA,1,1,Broadway,AMERICA ST,2017-11-22,"Two-Way , Not Divided",Dry,Dark - Lighted,Clear,Unknown,"Yes, M/V and Driver Left Scene",No Controls,3,1,Incapacitating,NA,41.82041,-71.42678,FALSE,FALSE,"Broadway and America Street, Providence, RI, USA",FALSE,-71.4273932,41.8220583,route,geometric_center,"america st, providence, ri 02903, usa","Broadway & America Street, Providence, RI, USA",Ei5Ccm9hZHdheSAmIEFtZXJpY2EgU3RyZWV0LCBQcm92aWRlbmNlLCBSSSwgVVNBImYiZAoUChIJfUkS5HRF5IkRyRq3zJw_zvQSFAoSCX1JEuR0ReSJEckat8ycP870GhQKEgmlteWGdUXkiREawjOx16RvsxoUChIJG9WSLHVF5IkRA9aZMV9ct_QiCg16TO0YFcUsbdU,41.8204794,-71.4265403,41.8204794,-71.4265403,Med,21.33339063823385,FALSE,FALSE
1469,2017-11-21,653420,11:56:00,Pedestrian,1,NA,1,VEAZIE ST,BRANCH AVE,2017-11-21,"Two-Way , Not Divided",Dry,Daylight,Clear,Not a Collision Between Two Motor Vehicles in Transport,No,Traffic Control Signal,3,1,Complains Of Pain,NA,41.85472,-71.43468,FALSE,FALSE,"Veazie Street and Branch Ave, Providence, RI, USA",FALSE,-71.43467450000001,41.8547389,intersection,geometric_center,"branch ave & veazie st, providence, ri 02904, usa",NA,NA,NA,NA,41.8547389,-71.43467450000001,Med High,2.1527941872578698,FALSE,FALSE
1470,2017-11-19,652682,14:29:00,Pedestrian,1,NA,1,DOUGLAS AVE,VANDEWATER ST,2017-11-19,"Two-Way, Divided, Unprotected (painted>4feet) Medium",Dry,Daylight,Cloudy,Not a Collision Between Two Motor Vehicles in Transport,"Yes, M/V and Driver Left Scene",No Controls,1,1,Non-Incapacitating,2,41.84992,-71.43346,FALSE,FALSE,"Douglas Ave and Vandewater Street, Providence, RI, USA",FALSE,-71.4333766,41.8498395,intersection,geometric_center,"vandewater st & douglas ave, providence, ri 02908, usa",NA,NA,NA,NA,41.8498395,-71.4333766,Med High,11.319433241380485,FALSE,FALSE
1471,2017-11-17,652202,17:33:00,Pedestrian,1,NA,1,1 West EXCHANGE Street,SABIN ST,2017-11-17,"Two-Way , Not Divided",Dry,Dark - Lighted,Clear,Other,No,No Controls,4,1,Complains Of Pain,NA,41.8249,-71.41515,TRUE,FALSE,"1 West Exchange Street, Providence, RI, USA",FALSE,-71.41480469999999,41.8250247,intersection,geometric_center,"us-1 & w exchange st, providence, ri 02903, usa",NA,NA,NA,NA,41.8250247,-71.41480469999999,High,31.83033761984476,FALSE,FALSE
1472,2017-11-16,651426,09:41:00,Pedestrian,1,NA,1,DEAN ST,WASHINGTON ST,2017-11-16,"Two-Way , Not Divided",Wet,Daylight,Rain,Not a Collision Between Two Motor Vehicles in Transport,"Yes, M/V and Driver Left Scene",Stop Signs,2,1,Complains Of Pain,NA,41.81905,-71.42073,FALSE,FALSE,"Dean Street and Washington Street, Providence, RI, USA",FALSE,-71.417553,41.821048,route,geometric_center,"washington st, providence, ri, usa","Dean Street & Washington Street, Providence, RI, USA",EjREZWFuIFN0cmVldCAmIFdhc2hpbmd0b24gU3RyZWV0LCBQcm92aWRlbmNlLCBSSSwgVVNBImYiZAoUChIJxd5n_HJF5IkR0-x289HvkKESFAoSCcXeZ_xyReSJEdPsdvPR75ChGhQKEglbBmx-DEXkiRHItJ_foOdA5BoUChIJqdrNnBJF5IkRGgfQlqMSNPYiCg0wFu0YFTgPbtU,41.8190896,-71.42074319999999,41.8190896,-71.42074319999999,Med,4.542235656847187,FALSE,FALSE
1473,2017-11-16,651788,17:31:00,Pedestrian,1,NA,1,BLACKSTONE ST,CULVER ST,2017-11-16,"Two-Way , Not Divided",Wet,Dark - Lighted,Cloudy,Other,No,Stop Signs,3,1,Complains Of Pain,NA,41.80993,-71.4085,FALSE,FALSE,"Blackstone Street and Culver Street, Providence, RI, USA",FALSE,-71.4084982,41.8099346,intersection,geometric_center,"blackstone st & culver st, providence, ri 02905, usa",NA,NA,NA,NA,41.8099346,-71.4084982,Med High,0.5334053363951438,FALSE,FALSE
1474,2017-11-16,651847,18:16:00,Pedestrian,1,NA,1,KILLINGLY ST,KILLINGLY ST,2017-11-16,"Two-Way , Not Divided",Wet,Dark - Not Lighted,Rain,Not a Collision Between Two Motor Vehicles in Transport,No,No Controls,3,1,Complains Of Pain,NA,41.82105,-71.46963,FALSE,FALSE,"Killingly Street and Killingly Street, Providence, RI, USA",FALSE,-71.4700523,41.8217355,route,geometric_center,"killingly st, rhode island, usa",NA,NA,NA,NA,41.8217355,-71.4700523,Med,83.96709387059028,FALSE,FALSE
1475,2017-11-15,650857,07:54:00,Pedestrian,1,NA,1,ROSEBANK AVE,NA,2017-11-15,"Two-Way , Not Divided",Dry,Daylight,Clear,Not a Collision Between Two Motor Vehicles in Transport,No,No Controls,4,1,Complains Of Pain,2,41.83508,-71.43374,FALSE,TRUE,"Rosebank Ave, Providence, RI, USA",FALSE,-71.4336693,41.8349427,route,geometric_center,"rosebank ave, providence, ri 02908, usa",NA,NA,NA,NA,41.8349427,-71.4336693,Inaccurate,16.370433880019174,FALSE,FALSE
1476,2017-11-15,651118,13:51:00,Bicycle,NA,1,1,PARK ST,ORMS ST,2017-11-15,"Two-Way , Not Divided",Dry,Daylight,Clear,Not a Collision Between Two Motor Vehicles in Transport,"Yes, M/V and Driver Left Scene",No Controls,2,1,Complains Of Pain,NA,41.83474,-71.41541,FALSE,FALSE,"Park Street and Orms Street, Providence, RI, USA",FALSE,-71.4191013,41.8342191,route,geometric_center,"orms st, providence, ri, usa","Park Street & Orms Street, Providence, RI, USA",Ei5QYXJrIFN0cmVldCAmIE9ybXMgU3RyZWV0LCBQcm92aWRlbmNlLCBSSSwgVVNBImYiZAoUChIJE6gNgRxF5IkRCDjK1sntUiQSFAoSCROoDYEcReSJEQg4ytbJ7VIkGhQKEglRpXIiEEXkiRE1JewRQdIsbhoUChIJJ2knvwRF5IkRzK6GSUqZqcEiCg3De-8YFVbkbtU,41.8347971,-71.4152874,41.8347971,-71.4152874,Med,11.991778958731985,FALSE,FALSE
1477,2017-11-15,651263,18:54:00,Pedestrian,1,NA,1,WASHINGTON ST,UNION ST,2017-11-15,"Two-Way , Not Divided",Dry,Dark - Lighted,Clear,Not a Collision Between Two Motor Vehicles in Transport,No,Traffic Control Signal,3,0,No Injury,NA,41.8236,-71.414,FALSE,FALSE,"Washington Street and Union Street, Providence, RI, USA",FALSE,-71.4128343,41.8239891,locality,approximate,"providence, ri, usa","Washington Street & Union Street, Providence, RI, USA",EjVXYXNoaW5ndG9uIFN0cmVldCAmIFVuaW9uIFN0cmVldCwgUHJvdmlkZW5jZSwgUkksIFVTQSJmImQKFAoSCXvJS8cTReSJEcVp0B49EFpXEhQKEgl7yUvHE0XkiRHFadAePRBaVxoUChIJqdrNnBJF5IkRGgfQlqMSNPYaFAoSCXNAs5UTReSJEZJE18owa50QIgoN_cbtGBWuFm_V,41.8236157,-71.4139986,41.8236157,-71.4139986,Med,1.7515704890054968,FALSE,FALSE
1478,2017-11-15,651290,17:36:00,Pedestrian,1,NA,1,California Ave,VIRGINIA AVE,2017-11-15,"Two-Way , Not Divided",Dry,Dark - Lighted,Clear,Not a Collision Between Two Motor Vehicles in Transport,"Yes, M/V and Driver Left Scene",Stop Signs,1,1,Complains Of Pain,NA,41.78876,-71.39916,FALSE,FALSE,"California Ave and Virginia Ave, Providence, RI, USA",FALSE,-71.3991762,41.78877079999999,intersection,geometric_center,"california ave & virginia ave, providence, ri 02905, usa",NA,NA,NA,NA,41.78877079999999,-71.3991762,Med High,1.8037127380835056,FALSE,FALSE
1479,2017-11-13,650063,18:42:00,Pedestrian,1,NA,1,RIVER AVE,DOUGLAS AVE,2017-11-13,"Two-Way, Divided, Unprotected (painted>4feet) Medium",Wet,Dark - Lighted,Rain,Not a Collision Between Two Motor Vehicles in Transport,No,No Controls,2,1,Incapacitating,NA,41.85272,-71.43718,FALSE,FALSE,"River Ave and Douglas Ave, Providence, RI, USA",FALSE,-71.4371491,41.8527663,intersection,geometric_center,"river ave & douglas ave, providence, ri 02904, usa",NA,NA,NA,NA,41.8527663,-71.4371491,Med High,5.755806831253712,FALSE,FALSE
1480,2017-11-11,649024,18:49:00,Pedestrian,1,NA,1,16 opper st,MONTICELLO ST,2017-11-11,"Two-Way , Not Divided",Dry,Dark - Lighted,Clear,Not a Collision Between Two Motor Vehicles in Transport,No,No Controls,2,1,Complains Of Pain,NA,41.85211,-71.42308,TRUE,FALSE,"16 Opper Street, Providence, RI, USA",FALSE,-71.4232203,41.8522054,premise,rooftop,"16 opper st, providence, ri 02904, usa",NA,NA,NA,NA,41.8522054,-71.4232203,High,15.75179771788979,FALSE,FALSE
1481,2017-11-07,646566,08:35:00,Pedestrian,1,NA,1,MORRIS AVE,ROCHAMBEAU AVE,2017-11-07,"Two-Way , Not Divided",Dry,Daylight,Clear,Not a Collision Between Two Motor Vehicles in Transport,No,No Controls,2,1,Complains Of Pain,2,41.84697,-71.39476,FALSE,FALSE,"Morris Ave and Rochambeau Ave, Providence, RI, USA",FALSE,-71.39472409999999,41.8469966,intersection,geometric_center,"morris ave & rochambeau ave, providence, ri 02906, usa",NA,NA,NA,NA,41.8469966,-71.39472409999999,Med High,4.198893555409766,FALSE,FALSE
1482,2017-11-07,646808,22:29:00,Bicycle,NA,1,1,Francis St,MEMORIAL BLVD,2017-11-08,"Two-Way , Not Divided",Wet,Dark - Lighted,Rain,Not a Collision Between Two Motor Vehicles in Transport,No,Traffic Control Signal,3,1,Complains Of Pain,NA,41.82594,-71.41537,FALSE,FALSE,"Francis Street and Memorial Blvd, Providence, RI, USA",FALSE,-71.4134258,41.8263996,route,geometric_center,"memorial blvd, providence, ri 02903, usa","Francis Street & Memorial Blvd, Providence, RI, USA",EjNGcmFuY2lzIFN0cmVldCAmIE1lbW9yaWFsIEJsdmQsIFByb3ZpZGVuY2UsIFJJLCBVU0EiZiJkChQKEgkDtc6dEUXkiRFK7mftfMbegBIUChIJA7XOnRFF5IkRSu5n7XzG3oAaFAoSCeMKJVkQReSJEQnXa5JsDkKbGhQKEgn3LDO1FkXkiRGsznR5eOTavSIKDRwg7hgVW-Bu1Q,41.8258972,-71.4153893,41.8258972,-71.4153893,Med,5.026266790578843,FALSE,FALSE
1483,2017-11-05,645773,13:03:00,Bicycle,NA,1,1,1303 NORTH MAIN ST,N MAIN ST,2017-11-05,One-Way Trafficway,Dry,Daylight,Clear,Other,No,No Controls,3,0,No Injury,2,41.85581,-71.39988,TRUE,FALSE,"1303 North Main Street, Providence, RI, USA",FALSE,-71.3992998,41.85607539999999,street_address,rooftop,"1303 n main st, providence, ri 02904, usa",NA,NA,NA,NA,41.85607539999999,-71.3992998,High,56.45429634836411,FALSE,FALSE
1484,2017-11-05,645785,13:19:00,Pedestrian,1,NA,1,51 SILVER SPRING ST,NA,2017-11-05,Unknown,Dry,Daylight,Cloudy,Not a Collision Between Two Motor Vehicles in Transport,"Yes, M/V and Driver Left Scene",No Controls,3,1,Complains Of Pain,NA,41.84572,-71.41748,TRUE,TRUE,"51 Silver Spring Street, Providence, RI, USA",FALSE,-71.4166633,41.8454522,premise,rooftop,"51 silver spring st, providence, ri 02904, usa",NA,NA,NA,NA,41.8454522,-71.4166633,High,73.99721393965119,FALSE,FALSE
1485,2017-11-04,645669,19:49:00,Bicycle,NA,1,1,GREENWICH ST,BUCKLIN ST,2017-11-04,"Two-Way , Not Divided",Dry,Dark - Lighted,Clear,Not a Collision Between Two Motor Vehicles in Transport,"Yes, M/V and Driver Left Scene",Stop Signs,1,1,Complains Of Pain,NA,41.80232,-71.42765,FALSE,FALSE,"Greenwich Street and Bucklin Street, Providence, RI, USA",FALSE,-71.4276553,41.8023399,intersection,geometric_center,"bucklin st & greenwich st, providence, ri 02907, usa",NA,NA,NA,NA,41.8023399,-71.4276553,Med High,2.258495101270414,FALSE,FALSE
1486,2017-11-03,645203,06:34:00,Bicycle,NA,1,1,CRANSTON ST,WAVERLY ST,2017-11-03,"Two-Way , Not Divided",Dry,Dark - Lighted,Clear,Not a Collision Between Two Motor Vehicles in Transport,No,No Controls,2,1,Complains Of Pain,NA,41.80832,-71.43454,FALSE,FALSE,"Cranston Street and Waverly Street, Providence, RI, USA",FALSE,-71.43456739999999,41.8083361,intersection,geometric_center,"cranston st & waverly st, providence, ri 02907, usa",NA,NA,NA,NA,41.8083361,-71.43456739999999,Med High,2.89500191295151,FALSE,FALSE
1487,2017-11-02,644574,15:20:00,Pedestrian,1,NA,1,DORRANCE ST,WEYBOSSET ST,2017-11-02,"Two-Way , Not Divided",Dry,Daylight,Clear,Not a Collision Between Two Motor Vehicles in Transport,No,Traffic Control Signal,3,1,Incapacitating,NA,41.82308,-71.411,FALSE,FALSE,"Dorrance Street and Weybosset Street, Providence, RI, USA",FALSE,-71.4109933,41.8230796,intersection,geometric_center,"weybosset st & dorrance st, providence, ri 02903, usa",NA,NA,NA,NA,41.8230796,-71.4109933,Med High,0.55758675724466,FALSE,FALSE
1488,2017-11-02,646088,21:52:00,Pedestrian,1,NA,1,CHALKSTONE AVENUE,GROVESNOR STREET,2017-11-06,"Two-Way , Not Divided",Dry,Dark - Lighted,Clear,Not a Collision Between Two Motor Vehicles in Transport,No,No Controls,5,1,Complains Of Pain,NA,41.82529,-71.42985,FALSE,FALSE,"Chalkstone Avenue and Grovesnor Street, Providence, RI, USA",FALSE,-71.439537,41.8323976,intersection,geometric_center,"grosvenor ave & chalkstone ave, providence, ri 02908, usa",NA,NA,NA,NA,41.8323976,-71.439537,Med High,1127.6836010522904,FALSE,FALSE
1489,2017-11-01,644402,22:08:00,Pedestrian,1,NA,1,STEEPLE ST,N MAIN ST,2017-11-02,One-Way Trafficway,Dry,Daylight,Clear,Other,No,Traffic Control Signal,3,1,Complains Of Pain,NA,41.82748,-71.40909,FALSE,FALSE,"Steeple Street and N Main Street, Providence, RI, USA",FALSE,-71.37025750000001,41.8264716,establishment,rooftop,"105 wilmarth ave, east providence, ri 02914, usa","Steeple Street & North Main Street, Providence, RI, USA",EjdTdGVlcGxlIFN0cmVldCAmIE5vcnRoIE1haW4gU3RyZWV0LCBQcm92aWRlbmNlLCBSSSwgVVNBImYiZAoUChIJUS88oBdF5IkRhG9IWd2q99wSFAoSCVEvPKAXReSJEYRvSFndqvfcGhQKEgln0uQLF0XkiRFQpCIGGQGeZRoUChIJ-fpBPd5E5IkRX9etvg1cIz8iCg2wXe4YFQzYb9U,41.8274736,-71.4090484,41.8274736,-71.4090484,Med,3.523516093504872,FALSE,FALSE
1490,2017-10-30,643195,14:40:00,Pedestrian,1,NA,1,MEMORIAL BLVD,STEEPLE ST,2017-10-30,"Two-Way, Divided, Positive Median Barrier",Dry,Daylight,Cloudy,Not a Collision Between Two Motor Vehicles in Transport,No,Traffic Control Signal,4,1,Complains Of Pain,4,41.82677,-71.41063,FALSE,FALSE,"Memorial Blvd and Steeple Street, Providence, RI, USA",FALSE,-71.409299,41.8273889,route,geometric_center,"steeple st, providence, ri 02903, usa",NA,NA,NA,NA,41.8273889,-71.409299,Med,130.14017905182072,FALSE,FALSE
1491,2017-10-30,643270,16:05:00,Pedestrian,1,NA,1,SOUTH MAIN ST,COLLEGE ST,2017-10-30,One-Way Trafficway,Dry,Daylight,Cloudy,Not a Collision Between Two Motor Vehicles in Transport,No,Traffic Control Signal,3,1,Complains Of Pain,2,41.82564,-71.40785,FALSE,FALSE,"South Main Street and College Street, Providence, RI, USA",FALSE,-71.4078251,41.8256787,intersection,geometric_center,"s main st & college st, providence, ri 02903, usa",NA,NA,NA,NA,41.8256787,-71.4078251,Med High,4.777636172498029,FALSE,FALSE
1492,2017-10-29,642622,03:25:00,Pedestrian,1,NA,1,FRIENDSHIP ST,RICHMOND ST,2017-10-29,"Two-Way , Not Divided",Dry,Dark - Lighted,Clear,Not a Collision Between Two Motor Vehicles in Transport,"Yes, M/V and Driver Left Scene",No Controls,1,1,Non-Incapacitating,NA,41.82051,-71.41087,FALSE,FALSE,"Friendship Street and Richmond Street, Providence, RI, USA",FALSE,-71.41114619999999,41.8202499,intersection,geometric_center,"richmond st & friendship st, providence, ri 02903, usa",NA,NA,NA,NA,41.8202499,-71.41114619999999,Med High,36.92386245164573,FALSE,FALSE
1493,2017-10-29,642799,18:46:00,Pedestrian,1,NA,1,BURNS ST,MANILA ST,2017-10-29,One-Way Trafficway,Wet,Dark - Lighted,Rain,Not a Collision Between Two Motor Vehicles in Transport,"Yes, M/V and Driver Left Scene",No Controls,2,1,Complains Of Pain,NA,41.85385,-71.44526,FALSE,FALSE,"Burns Street and Manila Street, Providence, RI, USA",FALSE,-71.4454753,41.8538275,intersection,geometric_center,"manila st & burns st, providence, ri 02904, usa",NA,NA,NA,NA,41.8538275,-71.4454753,Med High,18.026721406124665,FALSE,FALSE
1494,2017-10-29,642847,18:54:00,Pedestrian,1,NA,1,WASHINGTON ST,CANAL ST,2017-10-29,One-Way Trafficway,Wet,Dark - Not Lighted,Rain,Not a Collision Between Two Motor Vehicles in Transport,No,Stop Signs,2,1,Complains Of Pain,NA,41.82673,-71.40939,FALSE,FALSE,"Washington Street and Canal Street, Providence, RI, USA",FALSE,-71.4128343,41.8239891,locality,approximate,"providence, ri, usa",NA,NA,NA,NA,41.8239891,-71.4128343,Med,418.00587416058386,FALSE,FALSE
1495,2017-10-28,642293,21:06:00,Pedestrian,1,NA,1,WASHINGTON ST,EMPIRE ST,2017-10-28,"Two-Way , Not Divided",Dry,Dark - Lighted,Clear,Not a Collision Between Two Motor Vehicles in Transport,No,No Controls,2,1,Complains Of Pain,NA,41.82182,-71.41645,FALSE,FALSE,"Washington Street and Empire Street, Providence, RI, USA",FALSE,-71.4157797,41.821349,route,geometric_center,"empire st, providence, ri 02903, usa","Washington Street & Empire Street, Providence, RI, USA",EjZXYXNoaW5ndG9uIFN0cmVldCAmIEVtcGlyZSBTdHJlZXQsIFByb3ZpZGVuY2UsIFJJLCBVU0EiZiJkChQKEgmNpp3sEkXkiRHnvAEsqcaDvRIUChIJjaad7BJF5IkR57wBLKnGg70aFAoSCanazZwSReSJERoH0JajEjT2GhQKEgnHPO_pEkXkiRGhxI4iuiomFSIKDWmC7RgVI7hu1Q,41.82186009999999,-71.4164189,41.82186009999999,-71.4164189,Med,5.155853917904554,FALSE,FALSE
1496,2017-10-27,641593,15:24:00,Bicycle,NA,1,1,Blackstone Blvd,Irving Ave,2017-10-27,One-Way Trafficway,Dry,Daylight,Clear,Angle (Front - to - Side) Right Angle (Includes Broadside),No,No Controls,2,0,No Injury,NA,41.83413,-71.38423,FALSE,FALSE,"Blackstone Blvd and Irving Ave, Providence, RI, USA",FALSE,-71.3837393,41.8342209,intersection,geometric_center,"irving ave & blackstone blvd, providence, ri 02906, usa",NA,NA,NA,NA,41.8342209,-71.3837393,Med High,41.93856354173078,FALSE,FALSE
1497,2017-10-24,639765,00:50:00,Bicycle,NA,1,1,LAUREL HILL AVE,PLAINFIELD ST,2017-10-24,"Two-Way, Divided, Unprotected (painted>4feet) Medium",Dry,Dark - Lighted,Clear,Not a Collision Between Two Motor Vehicles in Transport,No,Traffic Control Signal,3,1,Complains Of Pain,NA,41.81321,-71.45542,FALSE,FALSE,"Laurel Hill Ave and Plainfield Street, Providence, RI, USA",FALSE,-71.45540969999999,41.8132285,intersection,geometric_center,"laurel hill ave & plainfield st, providence, ri 02909, usa",NA,NA,NA,NA,41.8132285,-71.45540969999999,Med High,2.2296811725601127,FALSE,FALSE
1498,2017-10-24,639820,07:07:00,Pedestrian,1,NA,1,CRANSTON ST,POTTERS AVE,2017-10-24,"Two-Way , Not Divided",Wet,Daylight,Rain,Not a Collision Between Two Motor Vehicles in Transport,No,Pavement Markings,2,1,Complains Of Pain,NA,41.80511,-71.43769,FALSE,FALSE,"Cranston Street and Potters Ave, Providence, RI, USA",FALSE,-71.43779049999999,41.8050672,intersection,geometric_center,"potters ave & cranston st, providence, ri 02909, usa",NA,NA,NA,NA,41.8050672,-71.43779049999999,Med High,9.60449547617728,FALSE,FALSE
1499,2017-10-24,639942,07:09:00,Pedestrian,1,NA,1,200 HAWKINS ST,BRANCH AVE,2017-10-24,"Two-Way , Not Divided",Wet,Daylight,Rain,Not a Collision Between Two Motor Vehicles in Transport,No,No Controls,4,1,Complains Of Pain,NA,41.85061,-71.4223,TRUE,FALSE,"200 Hawkins Street, Providence, RI, USA",FALSE,-71.42274359999999,41.8507982,premise,rooftop,"200 hawkins st, providence, ri 02904, usa",NA,NA,NA,NA,41.8507982,-71.42274359999999,High,42.331295173442996,FALSE,FALSE
1500,2017-10-23,639390,11:23:00,Bicycle,NA,1,1,LIBRARY CT,WESTMINSTER ST,2017-10-23,"Two-Way , Not Divided",Dry,Daylight,Clear,Not a Collision Between Two Motor Vehicles in Transport,No,Traffic Control Signal,3,0,No Injury,NA,41.81675,-71.44355,FALSE,FALSE,"Library Ct and Westminster Street, Providence, RI, USA",FALSE,-71.4434849,41.8167835,intersection,geometric_center,"library ct & westminster st, providence, ri 02909, usa",NA,NA,NA,NA,41.8167835,-71.4434849,Med High,6.563344427834119,FALSE,FALSE
1501,2017-10-23,639744,23:30:00,Pedestrian,1,NA,1,343 broad st.,BROAD ST,2017-10-24,Unknown,Dry,Dark - Lighted,Cloudy,Not a Collision Between Two Motor Vehicles in Transport,No,No Controls,3,1,Complains Of Pain,NA,41.81345,-71.42175,TRUE,FALSE,"343 Broad St., Providence, RI, USA",FALSE,-71.4221475,41.813852,premise,rooftop,"343 broad st, providence, ri 02907, usa",NA,NA,NA,NA,41.813852,-71.4221475,High,55.590250541053265,FALSE,FALSE
1502,2017-10-22,639068,13:00:00,Pedestrian,1,NA,1,Page St,WEYBOSSET ST,2017-10-22,One-Way Trafficway,Dry,Daylight,Clear,Not a Collision Between Two Motor Vehicles in Transport,No,No Controls,2,1,Incapacitating,NA,41.8215,-71.41218,FALSE,FALSE,"Page Street and Weybosset Street, Providence, RI, USA",FALSE,-71.4117062,41.8223275,route,geometric_center,"weybosset st, providence, ri, usa","Page Street & Weybosset Street, Providence, RI, USA",EjNQYWdlIFN0cmVldCAmIFdleWJvc3NldCBTdHJlZXQsIFByb3ZpZGVuY2UsIFJJLCBVU0EiZiJkChQKEglbuPF8E0XkiRH8wskKa-QdBBIUChIJW7jxfBNF5IkR_MLJCmvkHQQaFAoSCX8Tl5oUReSJEfzvXEGSUdN8GhQKEgm_tGB4FEXkiRFsGEnunrj2ACIKDRJ47RgVOFZv1Q,41.8215954,-71.41237199999999,41.8215954,-71.41237199999999,Med,19.143708804228883,FALSE,FALSE
1503,2017-10-21,638752,10:50:00,Pedestrian,1,NA,1,MEMORIAL BLVD,EXCHANGE ST,2017-10-21,"Two-Way, Divided, Unprotected (painted>4feet) Medium",Dry,Daylight,Clear,"Sideswipe, Same Direction","Yes, M/V and Driver Left Scene",No Controls,1,1,Non-Incapacitating,NA,41.8268,-71.41207,FALSE,FALSE,"Memorial Blvd and Exchange Street, Providence, RI, USA",FALSE,-71.4121426,41.8269244,intersection,geometric_center,"memorial blvd & exchange st, providence, ri 02903, usa",NA,NA,NA,NA,41.8269244,-71.4121426,Med High,15.100950386480047,FALSE,FALSE
1504,2017-10-21,638806,14:11:00,Bicycle,NA,1,1,CHALKSTONE AVE,RIVER AVE,2017-10-21,"Two-Way , Not Divided",Dry,Daylight,Clear,Not a Collision Between Two Motor Vehicles in Transport,No,Traffic Control Signal,5,1,Non-Incapacitating,NA,41.83258,-71.43854,FALSE,FALSE,"Chalkstone Ave and River Ave, Providence, RI, USA",FALSE,-71.4385411,41.8325962,intersection,geometric_center,"river ave & chalkstone ave, providence, ri 02908, usa",NA,NA,NA,NA,41.8325962,-71.4385411,Med High,1.8056822820449907,FALSE,FALSE
1505,2017-10-20,638374,15:38:00,Pedestrian,1,NA,1,CHALKSTONE AVENUE,ACADEMY AVENUE,2017-10-20,"Two-Way , Not Divided",Dry,Daylight,Clear,Not a Collision Between Two Motor Vehicles in Transport,"Yes, M/V and Driver Left Scene",Traffic Control Signal,2,1,Incapacitating,2,41.814,-71.44182,FALSE,FALSE,"Chalkstone Avenue and Academy Avenue, Providence, RI, USA",FALSE,-71.44452489999999,41.8324538,intersection,geometric_center,"academy ave & chalkstone ave, providence, ri 02908, usa",NA,NA,NA,NA,41.8324538,-71.44452489999999,Med High,2066.486193827577,FALSE,FALSE
1506,2017-10-19,637754,18:27:00,Pedestrian,1,NA,1,CANAL ST,PARK ROW,2017-10-19,One-Way Trafficway,Dry,Dark - Lighted,Clear,Not a Collision Between Two Motor Vehicles in Transport,No,No Controls,3,1,Complains Of Pain,NA,41.82862,-71.41074,FALSE,FALSE,"Canal Street and Park Row, Providence, RI, USA",FALSE,-71.4106907,41.8284695,intersection,geometric_center,"canal st & park row, providence, ri 02903, usa",NA,NA,NA,NA,41.8284695,-71.4106907,Med High,17.245452857078494,FALSE,FALSE
1507,2017-10-14,635728,18:56:00,Pedestrian,1,NA,1,16 GROVER ST,LONGO ST,2017-10-14,"Two-Way , Not Divided",Dry,Dark - Lighted,Clear,Not a Collision Between Two Motor Vehicles in Transport,"Yes, M/V and Driver Left Scene",No Controls,1,1,Complains Of Pain,NA,41.81631,-71.45716,TRUE,FALSE,"16 Grover Street, Providence, RI, USA",FALSE,-71.4569032,41.8162369,premise,rooftop,"16 grover st, providence, ri 02909, usa",NA,NA,NA,NA,41.8162369,-71.4569032,High,22.806534108556132,FALSE,FALSE
1508,2017-10-13,634351,09:15:00,Bicycle,NA,1,1,BROADWAY,GREENMAN LN,2017-10-13,"Two-Way , Not Divided",Dry,Daylight,Clear,Not a Collision Between Two Motor Vehicles in Transport,No,Traffic Control Signal,4,1,Complains Of Pain,NA,41.82232,-71.41867,FALSE,FALSE,"Broadway and Greenman Ln, Providence, RI, USA",FALSE,-71.4119953,41.8109879,doctor,rooftop,"101 dudley st, providence, ri 02905, usa",NA,NA,NA,NA,41.8109879,-71.4119953,Med,1377.6770455316816,FALSE,FALSE
1509,2017-10-12,633885,08:53:00,Bicycle,NA,1,1,85 WATERMAN STREET,BROWN ST,2017-10-12,One-Way Trafficway,Dry,Daylight,Clear,Other,No,No Controls,2,1,Complains Of Pain,1,41.82699,-71.403809999999993,TRUE,FALSE,"85 Waterman Street, Providence, RI, USA",FALSE,-71.4019165,41.82691459999999,premise,rooftop,"hunter psychology lab, 85 waterman st, providence, ri 02912, usa",NA,NA,NA,NA,41.82691459999999,-71.4019165,High,157.29200908339698,FALSE,FALSE
1510,2017-10-12,633890,09:16:00,Other,NA,NA,2,NAHANT ST,OPPER ST,2017-10-12,"Two-Way , Not Divided",Dry,Daylight,Clear,Other,No,No Controls,5,0,No Injury,NA,41.85297,-71.42179,FALSE,FALSE,"Nahant Street and Opper Street, Providence, RI, USA",FALSE,-71.4221468,41.8531396,intersection,geometric_center,"opper st & nahant st, providence, ri 02904, usa",NA,NA,NA,NA,41.8531396,-71.4221468,Med High,35.09574738183491,FALSE,TRUE