row_number,crash_date,crash_report_id,crash_time,collision_type,count_pedestrian,count_bicycle,number_of_vehicles,street_or_highway,nearest_intersection,report_date,type_of_roadway,road_surface_condition,light_condition,weather_condition,manner_of_impact,hit_and_run,traffic_control,person_count,injury_count,most_serious_injury,number_of_lanes,lat_raw,lon_raw,has_st_number,is_intersection_null,address_sent_to_geocoder,is_address_blank,lon_api_first_try,lat_api_first_try,type,loctype,address_returned_by_geocoder,address_returned_by_autocomplete,place_ids_autocompleted,lat_api_second_try,lon_api_second_try,lat_api_best,lon_api_best,api_coord_conf,distance_btwn_coords_meters,scooter,wheel_chair
1511,2017-10-12,634017,14:29:00,Pedestrian,1,NA,1,Broad street,CLAVERICK ST,2017-10-12,"Two-Way , Not Divided",Dry,Daylight,Clear,Other,No,No Controls,2,1,Complains Of Pain,NA,41.81939,-71.41492,FALSE,FALSE,"Broad Street and Claverick Street, Providence, RI, USA",FALSE,-71.413061,41.8182487,route,geometric_center,"claverick st, providence, ri 02903, usa","Broad Street & Claverick Street, Providence, RI, USA",EjRCcm9hZCBTdHJlZXQgJiBDbGF2ZXJpY2sgU3RyZWV0LCBQcm92aWRlbmNlLCBSSSwgVVNBImYiZAoUChIJN-H52GxF5IkR-aG6rjTYAMMSFAoSCTfh-dhsReSJEfmhuq402ADDGhQKEgmD3n3VjE_kiREsosqTmEsIoxoUChIJCd0jlGxF5IkRCow_XvXZa3YiCg2rIO0YFTrwbtU,41.8193579,-71.41498299999999,41.8193579,-71.41498299999999,Med,6.331316305626546,FALSE,FALSE
1512,2017-10-11,633322,06:24:00,Pedestrian,2,NA,1,731 Eddy St,EUDORA ST,2017-10-11,"Two-Way, Divided, Unprotected (painted>4feet) Medium",Dry,Daylight,Clear,Not a Collision Between Two Motor Vehicles in Transport,No,No Controls,3,2,Complains Of Pain,NA,41.80791,-71.40724,TRUE,FALSE,"731 Eddy Street, Providence, RI, USA",FALSE,-71.4075635,41.80781959999999,premise,rooftop,"731 eddy st, providence, ri 02903, usa",NA,NA,NA,NA,41.80781959999999,-71.4075635,High,28.667037615035376,FALSE,FALSE
1513,2017-10-11,633703,16:05:00,Bicycle,NA,1,1,COLLEGE RD,6TH AVE,2017-10-11,"Two-Way , Not Divided",Dry,Daylight,Clear,Not a Collision Between Two Motor Vehicles in Transport,No,No Controls,3,1,Non-Incapacitating,NA,41.84066,-71.46723,FALSE,FALSE,"College Rd and 6th Ave, Providence, RI, USA",FALSE,-71.3962252,41.8513264,route,geometric_center,"6th st, providence, ri 02906, usa","College Road & 6th Street, North Providence, Providence, RI, USA",EkBDb2xsZWdlIFJvYWQgJiA2dGggU3RyZWV0LCBOb3J0aCBQcm92aWRlbmNlLCBQcm92aWRlbmNlLCBSSSwgVVNBImYiZAoUChIJGYxTNdBF5IkRibtj7OYDzY4SFAoSCRmMUzXQReSJEYm7Y-zmA82OGhQKEgkVnIcRykXkiRGpFXPkCovoUBoUChIJyWTMuNFF5IkRtiuubj6C5OgiCg3sZfAYFbT_ZtU,41.8407916,-71.4670156,41.8407916,-71.4670156,Med,23.03849144407056,FALSE,FALSE
1514,2017-10-11,633739,16:01:00,Pedestrian,1,NA,1,MATHEWSON ST,WESTMINSTER ST,2017-10-11,One-Way Trafficway,Dry,Daylight,Clear,Not a Collision Between Two Motor Vehicles in Transport,No,No Controls,3,1,Incapacitating,NA,41.82211,-71.41356,FALSE,FALSE,"Mathewson Street and Westminster Street, Providence, RI, USA",FALSE,-71.41364469999999,41.8221831,intersection,geometric_center,"mathewson st & westminster st, providence, ri 02903, usa",NA,NA,NA,NA,41.8221831,-71.41364469999999,Med High,10.751263411297133,FALSE,FALSE
1515,2017-10-10,633009,17:37:00,Pedestrian,1,NA,1,361 RESERVOIR AVE,PONTIAC AVE,2017-10-10,Unknown,Dry,Dawn,Clear,Not a Collision Between Two Motor Vehicles in Transport,No,No Controls,2,1,Complains Of Pain,NA,41.78767,-71.43147,TRUE,FALSE,"361 Reservoir Ave, Providence, RI, USA",FALSE,-71.4330063,41.7885339,street_address,rooftop,"361 reservoir ave, providence, ri 02910, usa",NA,NA,NA,NA,41.7885339,-71.4330063,High,159.71397213685478,FALSE,FALSE
1516,2017-10-09,632639,19:13:00,Pedestrian,1,NA,1,SUPERIOR ST,CRANSTON ST,2017-10-09,"Two-Way , Not Divided",Wet,Dark - Lighted,Rain,Not a Collision Between Two Motor Vehicles in Transport,No,No Controls,2,1,Complains Of Pain,NA,41.81043,-71.43265,FALSE,FALSE,"Superior Street and Cranston Street, Providence, RI, USA",FALSE,-71.4326468,41.8104443,intersection,geometric_center,"cranston st & superior st, providence, ri 02907, usa",NA,NA,NA,NA,41.8104443,-71.4326468,Med High,1.6138595431283094,FALSE,FALSE
1517,2017-10-09,632641,19:15:00,Pedestrian,1,NA,1,SACKETT ST,BROAD ST,2017-10-09,"Two-Way , Not Divided",Wet,Dark - Lighted,Rain,Not a Collision Between Two Motor Vehicles in Transport,"Yes, M/V and Driver Left Scene",No Controls,1,1,Complains Of Pain,NA,41.79616,-71.41212,FALSE,FALSE,"Sackett Street and Broad Street, Providence, RI, USA",FALSE,-71.4121266,41.796176,intersection,geometric_center,"sackett st & broad st, providence, ri 02905, usa",NA,NA,NA,NA,41.796176,-71.4121266,Med High,1.8634320449816393,FALSE,FALSE
1518,2017-10-08,632425,20:42:00,Bicycle,NA,1,1,CRANSTON STREET,POTTERS AVE,2017-10-08,"Two-Way , Not Divided",Dry,Dark - Lighted,Clear,Not a Collision Between Two Motor Vehicles in Transport,"Yes, M/V and Driver Left Scene",Stop Signs,1,1,Complains Of Pain,2,41.80505,-71.43778,FALSE,FALSE,"Cranston Street and Potters Ave, Providence, RI, USA",FALSE,-71.43779049999999,41.8050672,intersection,geometric_center,"potters ave & cranston st, providence, ri 02909, usa",NA,NA,NA,NA,41.8050672,-71.43779049999999,Med High,2.1036145564996684,FALSE,FALSE
1519,2017-10-07,631798,03:35:00,Pedestrian,1,NA,1,571 Union Ave,POCASSET AVE,2017-10-07,"Two-Way , Not Divided",Dry,Dark - Lighted,Clear,Not a Collision Between Two Motor Vehicles in Transport,"Yes, M/V and Driver Left Scene",No Controls,1,1,Complains Of Pain,NA,41.80649,-71.4574,TRUE,FALSE,"571 Union Ave, Providence, RI, USA",FALSE,-71.4574605,41.8067123,premise,rooftop,"571 union ave, providence, ri 02909, usa",NA,NA,NA,NA,41.8067123,-71.4574605,High,25.25039130117666,FALSE,FALSE
1520,2017-10-06,631767,21:30:00,Pedestrian,1,NA,1,MERINO ST/ HARTFORD AVE,CROWNINSHIELD ST,2017-10-06,"Two-Way , Not Divided",Dry,Dark - Lighted,Clear,Not a Collision Between Two Motor Vehicles in Transport,"Yes, M/V and Driver Left Scene",No Controls,1,0,Unknown,NA,41.81863,-71.45912,FALSE,FALSE,"Merino St/ Hartford Ave and Crowninshield Street, Providence, RI, USA",FALSE,-71.4582059,41.8177449,route,geometric_center,"crowninshield st, providence, ri 02909, usa",NA,NA,NA,NA,41.8177449,-71.4582059,Med,124.3343712699406,FALSE,FALSE
1521,2017-10-05,631403,20:33:00,Pedestrian,2,NA,1,WESTMINSTER ST,SERVICE ROAD 8,2017-10-05,One-Way Trafficway,Dry,Dark - Lighted,Clear,Not a Collision Between Two Motor Vehicles in Transport,No,No Controls,4,2,Complains Of Pain,NA,41.81923,-71.41782,FALSE,FALSE,"Westminster Street and Service Road 8, Providence, RI, USA",FALSE,-71.44060990000001,41.816332,intersection,geometric_center,"service rd & westminster st, providence, ri 02909, usa",NA,NA,NA,NA,41.816332,-71.44060990000001,Med High,1918.0426789186959,FALSE,FALSE
1522,2017-10-05,631432,17:52:00,Pedestrian,1,NA,1,WESTMINSTER ST,KNIGHT ST,2017-10-05,"Two-Way , Not Divided",Dry,Daylight,Clear,Not a Collision Between Two Motor Vehicles in Transport,No,No Controls,3,1,Complains Of Pain,NA,41.81713,-71.42626,FALSE,FALSE,"Westminster Street and Knight Street, Providence, RI, USA",FALSE,-71.4261832,41.8171545,intersection,geometric_center,"knight st & westminster st, providence, ri 02903, usa",NA,NA,NA,NA,41.8171545,-71.4261832,Med High,6.930790751597832,FALSE,FALSE
1523,2017-10-03,630508,15:04:00,Pedestrian,1,NA,1,BRIDGHAM ST,ELMWOOD AVE,2017-10-03,"Two-Way , Not Divided",Dry,Daylight,Clear,Not a Collision Between Two Motor Vehicles in Transport,No,Traffic Control Signal,3,1,Complains Of Pain,NA,41.81277,-71.42218,FALSE,FALSE,"Bridgham Street and Elmwood Ave, Providence, RI, USA",FALSE,-71.4221436,41.8127945,intersection,geometric_center,"bridgham st & elmwood ave, providence, ri 02907, usa",NA,NA,NA,NA,41.8127945,-71.4221436,Med High,4.06930554617504,FALSE,FALSE
1524,2017-10-02,629952,14:37:00,Pedestrian,1,NA,1,UNION AVE,RT 10 NORTH ON RAMP,2017-10-02,One-Way Trafficway,Dry,Daylight,Clear,Not a Collision Between Two Motor Vehicles in Transport,No,Traffic Control Signal,2,1,Complains Of Pain,NA,41.8088,-71.44022,FALSE,FALSE,"Union Ave and Rt 10 North On Ramp, Providence, RI, USA",FALSE,-71.4869184,41.8332697,route,geometric_center,"union ave, johnston, ri 02919, usa",NA,NA,NA,NA,41.8332697,-71.4869184,Med,4735.834110635838,FALSE,FALSE
1525,2017-10-02,630136,15:10:00,Pedestrian,1,NA,1,Broad St,THURBERS AVE,2017-10-02,"Two-Way , Not Divided",Dry,Daylight,Clear,Not a Collision Between Two Motor Vehicles in Transport,No,Traffic Control Signal,2,1,Complains Of Pain,NA,41.7982,-71.41467,FALSE,FALSE,"Broad Street and Thurbers Ave, Providence, RI, USA",FALSE,-71.4072534,41.7996465,route,geometric_center,"thurbers ave, providence, ri 02905, usa","Broad Street & Thurbers Ave, Providence, RI, USA",EjBCcm9hZCBTdHJlZXQgJiBUaHVyYmVycyBBdmUsIFByb3ZpZGVuY2UsIFJJLCBVU0EiZiJkChQKEgnVbsoGiU_kiRFIi3UXtPpeWRIUChIJ1W7KBolP5IkRSIt1F7T6XlkaFAoSCYPefdWMT-SJESyiypOYSwijGhQKEgkroyggYEXkiRGzStN47BclxSIKDUjm6RgVr_xu1Q,41.7982024,-71.4146641,41.7982024,-71.4146641,Med,0.5577784453146942,FALSE,FALSE
1526,2017-09-30,629027,10:59:00,Bicycle,1,NA,1,BOND ST,ATWELLS AVE,2017-09-30,"Two-Way , Not Divided",Dry,Daylight,Clear,Not a Collision Between Two Motor Vehicles in Transport,No,No Controls,3,0,No Injury,NA,41.82329,-71.42313,FALSE,FALSE,"Bond Street and Atwells Ave, Providence, RI, USA",FALSE,-71.4363598,41.8244829,route,geometric_center,"atwells ave, providence, ri, usa","Bond Street & Atwells Ave, Providence, RI, USA",Ei5Cb25kIFN0cmVldCAmIEF0d2VsbHMgQXZlLCBQcm92aWRlbmNlLCBSSSwgVVNBImYiZAoUChIJhz7GjwxF5IkRn6nLeZ_KtU0SFAoSCYc-xo8MReSJEZ-py3mfyrVNGhQKEglDJR-PDEXkiRGOixKkHhnewxoUChIJ7W1EBqJF5IkRRornUFgoCTQiCg3-u-0YFT2ybdU,41.8233342,-71.4231235,41.8233342,-71.4231235,Med,4.949779188738947,FALSE,FALSE
1527,2017-09-28,628264,15:15:00,Pedestrian,1,NA,1,Smith St,Chalkstone Ave,2017-09-28,"Two-Way, Divided, Unprotected (painted>4feet) Medium",Dry,Daylight,Clear,Not a Collision Between Two Motor Vehicles in Transport,"Yes, M/V and Driver Left Scene",No Controls,1,1,Complains Of Pain,NA,41.83525,-71.42574,FALSE,FALSE,"Smith Street and Chalkstone Ave, Providence, RI, USA",FALSE,-71.4256425,41.83522139999999,intersection,geometric_center,"chalkstone ave & smith st, providence, ri 02908, usa",NA,NA,NA,NA,41.83522139999999,-71.4256425,Med High,8.6908379538845,FALSE,FALSE
1528,2017-09-28,628267,17:57:00,Pedestrian,1,NA,1,WESTMINSTER ST,DORRANCE ST,2017-09-28,"Two-Way, Divided, Unprotected (painted>4feet) Medium",Dry,Daylight,Clear,Not a Collision Between Two Motor Vehicles in Transport,No,No Controls,4,1,Complains Of Pain,NA,41.82361,-71.41167,FALSE,FALSE,"Westminster Street and Dorrance Street, Providence, RI, USA",FALSE,-71.4116693,41.8236083,intersection,geometric_center,"westminster st & dorrance st, providence, ri 02903, usa",NA,NA,NA,NA,41.8236083,-71.4116693,Med High,0.1979518866131529,FALSE,FALSE
1529,2017-09-27,627848,19:13:00,Bicycle,NA,1,1,KNIGHT ST,WESTMINSTER ST,2017-09-27,"Two-Way, Divided, Positive Median Barrier",Dry,Dark - Lighted,Clear,Other,No,Person,3,1,Complains Of Pain,NA,41.81719,-71.42627,FALSE,FALSE,"Knight Street and Westminster Street, Providence, RI, USA",FALSE,-71.4261832,41.8171545,intersection,geometric_center,"knight st & westminster st, providence, ri 02903, usa",NA,NA,NA,NA,41.8171545,-71.4261832,Med High,8.214324541179328,FALSE,FALSE
1530,2017-09-26,626749,11:10:00,Bicycle,NA,1,1,LAUREL AVE,ELMGROVE AVE,2017-09-26,"Two-Way , Not Divided",Dry,Daylight,Clear,Not a Collision Between Two Motor Vehicles in Transport,No,Stop Signs,5,1,Complains Of Pain,NA,41.83699,-71.39177,FALSE,FALSE,"Laurel Ave and Elmgrove Ave, Providence, RI, USA",FALSE,-71.39178079999999,41.8370083,intersection,geometric_center,"elmgrove ave & laurel ave, providence, ri 02906, usa",NA,NA,NA,NA,41.8370083,-71.39178079999999,Med High,2.225376608676238,FALSE,FALSE
1531,2017-09-26,626991,18:59:00,Pedestrian,1,NA,1,HENRIETTA ST,MOY ST,2017-09-26,"Two-Way , Not Divided",Dry,Dark - Lighted,Clear,Not a Collision Between Two Motor Vehicles in Transport,No,Stop Signs,4,1,Complains Of Pain,NA,41.85423,-71.43637,FALSE,FALSE,"Henrietta Street and Moy Street, Providence, RI, USA",FALSE,-71.4363867,41.85424400000001,intersection,geometric_center,"moy st & henrietta st, providence, ri 02904, usa",NA,NA,NA,NA,41.85424400000001,-71.4363867,Med High,2.0847570017350407,FALSE,FALSE
1532,2017-09-26,627035,17:38:00,Pedestrian,1,NA,1,ELMA ST,Broad Street,2017-09-26,One-Way Trafficway,Dry,Daylight,Clear,Not a Collision Between Two Motor Vehicles in Transport,"Yes, M/V and Driver Left Scene",Other,2,1,Complains Of Pain,NA,41.79693,-71.41298,FALSE,FALSE,"Elma Street and Broad Street, Providence, RI, USA",FALSE,-71.4130553,41.7969288,intersection,geometric_center,"elma st & broad st, providence, ri 02905, usa",NA,NA,NA,NA,41.7969288,-71.4130553,Med High,6.2505734635049786,FALSE,FALSE
1533,2017-09-24,625705,16:10:00,Bicycle,NA,1,1,HENDRICK ST,ACADEMY AVE,2017-09-24,"Two-Way, Divided, Unprotected (painted>4feet) Medium",Dry,Daylight,Clear,Head-On (Front - to - Front),"Yes, M/V and Driver Left Scene",No Controls,1,1,Non-Incapacitating,NA,41.8279,-71.44383,FALSE,FALSE,"Hendrick Street and Academy Ave, Providence, RI, USA",FALSE,-71.44382329999999,41.8279096,intersection,geometric_center,"hendrick st & academy ave, providence, ri 02908, usa",NA,NA,NA,NA,41.8279096,-71.44382329999999,Med High,1.2045426955822542,FALSE,FALSE
1534,2017-09-24,625718,18:24:00,Bicycle,NA,1,1,200 Exchange Street,STILLMAN ST,2017-09-24,"Two-Way , Not Divided",Dry,Daylight,Clear,Not a Collision Between Two Motor Vehicles in Transport,No,Stop Signs,3,0,No Injury,NA,41.82778,-71.41276,TRUE,FALSE,"200 Exchange Street, Providence, RI, USA",FALSE,-71.4132846,41.82729800000001,premise,rooftop,"200 exchange st, providence, ri 02903, usa",NA,NA,NA,NA,41.82729800000001,-71.4132846,High,69.08390499262283,FALSE,FALSE
1535,2017-09-24,625747,16:15:00,Bicycle,NA,1,1,VEAZIE ST,DOUGLAS AVE,2017-09-24,"Two-Way , Not Divided",Dry,Daylight,Clear,Not a Collision Between Two Motor Vehicles in Transport,No,No Controls,2,1,Non-Incapacitating,2,41.85086,-71.43433,FALSE,FALSE,"Veazie Street and Douglas Ave, Providence, RI, USA",FALSE,-71.4341761,41.8505578,intersection,geometric_center,"douglas ave & veazie st, providence, ri 02904, usa",NA,NA,NA,NA,41.8505578,-71.4341761,Med High,35.979915266176135,FALSE,FALSE
1536,2017-09-23,624829,13:01:00,Pedestrian,1,NA,1,BROAD ST,SERVICE ROAD 7,2017-09-23,One-Way Trafficway,Dry,Daylight,Clear,Not a Collision Between Two Motor Vehicles in Transport,No,Traffic Control Signal,3,1,Complains Of Pain,NA,41.81736,-71.41696,FALSE,FALSE,"Broad Street and Service Road 7, Providence, RI, USA",FALSE,-71.4200451,41.8199608,route,geometric_center,"service rd 1, providence, ri, usa","Broad Street & Service Road 7th, Providence, RI, USA",EjRCcm9hZCBTdHJlZXQgJiBTZXJ2aWNlIFJvYWQgN3RoLCBQcm92aWRlbmNlLCBSSSwgVVNBImYiZAoUChIJbbRukG1F5IkRg0XEjUgVvRgSFAoSCW20bpBtReSJEYNFxI1IFb0YGhQKEgmD3n3VjE_kiREsosqTmEsIoxoUChIJB3h0QnZF5IkRyxFdBkwhBUwiCg0k0-wYFUejbtU,41.8173732,-71.4169529,41.8173732,-71.4169529,Med,1.583084453358004,FALSE,TRUE
1537,2017-09-23,625212,19:39:00,Bicycle,NA,1,1,1000 Elmwood Ave,ROSE AVE,2017-09-23,"Two-Way, Divided, Unprotected (painted>4feet) Medium",Dry,Dark - Lighted,Clear,Not a Collision Between Two Motor Vehicles in Transport,No,No Controls,2,0,No Injury,NA,41.78427,-71.41877,TRUE,FALSE,"1000 Elmwood Ave, Providence, RI, USA",FALSE,-71.42028619999999,41.7792003,street_address,rooftop,"1000 elmwood ave, providence, ri 02907, usa",NA,NA,NA,NA,41.7792003,-71.42028619999999,High,578.2203044758472,FALSE,FALSE
1538,2017-09-22,624629,19:19:00,Pedestrian,1,NA,1,LINWOOD AVE,DEXTER ST,2017-09-22,"Two-Way, Divided, Unprotected (painted>4feet) Medium",Wet,Dark - Lighted,Rain,Not a Collision Between Two Motor Vehicles in Transport,"Yes, M/V and Driver Left Scene",No Controls,1,1,Complains Of Pain,NA,41.80536,-71.42958,FALSE,FALSE,"Linwood Ave and Dexter Street, Providence, RI, USA",FALSE,-71.4295867,41.80537640000001,intersection,geometric_center,"linwood ave & dexter st, providence, ri 02907, usa",NA,NA,NA,NA,41.80537640000001,-71.4295867,Med High,1.9084159127256184,FALSE,FALSE
1539,2017-09-22,624633,21:34:00,Pedestrian,1,NA,1,BRADFORD ST,ATWELLS AVE,2017-09-22,"Two-Way, Divided, Unprotected (painted>4feet) Medium",Wet,Dark - Lighted,Rain,Not a Collision Between Two Motor Vehicles in Transport,"Yes, M/V and Driver Left Scene",No Controls,1,1,Complains Of Pain,NA,41.82323,-71.42178,FALSE,FALSE,"Bradford Street and Atwells Ave, Providence, RI, USA",FALSE,-71.42178969999999,41.8232404,intersection,geometric_center,"atwells ave & bradford st, providence, ri 02903, usa",NA,NA,NA,NA,41.8232404,-71.42178969999999,Med High,1.409900510072912,FALSE,FALSE
1540,2017-09-21,623943,11:28:00,Pedestrian,1,NA,1,Manton Ave,RIDGEWAY AVE,2017-09-21,"Two-Way , Not Divided",Dry,Daylight,Clear,"Sidwswipe, Opposite Direction",No,No Controls,3,1,Complains Of Pain,NA,41.82721,-71.46093,FALSE,FALSE,"Manton Ave and Ridgeway Ave, Providence, RI, USA",FALSE,-71.46110759999999,41.8274206,intersection,geometric_center,"manton ave & ridgeway ave, providence, ri 02909, usa",NA,NA,NA,NA,41.8274206,-71.46110759999999,Med High,27.68841770300852,FALSE,FALSE
1541,2017-09-21,623974,16:03:00,Bicycle,NA,1,1,PARK ROW E,CANAL ST,2017-09-21,"Two-Way , Not Divided",Dry,Daylight,Clear,"Sideswipe, Same Direction",No,No Controls,3,0,No Injury,NA,41.82846,-71.41071,FALSE,FALSE,"Park Row E and Canal Street, Providence, RI, USA",FALSE,-71.4106907,41.8284695,intersection,geometric_center,"park row w & canal st, providence, ri 02903, usa",NA,NA,NA,NA,41.8284695,-71.4106907,Med High,1.918676662829047,FALSE,FALSE
1542,2017-09-20,623878,16:50:00,Pedestrian,1,NA,1,EXCHANGE TER,Dorrance St,2017-09-21,"Two-Way, Divided, Positive Median Barrier",Dry,Daylight,Clear,Other,No,Traffic Control Signal,2,1,Complains Of Pain,NA,41.82503,-71.4148,FALSE,FALSE,"Exchange Ter and Dorrance Street, Providence, RI, USA",FALSE,-71.4113407,41.8233534,route,geometric_center,"dorrance st, providence, ri 02903, usa",NA,NA,NA,NA,41.8233534,-71.4113407,Med,342.3197456541777,FALSE,FALSE
1543,2017-09-18,622530,19:24:00,Bicycle,NA,1,1,Potters Avenue and Broad Street,BROAD ST,2017-09-18,"Two-Way , Not Divided",Dry,Dark - Lighted,Clear,Angle (Front - to - Side) Opposite Direction,No,Traffic Control Signal,2,1,Complains Of Pain,NA,41.80297,-71.41893,FALSE,FALSE,"Potters Avenue And Broad Street and Broad Street, Providence, RI, USA",FALSE,-71.4189101,41.80299300000001,intersection,geometric_center,"potters ave & broad st, providence, ri 02905, usa",NA,NA,NA,NA,41.80299300000001,-71.4189101,Med High,3.0466904660817917,FALSE,FALSE
1544,2017-09-17,621639,01:56:00,Pedestrian,1,NA,1,ATWELLS AVE,EUTAW ST,2017-09-17,"Two-Way , Not Divided",Dry,Dark - Lighted,Clear,Not a Collision Between Two Motor Vehicles in Transport,"Yes, M/V and Driver Left Scene",No Controls,1,0,No Injury,NA,41.82353,-71.42605,FALSE,FALSE,"Atwells Ave and Eutaw Street, Providence, RI, USA",FALSE,-71.4263084,41.8235618,intersection,geometric_center,"eutaw st & atwells ave, providence, ri 02903, usa",NA,NA,NA,NA,41.8235618,-71.4263084,Med High,21.72603758421731,FALSE,FALSE
1545,2017-09-16,621159,01:52:00,Bicycle,NA,1,2,PUTNAM ST,HALE ST,2017-09-16,"Two-Way , Not Divided",Dry,Dark - Lighted,Clear,Not a Collision Between Two Motor Vehicles in Transport,No,No Controls,4,1,Incapacitating,NA,41.82384,-71.44389,FALSE,FALSE,"Putnam Street and Hale Street, Providence, RI, USA",FALSE,-71.443871,41.823948,intersection,geometric_center,"hale st & putnam st, providence, ri 02909, usa",NA,NA,NA,NA,41.823948,-71.443871,Med High,12.125380950382771,FALSE,FALSE
1546,2017-09-16,621490,18:35:00,Bicycle,NA,1,1,HUNTINGTON AVE,PLYMOUTH ST,2017-09-16,"Two-Way , Not Divided",Dry,Dusk,Clear,"Sidwswipe, Opposite Direction",No,Stop Signs,3,1,Complains Of Pain,NA,41.80115,-71.43221,FALSE,FALSE,"Huntington Ave and Plymouth Street, Providence, RI, USA",FALSE,-71.432198,41.801147,intersection,geometric_center,"plymouth st & huntington ave, providence, ri 02907, usa",NA,NA,NA,NA,41.801147,-71.432198,Med High,1.05032104315827,FALSE,FALSE
1547,2017-09-16,621610,19:02:00,Pedestrian,1,NA,1,Smith Street,Pinehurst Avenue,2017-09-16,"Two-Way , Not Divided",Dry,Dark - Lighted,Clear,Not a Collision Between Two Motor Vehicles in Transport,No,No Controls,2,1,Incapacitating,NA,41.8373,-71.43289,FALSE,FALSE,"Smith Street and Pinehurst Avenue, Providence, RI, USA",FALSE,-71.4328469,41.8372933,intersection,geometric_center,"smith st & pinehurst ave, providence, ri 02908, usa",NA,NA,NA,NA,41.8372933,-71.4328469,Med High,3.6515951536292164,FALSE,FALSE
1548,2017-09-15,620596,09:05:00,Bicycle,NA,1,1,CARRINGTON AVE,HOPE ST,2017-09-15,"Two-Way, Divided, Unprotected (painted>4feet) Medium",Dry,Daylight,Clear,Other,"Yes, M/V and Driver Left Scene",No Controls,2,1,Non-Incapacitating,NA,41.83658,-71.40118,FALSE,FALSE,"Carrington Ave and Hope Street, Providence, RI, USA",FALSE,-71.4011759,41.8365813,intersection,geometric_center,"hope st & carrington ave, providence, ri 02906, usa",NA,NA,NA,NA,41.8365813,-71.4011759,Med High,0.369561095658301,FALSE,FALSE
1549,2017-09-15,620603,09:07:00,Bicycle,NA,1,1,WARRINGTON AVE,ELMWOOD AVE,2017-09-15,"Two-Way, Divided, Positive Median Barrier",Dry,Daylight,Clear,Angle (Front - to - Side) Right Angle (Includes Broadside),No,Stop Signs,3,1,Complains Of Pain,NA,41.82267,-71.46053,FALSE,FALSE,"Warrington Ave and Elmwood Ave, Providence, RI, USA",FALSE,-71.4236779,41.79333020000001,intersection,geometric_center,"warrington st & elmwood ave, providence, ri 02907, usa",NA,NA,NA,NA,41.79333020000001,-71.4236779,Med High,4474.109814369571,FALSE,FALSE
1550,2017-09-15,620624,10:53:00,Bicycle,NA,1,1,ELMWOOD AVE,PEACE ST,2017-09-15,"Two-Way, Divided, Unprotected (painted>4feet) Medium",Dry,Daylight,Clear,Not a Collision Between Two Motor Vehicles in Transport,"Yes, M/V and Driver Left Scene",Traffic Control Signal,1,1,Complains Of Pain,NA,41.80655,-71.42494,FALSE,FALSE,"Elmwood Ave and Peace Street, Providence, RI, USA",FALSE,-71.4249572,41.8065686,intersection,geometric_center,"peace st & elmwood ave, providence, ri 02907, usa",NA,NA,NA,NA,41.8065686,-71.4249572,Med High,2.514773148377141,FALSE,FALSE
1551,2017-09-15,620685,14:32:00,Pedestrian,1,NA,1,Pleasant Valley Pkwy,Valley Street,2017-09-15,One-Way Trafficway,Dry,Daylight,Clear,Not a Collision Between Two Motor Vehicles in Transport,No,No Controls,3,1,Complains Of Pain,NA,41.83076,-71.4281,FALSE,FALSE,"Pleasant Valley Pkwy and Valley Street, Providence, RI, USA",FALSE,-71.428457,41.8314131,intersection,geometric_center,"valley st & pleasant valley pkwy, providence, ri 02908, usa",NA,NA,NA,NA,41.8314131,-71.428457,Med High,78.50184583342187,FALSE,FALSE
1552,2017-09-15,620994,20:11:00,Bicycle,NA,1,1,EXIT 22A (RT ),FRANCIS ST,2017-09-15,One-Way Trafficway,Dry,Dark - Lighted,Clear,Other,No,Traffic Control Signal,2,1,Complains Of Pain,NA,41.82577,-71.41527,FALSE,FALSE,"Exit 22a (Rt ) and Francis Street, Providence, RI, USA",FALSE,-71.4153409,41.8284747,route,geometric_center,"francis st, providence, ri, usa",NA,NA,NA,NA,41.8284747,-71.4153409,Med,301.1432612289948,FALSE,FALSE
1553,2017-09-12,619234,07:40:00,Bicycle,NA,1,1,POTTERS AVE,CRANSTON ST,2017-09-12,"Two-Way , Not Divided",Dry,Daylight,Clear,Not a Collision Between Two Motor Vehicles in Transport,No,Other,4,1,Complains Of Pain,NA,41.80502,-71.4377,FALSE,FALSE,"Potters Ave and Cranston Street, Providence, RI, USA",FALSE,-71.43779049999999,41.8050672,intersection,geometric_center,"potters ave & cranston st, providence, ri 02909, usa",NA,NA,NA,NA,41.8050672,-71.43779049999999,Med High,9.165270907038892,FALSE,FALSE
1554,2017-09-12,619243,09:22:00,Bicycle,NA,1,1,CRARY STREET,EDDY STREET,2017-09-12,One-Way Trafficway,Dry,Daylight,Clear,Not a Collision Between Two Motor Vehicles in Transport,No,Traffic Control Signal,3,1,Complains Of Pain,2,41.82004,-71.43725,FALSE,FALSE,"Crary Street and Eddy Street, Providence, RI, USA",FALSE,-71.4072274,41.8059506,route,geometric_center,"eddy st, providence, ri, usa",NA,NA,NA,NA,41.8059506,-71.4072274,Med,2943.6015942266567,FALSE,FALSE