row_number,crash_date,crash_report_id,crash_time,collision_type,count_pedestrian,count_bicycle,number_of_vehicles,street_or_highway,nearest_intersection,report_date,type_of_roadway,road_surface_condition,light_condition,weather_condition,manner_of_impact,hit_and_run,traffic_control,person_count,injury_count,most_serious_injury,number_of_lanes,lat_raw,lon_raw,has_st_number,is_intersection_null,address_sent_to_geocoder,is_address_blank,lon_api_first_try,lat_api_first_try,type,loctype,address_returned_by_geocoder,address_returned_by_autocomplete,place_ids_autocompleted,lat_api_second_try,lon_api_second_try,lat_api_best,lon_api_best,api_coord_conf,distance_btwn_coords_meters,scooter,wheel_chair
1555,2017-09-11,619034,19:20:00,Bicycle,1,1,1,chapin ave,ELLERY ST,2017-09-11,"Two-Way , Not Divided",Dry,Dawn,Clear,"Sidwswipe, Opposite Direction","Yes, M/V and Driver Left Scene",No Controls,3,0,No Injury,NA,41.81188,-71.43817,FALSE,FALSE,"Chapin Ave and Ellery Street, Providence, RI, USA",FALSE,-71.438164,41.811886,intersection,geometric_center,"ellery st & chapin ave, providence, ri 02909, usa",NA,NA,NA,NA,41.811886,-71.438164,Med High,0.8330315068419482,FALSE,FALSE
1556,2017-09-10,618207,14:09:00,Bicycle,NA,1,1,RANKIN STREET,WHITFORD STREET,2017-09-10,"Two-Way , Not Divided",Dry,Daylight,Clear,Not a Collision Between Two Motor Vehicles in Transport,No,Stop Signs,3,1,Complains Of Pain,NA,41.8386,-71.43575,FALSE,FALSE,"Rankin Street and Whitford Street, Providence, RI, USA",FALSE,-71.4448616,41.8389717,route,geometric_center,"whitford ave, providence, ri 02908, usa","Rankin Avenue & Whitford Avenue, Providence, RI, USA",EjRSYW5raW4gQXZlbnVlICYgV2hpdGZvcmQgQXZlbnVlLCBQcm92aWRlbmNlLCBSSSwgVVNBImYiZAoUChIJySm6_K1F5IkRNVbBZWAUu1USFAoSCckpuvytReSJETVWwWVgFLtVGhQKEgnXLbXMr0XkiRG10ND37BHopBoUChIJOzWkeLFF5IkRqPqUbcikNYQiCg0sJfAYFRjzatU,41.839134,-71.441124,41.839134,-71.441124,Med,449.64294905374027,FALSE,FALSE
1557,2017-09-10,618417,16:34:00,Pedestrian,1,NA,1,217 Hanover St,CRANSTON ST,2017-09-10,"Two-Way , Not Divided",Dry,Daylight,Clear,Not a Collision Between Two Motor Vehicles in Transport,No,No Controls,2,1,Complains Of Pain,NA,41.8094,-71.4333,TRUE,FALSE,"217 Hanover Street, Providence, RI, USA",FALSE,-71.43297439999999,41.8094699,premise,rooftop,"217 hanover st, providence, ri 02907, usa",NA,NA,NA,NA,41.8094699,-71.43297439999999,High,28.114519297112352,FALSE,FALSE
1558,2017-09-09,617696,15:04:00,Bicycle,NA,1,1,Grand St,POTTERS AVE,2017-09-09,"Two-Way , Not Divided",Dry,Daylight,Clear,Angle (Front - to - Side) Same Direction,"Yes, M/V and Driver Left Scene",No Controls,3,1,Complains Of Pain,NA,41.80295,-71.4319,FALSE,FALSE,"Grand Street and Potters Ave, Providence, RI, USA",FALSE,-71.4319158,41.8029682,intersection,geometric_center,"potters ave & grand st, providence, ri 02907, usa",NA,NA,NA,NA,41.8029682,-71.4319158,Med High,2.4132482515213107,FALSE,FALSE
1559,2017-09-08,617447,16:47:00,Pedestrian,1,NA,1,EXIT 22A (RT ),FRANCIS ST,2017-09-08,"Two-Way , Not Divided",Dry,Daylight,Clear,Other,No,Traffic Control Signal,5,1,Complains Of Pain,NA,41.82577,-71.41527,FALSE,FALSE,"Exit 22a (Rt ) and Francis Street, Providence, RI, USA",FALSE,-71.4153409,41.8284747,route,geometric_center,"francis st, providence, ri, usa",NA,NA,NA,NA,41.8284747,-71.4153409,Med,301.1432612289948,FALSE,FALSE
1560,2017-09-06,615884,07:07:00,Pedestrian,1,NA,1,EMPIRE ST,CHAPEL ST,2017-09-06,"Two-Way , Not Divided",Dry,Daylight,Cloudy,Not a Collision Between Two Motor Vehicles in Transport,No,No Controls,2,1,Non-Incapacitating,NA,41.82072,-71.415,FALSE,FALSE,"Empire Street and Chapel Street, Providence, RI, USA",FALSE,-71.4147732,41.82053860000001,intersection,geometric_center,"chapel st & empire st, providence, ri 02903, usa",NA,NA,NA,NA,41.82053860000001,-71.4147732,Med High,27.60040046290902,FALSE,FALSE
1561,2017-09-05,615787,20:20:00,Pedestrian,1,NA,1,Manton Ave,Olneyville Square,2017-09-05,"Two-Way, Divided, Positive Median Barrier",Dry,Dark - Lighted,Clear,Not a Collision Between Two Motor Vehicles in Transport,"Yes, M/V and Driver Left Scene",No Controls,3,1,Incapacitating,NA,41.81677,-71.44355,FALSE,FALSE,"Manton Ave and Olneyville Square, Providence, RI, USA",FALSE,-71.4434849,41.8167835,route,geometric_center,"olneyville square, providence, ri 02909, usa",NA,NA,NA,NA,41.8167835,-71.4434849,Med,5.606154981791263,FALSE,FALSE
1562,2017-09-01,613563,22:37:00,Pedestrian,1,NA,1,LENOX AVE,MELROSE ST,2017-09-01,"Two-Way , Not Divided",Dry,Dark - Lighted,Clear,Not a Collision Between Two Motor Vehicles in Transport,No,No Controls,4,1,Complains Of Pain,1,41.79617,-71.42166,FALSE,FALSE,"Lenox Ave and Melrose Street, Providence, RI, USA",FALSE,-71.42163710000001,41.79618929999999,intersection,geometric_center,"melrose st & lenox ave, providence, ri 02907, usa",NA,NA,NA,NA,41.79618929999999,-71.42163710000001,Med High,2.868410728690518,FALSE,FALSE
1563,2017-08-29,611281,20:16:00,Pedestrian,1,NA,1,HARTFORD AVE,GLENBRIDGE AVE,2017-08-29,"Two-Way , Not Divided",Dry,Dark - Lighted,Clear,Not a Collision Between Two Motor Vehicles in Transport,No,Traffic Control Signal,3,1,Complains Of Pain,2,41.81898,-71.46162,FALSE,FALSE,"Hartford Ave and Glenbridge Ave, Providence, RI, USA",FALSE,-71.46158179999999,41.8190078,intersection,geometric_center,"glenbridge ave & hartford ave, providence, ri 02909, usa",NA,NA,NA,NA,41.8190078,-71.46158179999999,Med High,4.429493619123734,FALSE,FALSE
1564,2017-08-28,610604,14:04:00,Pedestrian,1,NA,1,ATWELLS AVE,DEAN ST,2017-08-28,"Two-Way, Divided, Unprotected (painted>4feet) Medium",Dry,Daylight,Clear,Not a Collision Between Two Motor Vehicles in Transport,No,Traffic Control Signal,3,1,Complains Of Pain,NA,41.82339,-71.4242,FALSE,FALSE,"Atwells Ave and Dean Street, Providence, RI, USA",FALSE,-71.4242155,41.8234078,intersection,geometric_center,"atwells ave & dean st, providence, ri 02903, usa",NA,NA,NA,NA,41.8234078,-71.4242155,Med High,2.3621190603671844,FALSE,FALSE
1565,2017-08-27,610375,19:00:00,Bicycle,NA,1,1,FRANCIS ST,GASPEE ST,2017-08-27,"Two-Way, Not Divided With a Continuous Left Turn Lane",Dry,Dusk,Clear,Rear End(Front-to-Rear),"Yes, M/V and Driver Left Scene",No Controls,1,0,No Injury,NA,41.82916,-71.41506,FALSE,FALSE,"Francis Street and Gaspee Street, Providence, RI, USA",FALSE,-71.413218,41.8298918,route,geometric_center,"gaspee st, providence, ri 02903, usa",NA,NA,NA,NA,41.8298918,-71.413218,Med,173.1503236903499,FALSE,FALSE
1566,2017-08-24,608931,14:09:00,Bicycle,NA,1,1,ATWELLS AVE,EUTAW ST,2017-08-24,"Two-Way , Not Divided",Dry,Daylight,Clear,Not a Collision Between Two Motor Vehicles in Transport,"Yes, M/V and Driver Left Scene",No Controls,2,1,Non-Incapacitating,NA,41.82352,-71.42591,FALSE,FALSE,"Atwells Ave and Eutaw Street, Providence, RI, USA",FALSE,-71.4263084,41.8235618,intersection,geometric_center,"eutaw st & atwells ave, providence, ri 02903, usa",NA,NA,NA,NA,41.8235618,-71.4263084,Med High,33.375437406695205,FALSE,FALSE
1567,2017-08-24,609208,22:47:00,Pedestrian,1,NA,1,cranston st,BURGESS ST,2017-08-25,"Two-Way , Not Divided",Dry,Dark - Lighted,Clear,Not a Collision Between Two Motor Vehicles in Transport,No,Pavement Markings,3,0,No Injury,2,41.81518,-71.42502,FALSE,FALSE,"Cranston Street and Burgess Street, Providence, RI, USA",FALSE,-71.3504737,41.8978375,route,geometric_center,"burgess st, rhode island, usa",NA,NA,NA,NA,41.8978375,-71.3504737,Med,11084.600656775976,FALSE,FALSE
1568,2017-08-22,608059,17:16:00,Bicycle,NA,1,1,WICKENDEN ST,BROOK ST,2017-08-22,"Two-Way , Not Divided",Dry,Daylight,Clear,Not a Collision Between Two Motor Vehicles in Transport,No,Traffic Control Signal,3,1,Complains Of Pain,NA,41.81947,-71.39831,FALSE,FALSE,"Wickenden Street and Brook Street, Providence, RI, USA",FALSE,-71.3982534,41.8194797,intersection,geometric_center,"wickenden st & brook st, providence, ri 02903, usa",NA,NA,NA,NA,41.8194797,-71.3982534,Med High,4.818136676438746,FALSE,FALSE
1569,2017-08-22,608412,19:11:00,Bicycle,NA,1,1,CUSHING ST,BROOK ST,2017-08-22,"Two-Way , Not Divided",Dry,Daylight,Clear,Other,No,Stop Signs,4,1,Non-Incapacitating,2,41.83011,-71.39971,FALSE,FALSE,"Cushing Street and Brook Street, Providence, RI, USA",FALSE,-71.3997146,41.8301183,intersection,geometric_center,"cushing st & brook st, providence, ri 02906, usa",NA,NA,NA,NA,41.8301183,-71.3997146,Med High,0.9996359402094518,FALSE,FALSE
1570,2017-08-21,607678,17:50:00,Bicycle,NA,1,1,REYNOLDS AVE,GORDON AVE,2017-08-21,"Two-Way , Not Divided",Dry,Daylight,Clear,"Sidwswipe, Opposite Direction",No,No Controls,2,0,No Injury,NA,41.80438,-71.41611,FALSE,FALSE,"Reynolds Ave and Gordon Ave, Providence, RI, USA",FALSE,-71.416031,41.804398,intersection,geometric_center,"gordon ave & reynolds ave, providence, ri 02905, usa",NA,NA,NA,NA,41.804398,-71.416031,Med High,6.854843913686876,FALSE,FALSE
1571,2017-08-19,606201,09:50:00,Bicycle,NA,1,1,BROAD ST,HAWTHORNE AVE,2017-08-19,"Two-Way , Not Divided",Dry,Daylight,Clear,Not a Collision Between Two Motor Vehicles in Transport,No,Traffic Control Signal,4,0,No Injury,NA,41.79287,-71.40805,FALSE,FALSE,"Broad Street and Hawthorne Ave, Providence, RI, USA",FALSE,-71.4104423,41.7910141,route,geometric_center,"hawthorne ave, providence, ri 02907, usa","Broad Street & Hawthorne Ave, Providence, RI, USA",EjFCcm9hZCBTdHJlZXQgJiBIYXd0aG9ybmUgQXZlLCBQcm92aWRlbmNlLCBSSSwgVVNBImYiZAoUChIJ_-oc5IxP5IkRuq_6f6izFwISFAoSCf_qHOSMT-SJEbqv-n-osxcCGhQKEgmD3n3VjE_kiREsosqTmEsIoxoUChIJi_WbmpFP5IkRqe7Z_d5cpCEiCg0yFukYFTX_b9U,41.7928754,-71.40804589999999,41.7928754,-71.40804589999999,Med,0.6907549268861036,FALSE,FALSE
1572,2017-08-17,605505,19:38:00,Bicycle,1,NA,1,CHARLES ST,NAHANT ST,2017-08-17,"Two-Way , Not Divided",Dry,Dusk,Clear,Not a Collision Between Two Motor Vehicles in Transport,No,No Controls,3,1,Non-Incapacitating,NA,41.85276,-71.42037,FALSE,FALSE,"Charles Street and Nahant Street, Providence, RI, USA",FALSE,-71.4203488,41.8527642,intersection,geometric_center,"charles st & nahant st, providence, ri 02904, usa",NA,NA,NA,NA,41.8527642,-71.4203488,Med High,1.818968515047158,FALSE,FALSE
1573,2017-08-16,604855,15:31:00,Pedestrian,1,NA,1,100 FRANCIS ST,NA,2017-08-16,"Two-Way , Not Divided",Dry,Daylight,Clear,Not a Collision Between Two Motor Vehicles in Transport,"Yes, M/V and Driver Left Scene",No Controls,1,1,Complains Of Pain,NA,41.82971,-71.41594,TRUE,TRUE,"100 Francis Street, Providence, RI, USA",FALSE,-71.415882,41.8260966,street_address,rooftop,"100 francis st, providence, ri 02903, usa",NA,NA,NA,NA,41.8260966,-71.415882,High,402.27061900609806,FALSE,FALSE
1574,2017-08-15,604280,19:52:00,Bicycle,NA,1,1,Broadway,WESTMINSTER ST,2017-08-15,"Two-Way, Divided, Unprotected (painted>4feet) Medium",Dry,Dark - Lighted,Clear,Other,"Yes, M/V and Driver Left Scene",Traffic Control Signal,2,1,Complains Of Pain,NA,41.81675,-71.44128,FALSE,FALSE,"Broadway and Westminster Street, Providence, RI, USA",FALSE,-71.4257801,41.8171825,route,geometric_center,"westminster st, providence, ri, usa","Broadway & Westminster Street, Providence, RI, USA",EjJCcm9hZHdheSAmIFdlc3RtaW5zdGVyIFN0cmVldCwgUHJvdmlkZW5jZSwgUkksIFVTQSJmImQKFAoSCWVkWJyaReSJEbYjTHSaP1XMEhQKEgllZFicmkXkiRG2I0x0mj9VzBoUChIJpbXlhnVF5IkRGsIzsdekb7MaFAoSCf17EuZ0ReSJEcWGNOX-huwAIgoNcrbsGBWV3mrV,41.8166386,-71.44164909999999,41.8166386,-71.44164909999999,Med,33.037871516872144,FALSE,FALSE
1575,2017-08-12,602850,06:45:00,Pedestrian,1,NA,1,Amtrak railroad track,ricom way,2017-08-12,Unknown,Wet,Daylight,Clear,Not a Collision Between Two Motor Vehicles in Transport,No,Warning Signs,3,1,Incapacitating,NA,41.81093,-71.44223,FALSE,FALSE,"Amtrak Railroad Track and Ricom Way, Providence, RI, USA",FALSE,-71.4421975,41.8109564,route,geometric_center,"ricom way, providence, ri 02909, usa",NA,NA,NA,NA,41.8109564,-71.4421975,Med,3.988523208016553,FALSE,FALSE
1576,2017-08-12,602970,15:20:00,Bicycle,NA,1,1,1280 BROAD ST,VERNDALE ST,2017-08-12,"Two-Way , Not Divided",Dry,Daylight,Clear,Not a Collision Between Two Motor Vehicles in Transport,No,No Controls,2,0,No Injury,NA,41.79188,-71.40682,TRUE,FALSE,"1280 Broad Street, Providence, RI, USA",FALSE,-71.4058967,41.7919484,premise,rooftop,"1280 broad st, providence, ri 02905, usa",NA,NA,NA,NA,41.7919484,-71.4058967,High,77.00800752209345,FALSE,FALSE
1577,2017-08-10,602192,21:55:00,Bicycle,NA,1,1,MANTON AVE,SALMON ST,2017-08-10,"Two-Way , Not Divided",Dry,Dark - Lighted,Clear,Not a Collision Between Two Motor Vehicles in Transport,No,Traffic Control Signal,2,1,Complains Of Pain,NA,41.82524,-71.45427,FALSE,FALSE,"Manton Ave and Salmon Street, Providence, RI, USA",FALSE,-71.4539247,41.82510970000001,intersection,geometric_center,"salmon st & manton ave, providence, ri 02909, usa",NA,NA,NA,NA,41.82510970000001,-71.4539247,Med High,32.10702048022465,FALSE,FALSE
1578,2017-08-09,601584,06:52:00,Bicycle,NA,1,1,RIVER AVE,EATON ST,2017-08-09,"Two-Way , Not Divided",Dry,Daylight,Clear,Angle (Front - to - Side) Same Direction,No,Traffic Control Signal,2,1,Complains Of Pain,NA,41.84309,-71.4405,FALSE,FALSE,"River Ave and Eaton Street, Providence, RI, USA",FALSE,-71.4405101,41.8431147,intersection,geometric_center,"eaton st & river ave, providence, ri 02908, usa",NA,NA,NA,NA,41.8431147,-71.4405101,Med High,2.8743378130273824,FALSE,FALSE
1579,2017-08-09,601758,13:40:00,Pedestrian,1,NA,1,HARTFORD AVE,BODELL AVE,2017-08-09,"Two-Way, Divided, Unprotected (painted>4feet) Medium",Dry,Daylight,Clear,Not a Collision Between Two Motor Vehicles in Transport,No,Traffic Control Signal,4,1,Fatal,NA,41.81763,-71.45362,FALSE,FALSE,"Hartford Ave and Bodell Ave, Providence, RI, USA",FALSE,-71.4539423,41.81767929999999,intersection,geometric_center,"bodell ave & hartford ave, providence, ri 02909, usa",NA,NA,NA,NA,41.81767929999999,-71.4539423,Med High,27.296408705601017,FALSE,FALSE
1580,2017-08-09,601836,22:02:00,Pedestrian,1,NA,1,FRANCIS ST,Finance Way,2017-08-09,"Two-Way , Not Divided",Dry,Dark - Lighted,Clear,Not a Collision Between Two Motor Vehicles in Transport,No,Traffic Control Signal,5,1,Complains Of Pain,4,41.82747,-71.4154,FALSE,FALSE,"Francis Street and Finance Way, Providence, RI, USA",FALSE,-71.4141847,41.8276529,route,geometric_center,"finance way, providence, ri 02903, usa","Francis Street & Finance Way, Providence, RI, USA",EjFGcmFuY2lzIFN0cmVldCAmIEZpbmFuY2UgV2F5LCBQcm92aWRlbmNlLCBSSSwgVVNBImYiZAoUChIJV0u8VBBF5IkRSbWudbN2R1USFAoSCVdLvFQQReSJEUm1rnWzdkdVGhQKEgnjCiVZEEXkiREJ12uSbA5CmxoUChIJTVXC7xBF5IkRh9pEKJ3E5UwiCg3zXO4YFdnfbtU,41.8274547,-71.4154023,41.8274547,-71.4154023,Med,1.7138405329736053,FALSE,FALSE
1581,2017-08-09,601842,23:51:00,Pedestrian,1,NA,1,105 SISSON ST,ACTINIA ST,2017-08-10,Unknown,Dry,Dark - Lighted,Clear,Not a Collision Between Two Motor Vehicles in Transport,"Yes, M/V and Driver Left Scene",No Controls,2,0,No Injury,NA,41.82846,-71.45537,TRUE,FALSE,"105 Sisson Street, Providence, RI, USA",FALSE,-71.4552372,41.8284634,premise,rooftop,"105 sisson st, providence, ri 02909, usa",NA,NA,NA,NA,41.8284634,-71.4552372,High,11.022146145313194,FALSE,FALSE
1582,2017-08-07,600485,13:25:00,Bicycle,NA,1,1,BROAD ST,OXFORD ST,2017-08-07,"Two-Way, Divided, Unprotected (painted>4feet) Medium",Dry,Daylight,Clear,Angle (Front - to - Side) Right Angle (Includes Broadside),No,Traffic Control Signal,4,1,Complains Of Pain,NA,41.80042,-71.41741,FALSE,FALSE,"Broad Street and Oxford Street, Providence, RI, USA",FALSE,-71.4098094,41.8023702,route,geometric_center,"oxford st, providence, ri 02905, usa","Broad Street & Oxford Street, Providence, RI, USA",EjFCcm9hZCBTdHJlZXQgJiBPeGZvcmQgU3RyZWV0LCBQcm92aWRlbmNlLCBSSSwgVVNBImYiZAoUChIJh-FuDohP5IkRI2IsCmv-T0ESFAoSCYfhbg6IT-SJESNiLApr_k9BGhQKEgmD3n3VjE_kiREsosqTmEsIoxoUChIJGaMJqWFF5IkRUr1E8WrWZNciCg0WPuoYFfqPbtU,41.8004502,-71.417447,41.8004502,-71.417447,Med,4.552994597684929,FALSE,FALSE
1583,2017-08-05,599944,02:26:00,Pedestrian,1,NA,1,BROAD ST,HARVARD AVE,2017-08-05,"Two-Way , Not Divided",Dry,Dark - Lighted,Cloudy,Other,"Yes, M/V and Driver Left Scene",No Controls,3,1,Incapacitating,NA,41.80872,-71.42072,FALSE,FALSE,"Broad Street and Harvard Ave, Providence, RI, USA",FALSE,-71.4195976,41.8086139,route,geometric_center,"harvard ave, providence, ri 02907, usa","Broad Street & Harvard Ave, Providence, RI, USA",Ei9Ccm9hZCBTdHJlZXQgJiBIYXJ2YXJkIEF2ZSwgUHJvdmlkZW5jZSwgUkksIFVTQSJmImQKFAoSCX17gAZ7ReSJEfAd7KV6lYkhEhQKEgl9e4AGe0XkiRHwHeylepWJIRoUChIJg9591YxP5IkRLKLKk5hLCKMaFAoSCRc_ESF7ReSJEZYBayjYu4EeIgoNcHzrGBUWEm7V,41.8086,-71.4206698,41.8086,-71.4206698,Med,13.992684891287478,FALSE,FALSE
1584,2017-08-05,600049,14:17:00,Pedestrian,1,NA,1,24 Corliss St,CHARLES ST,2017-08-05,One-Way Trafficway,Dry,Daylight,Clear,Not a Collision Between Two Motor Vehicles in Transport,"Yes, M/V and Driver Left Scene",Stop Signs,1,1,Complains Of Pain,1,41.84008,-71.41313,TRUE,FALSE,"24 Corliss Street, Providence, RI, USA",FALSE,-71.41377240000001,41.8403059,street_address,rooftop,"24 corliss st, providence, ri 02904, usa",NA,NA,NA,NA,41.8403059,-71.41377240000001,High,58.91339958126041,FALSE,FALSE
1585,2017-08-05,600073,16:49:00,Bicycle,NA,1,1,Academy Ave/Dover St,ACADEMY AVE,2017-08-05,"Two-Way , Not Divided",Wet,Daylight,Rain,Not a Collision Between Two Motor Vehicles in Transport,No,Stop Signs,3,1,Complains Of Pain,NA,41.83004,-71.44416,FALSE,FALSE,"Academy Ave/Dover Street and Academy Ave, Providence, RI, USA",FALSE,-71.4441731,41.8300641,intersection,geometric_center,"dover st & academy ave, providence, ri 02908, usa",NA,NA,NA,NA,41.8300641,-71.4441731,Med High,2.894499716021302,FALSE,FALSE
1586,2017-08-04,599821,19:19:00,Bicycle,NA,1,1,CARPENTER ST,DEAN ST,2017-08-04,"Two-Way , Not Divided",Dry,Daylight,Clear,Not a Collision Between Two Motor Vehicles in Transport,No,Stop Signs,3,0,No Injury,NA,41.82061,-71.42189,FALSE,FALSE,"Carpenter Street and Dean Street, Providence, RI, USA",FALSE,-71.4218937,41.82062759999999,intersection,geometric_center,"carpenter st & dean st, providence, ri 02903, usa",NA,NA,NA,NA,41.82062759999999,-71.4218937,Med High,1.9831219958025963,FALSE,FALSE
1587,2017-08-03,599527,12:00:00,Pedestrian,1,NA,1,BARROWS ST,HARLAM ST,2017-08-03,"Two-Way, Divided, Unprotected (painted>4feet) Medium",Dry,Daylight,Clear,Other,No,No Controls,3,1,Complains Of Pain,NA,41.81226,-71.45721,FALSE,FALSE,"Barrows Street and Harlam Street, Providence, RI, USA",FALSE,-71.4570581,41.8122,intersection,geometric_center,"harlam st & barrows st, providence, ri 02909, usa",NA,NA,NA,NA,41.8122,-71.4570581,Med High,14.263630843510416,FALSE,FALSE
1588,2017-08-01,598305,11:55:00,Pedestrian,1,NA,1,N MAIN ST,WALGREENS PHARMACY PARKING LOT,2017-08-01,Unknown,Dry,Daylight,Clear,Not a Collision Between Two Motor Vehicles in Transport,No,No Controls,4,1,Complains Of Pain,NA,41.85174,-71.40213,FALSE,FALSE,"N Main Street and Walgreens Pharmacy Parking Lot, Providence, RI, USA",FALSE,-71.4128343,41.8239891,locality,approximate,"providence, ri, usa",NA,NA,NA,NA,41.8239891,-71.4128343,Med,3214.251510946382,FALSE,FALSE
1589,2017-07-30,597822,19:35:00,Bicycle,NA,NA,2,HOPE ST,BLACKSTONE BLVD,2017-07-30,"Two-Way , Not Divided",Dry,Daylight,Clear,Rear End(Front-to-Rear),"Yes, M/V and Driver Left Scene",No Controls,4,2,Complains Of Pain,2,41.85622,-71.39145,FALSE,FALSE,"Hope Street and Blackstone Blvd, Providence, RI, USA",FALSE,-71.3915342,41.8561535,intersection,geometric_center,"hope st & blackstone blvd, providence, ri 02906, usa",NA,NA,NA,NA,41.8561535,-71.3915342,Med High,10.17541589735755,FALSE,FALSE
1590,2017-07-28,597200,09:57:00,Bicycle,NA,1,2,OLNEYVILLE SQ,MANTON AVE,2017-07-28,"Two-Way , Not Divided",Dry,Daylight,Clear,Angle (Front - to - Side) Same Direction,"Yes, M/V and Driver Left Scene",Traffic Control Signal,1,1,Complains Of Pain,NA,41.81676,-71.44324,FALSE,FALSE,"Olneyville Sq and Manton Ave, Providence, RI, USA",FALSE,-71.442835,41.816834,establishment,geometric_center,"olneyville square, providence, ri 02909, usa",NA,NA,NA,NA,41.816834,-71.442835,Med,34.595575741043696,FALSE,FALSE
1591,2017-07-27,596853,14:59:00,Other,NA,1,1,Hartford Ave,EDNA ST,2017-07-27,"Two-Way, Divided, Unprotected (painted>4feet) Medium",Wet,Daylight,Cloudy,Angle (Front - to - Side) Right Angle (Includes Broadside),No,No Controls,3,1,Complains Of Pain,NA,41.81685,-71.4455,FALSE,FALSE,"Hartford Ave and Edna Street, Providence, RI, USA",FALSE,-71.44650229999999,41.8169568,intersection,geometric_center,"hartford ave & edna st, providence, ri 02909, usa",NA,NA,NA,NA,41.8169568,-71.44650229999999,Med High,84.00053141079927,TRUE,FALSE
1592,2017-07-27,597125,21:20:00,Bicycle,NA,1,1,NEWARK ST,ACADEMY AVE,2017-07-27,"Two-Way , Not Divided",Dry,Dark - Lighted,Clear,Other,No,No Controls,2,1,Complains Of Pain,NA,41.8254,-71.44256,FALSE,FALSE,"Newark Street and Academy Ave, Providence, RI, USA",FALSE,-71.4434441,41.8254949,intersection,geometric_center,"academy ave & newark st, providence, ri 02908, usa",NA,NA,NA,NA,41.8254949,-71.4434441,Med High,74.09575266808149,FALSE,FALSE
1593,2017-07-26,596415,15:58:00,Bicycle,NA,1,1,TRASK ST,EDDY ST,2017-07-26,"Two-Way , Not Divided",Dry,Daylight,Clear,Other,"Yes, M/V and Driver Left Scene",No Controls,2,1,Complains Of Pain,NA,41.8052,-71.40714,FALSE,FALSE,"Trask Street and Eddy Street, Providence, RI, USA",FALSE,-71.4071353,41.80520200000001,intersection,geometric_center,"trask st & eddy st, providence, ri 02905, usa",NA,NA,NA,NA,41.80520200000001,-71.4071353,Med High,0.44907697766320087,FALSE,FALSE
1594,2017-07-25,595993,01:00:00,Bicycle,NA,1,1,SERVICE ROAD 3,WESTMINSTER ST,2017-07-25,"Two-Way , Not Divided",Wet,Dark - Lighted,Rain,Not a Collision Between Two Motor Vehicles in Transport,No,Stop Signs,3,1,Complains Of Pain,NA,41.81632,-71.44059,FALSE,FALSE,"Service Road 3 and Westminster Street, Providence, RI, USA",FALSE,-71.40892649999999,41.8252921,street_address,range_interpolated,"3 westminster st, providence, ri 02903, usa",NA,NA,NA,NA,41.8252921,-71.40892649999999,Med High,2810.2461045519303,FALSE,FALSE
1595,2017-07-24,595568,13:53:00,Pedestrian,1,NA,1,DEXTER ST,POTTERS AVE,2017-07-24,"Two-Way , Not Divided",Wet,Daylight,Rain,Not a Collision Between Two Motor Vehicles in Transport,No,No Controls,2,1,Complains Of Pain,NA,41.80187,-71.43094,FALSE,FALSE,"Dexter Street and Potters Ave, Providence, RI, USA",FALSE,-71.4305866,41.8024973,intersection,geometric_center,"potters ave & dexter st, providence, ri 02907, usa",NA,NA,NA,NA,41.8024973,-71.4305866,Med High,75.73875014661277,FALSE,FALSE
1596,2017-07-24,595747,19:29:00,Pedestrian,1,NA,1,244 UNION AVE,NA,2017-07-24,"Two-Way , Not Divided",Wet,Dusk,Rain,Not a Collision Between Two Motor Vehicles in Transport,"Yes, M/V and Driver Left Scene",No Controls,2,1,Complains Of Pain,2,41.80752,-71.44491,TRUE,TRUE,"244 Union Ave, Providence, RI, USA",FALSE,-71.4448017,41.80738789999999,premise,rooftop,"244 union ave, providence, ri 02909, usa",NA,NA,NA,NA,41.80738789999999,-71.4448017,High,17.233696081330798,FALSE,FALSE
1597,2017-07-23,595305,21:01:00,Bicycle,NA,1,1,Cranston Street,WALDO ST,2017-07-24,"Two-Way, Divided, Unprotected (painted>4feet) Medium",Dry,Dark - Lighted,Cloudy,Not a Collision Between Two Motor Vehicles in Transport,"Yes, M/V and Driver Left Scene",No Controls,1,1,Complains Of Pain,NA,41.80634,-71.4363,FALSE,FALSE,"Cranston Street and Waldo Street, Providence, RI, USA",FALSE,-71.4363086,41.8063492,intersection,geometric_center,"cranston st & waldo st, providence, ri 02909, usa",NA,NA,NA,NA,41.8063492,-71.4363086,Med High,1.2482384211569764,FALSE,FALSE
1598,2017-07-20,594468,17:48:00,Bicycle,NA,1,1,WESTMINSTER ST,BARTON ST,2017-07-20,"Two-Way , Not Divided",Wet,Daylight,Rain,Not a Collision Between Two Motor Vehicles in Transport,No,Traffic Control Signal,2,1,Complains Of Pain,NA,41.81592,-71.43653,FALSE,FALSE,"Westminster Street and Barton Street, Providence, RI, USA",FALSE,-71.4365339,41.8159344,intersection,geometric_center,"barton st & westminster st, providence, ri 02909, usa",NA,NA,NA,NA,41.8159344,-71.4365339,Med High,1.6353303755184845,FALSE,FALSE