row_number,crash_date,crash_report_id,crash_time,collision_type,count_pedestrian,count_bicycle,number_of_vehicles,street_or_highway,nearest_intersection,report_date,type_of_roadway,road_surface_condition,light_condition,weather_condition,manner_of_impact,hit_and_run,traffic_control,person_count,injury_count,most_serious_injury,number_of_lanes,lat_raw,lon_raw,has_st_number,is_intersection_null,address_sent_to_geocoder,is_address_blank,lon_api_first_try,lat_api_first_try,type,loctype,address_returned_by_geocoder,address_returned_by_autocomplete,place_ids_autocompleted,lat_api_second_try,lon_api_second_try,lat_api_best,lon_api_best,api_coord_conf,distance_btwn_coords_meters,scooter,wheel_chair
1599,2017-07-19,593649,10:07:00,Pedestrian,1,NA,1,978 Manton Ave,HERSCHEL ST,2017-07-19,"Two-Way , Not Divided",Dry,Daylight,Clear,Not a Collision Between Two Motor Vehicles in Transport,"Yes, Driver Left Scene",No Controls,3,1,Complains Of Pain,2,41.83335,-71.46952,TRUE,FALSE,"978 Manton Ave, Providence, RI, USA",FALSE,-71.4694665,41.8332348,premise,rooftop,"978 manton ave, providence, ri 02909, usa",NA,NA,NA,NA,41.8332348,-71.4694665,High,13.570041392267253,FALSE,FALSE
1600,2017-07-16,592707,11:39:00,Bicycle,NA,1,1,N MAIN ST,CEMETERY ST,2017-07-16,"Two-Way , Not Divided",Dry,Daylight,Clear,Not a Collision Between Two Motor Vehicles in Transport,No,Traffic Control Signal,4,1,Complains Of Pain,NA,41.84681,-71.40519,FALSE,FALSE,"N Main Street and Cemetery Street, Providence, RI, USA",FALSE,-71.4043938,41.851482,route,geometric_center,"cemetery st, providence, ri 02904, usa","North Main Street & Cemetery Street, Providence, RI, USA",EjhOb3J0aCBNYWluIFN0cmVldCAmIENlbWV0ZXJ5IFN0cmVldCwgUHJvdmlkZW5jZSwgUkksIFVTQSJmImQKFAoSCQXq4fjCROSJEWmmy9KX7dmWEhQKEgkF6uH4wkTkiRFppsvSl-3ZlhoUChIJ-fpBPd5E5IkRX9etvg1cIz8aFAoSCf3n8BbCROSJEatTgueuydGOIgoNAqnxGBX-pnDV,41.8490626,-71.4037506,41.8490626,-71.4037506,Med,277.7169165737093,FALSE,FALSE
1601,2017-07-16,592765,15:21:00,Pedestrian,1,NA,1,DOUGLAS AVE,DOUGLAS AVE,2017-07-16,"Two-Way , Not Divided",Dry,Daylight,Clear,Not a Collision Between Two Motor Vehicles in Transport,No,No Controls,2,1,Complains Of Pain,NA,41.83717,-71.4223,FALSE,FALSE,"Douglas Ave and Douglas Ave, Providence, RI, USA",FALSE,-71.4649957,41.8715442,intersection,geometric_center,"douglas turnpike & douglas ave, north providence, ri 02904, usa",NA,NA,NA,NA,41.8715442,-71.4649957,Med High,5212.947699628089,FALSE,FALSE
1602,2017-07-15,592555,18:27:00,Bicycle,NA,1,1,PUBLIC ST,PRAIRIE AVE,2017-07-15,"Two-Way , Not Divided",Dry,Daylight,Clear,Other,"Yes, M/V and Driver Left Scene",Traffic Control Signal,2,1,Complains Of Pain,NA,41.80556,-71.41481,FALSE,FALSE,"Public Street and Prairie Ave, Providence, RI, USA",FALSE,-71.41481200000001,41.8055601,intersection,geometric_center,"public st & prairie ave, providence, ri 02907, usa",NA,NA,NA,NA,41.8055601,-71.41481200000001,Med High,0.16633054688877882,FALSE,FALSE
1603,2017-07-14,592392,21:34:00,Pedestrian,1,NA,1,CHALKSTONE AVE,DOUGLAS AVE,2017-07-14,"Two-Way , Not Divided",Dry,Dark - Lighted,Clear,Other,No,No Controls,5,1,Complains Of Pain,NA,41.83625,-71.42075,FALSE,FALSE,"Chalkstone Ave and Douglas Ave, Providence, RI, USA",FALSE,-71.4202644,41.8363536,intersection,geometric_center,"chalkstone ave & douglas ave, providence, ri 02908, usa",NA,NA,NA,NA,41.8363536,-71.4202644,Med High,41.89382306739367,FALSE,FALSE
1604,2017-07-12,591972,17:13:00,Pedestrian,1,NA,1,BROAD ST,EARLY ST,2017-07-12,"Two-Way , Not Divided",Wet,Daylight,Rain,Not a Collision Between Two Motor Vehicles in Transport,No,No Controls,3,1,Complains Of Pain,NA,41.79542,-71.41121,FALSE,FALSE,"Broad Street and Early Street, Providence, RI, USA",FALSE,-71.4132727,41.7947406,route,geometric_center,"early st, providence, ri, usa","Broad Street & Early Street, Providence, RI, USA",EjBCcm9hZCBTdHJlZXQgJiBFYXJseSBTdHJlZXQsIFByb3ZpZGVuY2UsIFJJLCBVU0EiZiJkChQKEgmXU933i0_kiREGVbKb8h8HNxIUChIJl1Pd94tP5IkRBlWym_IfBzcaFAoSCYPefdWMT-SJESyiypOYSwijGhQKEgnvKWa8jk_kiRGRtjQvItEbESIKDWN86RgVooBv1Q,41.7954915,-71.41128619999999,41.7954915,-71.41128619999999,Med,10.165820285147356,FALSE,FALSE
1605,2017-07-09,591224,22:39:00,Pedestrian,1,NA,1,BROADWAY,VINTON ST,2017-07-09,"Two-Way, Divided, Unprotected (painted>4feet) Medium",Dry,Dark - Lighted,Clear,Not a Collision Between Two Motor Vehicles in Transport,No,No Controls,3,1,Complains Of Pain,NA,41.82007,-71.42819,FALSE,FALSE,"Broadway and Vinton Street, Providence, RI, USA",FALSE,-71.4285663,41.8207514,route,geometric_center,"vinton st, providence, ri, usa","Broadway & Vinton Street, Providence, RI, USA",Ei1Ccm9hZHdheSAmIFZpbnRvbiBTdHJlZXQsIFByb3ZpZGVuY2UsIFJJLCBVU0EiZiJkChQKEglF5rYLdUXkiRHipmasZ-JhnRIUChIJRea2C3VF5IkR4qZmrGfiYZ0aFAoSCaW15YZ1ReSJERrCM7HXpG-zGhQKEgnN2QdAdUXkiRHzHzv0hMO0lyIKDVg97RgVUexs1Q,41.820092,-71.4281903,41.820092,-71.4281903,Med,2.449155254801079,FALSE,FALSE
1606,2017-07-08,590953,12:44:00,Pedestrian,1,NA,1,BROADWAY,DEAN ST,2017-07-08,"Two-Way , Not Divided",Dry,Daylight,Clear,Not a Collision Between Two Motor Vehicles in Transport,No,No Controls,4,1,Complains Of Pain,NA,41.82132,-71.4229,FALSE,FALSE,"Broadway and Dean Street, Providence, RI, USA",FALSE,-71.4242155,41.8234078,route,geometric_center,"dean st, providence, ri, usa","Broadway & Dean Street, Providence, RI, USA",EitCcm9hZHdheSAmIERlYW4gU3RyZWV0LCBQcm92aWRlbmNlLCBSSSwgVVNBImYiZAoUChIJCcRZtQxF5IkRWJynngBsfzMSFAoSCQnEWbUMReSJEVicp54AbH8zGhQKEgmlteWGdUXkiREawjOx16RvsxoUChIJWwZsfgxF5IkRyLSf36DnQOQiCg38cO0YFWLJbdU,41.821414,-71.42253099999999,41.821414,-71.42253099999999,Med,32.35069609821925,FALSE,FALSE
1607,2017-07-06,590468,17:32:00,Pedestrian,1,NA,1,W EXCHANGE ST,W EXCHANGE ST EXIT 22A,2017-07-06,One-Way Trafficway,Dry,Daylight,Clear,Rear - to - Side,No,Traffic Control Signal,3,1,Complains Of Pain,NA,41.82485,-71.41611,FALSE,FALSE,"W Exchange Street and W Exchange St Exit 22a, Providence, RI, USA",FALSE,-71.4202531,41.825222,route,geometric_center,"w exchange st, providence, ri 02903, usa",NA,NA,NA,NA,41.825222,-71.4202531,Med,346.17079552071164,FALSE,FALSE
1608,2017-07-06,590547,22:15:00,Pedestrian,1,NA,1,DOUGLAS AVE,PUMGANSETT ST,2017-07-07,"Two-Way , Not Divided",Dry,Dark - Lighted,Clear,Other,No,No Controls,3,1,Non-Incapacitating,2,41.83977,-71.4263,FALSE,FALSE,"Douglas Ave and Pumgansett Street, Providence, RI, USA",FALSE,-71.4263948,41.839878,intersection,geometric_center,"pumgansett st & douglas ave, providence, ri 02908, usa",NA,NA,NA,NA,41.839878,-71.4263948,Med High,14.3650458837349,FALSE,TRUE
1609,2017-07-06,590681,NA,Pedestrian,1,NA,1,343 BROAD ST,BROAD ST,2017-07-07,"Two-Way , Not Divided",Dry,Dark - Lighted,Clear,Not a Collision Between Two Motor Vehicles in Transport,"Yes, Driver Left Scene",No Controls,2,1,Complains Of Pain,NA,41.81402,-71.42137,TRUE,FALSE,"343 Broad Street, Providence, RI, USA",FALSE,-71.4221475,41.813852,premise,rooftop,"343 broad st, providence, ri 02907, usa",NA,NA,NA,NA,41.813852,-71.4221475,High,67.16384118753521,FALSE,FALSE
1610,2017-07-05,590158,16:52:00,Bicycle,NA,1,1,PLEASANT VALLEY PKWY,SHARON ST,2017-07-05,"Two-Way , Not Divided",Dry,Daylight,Clear,Not a Collision Between Two Motor Vehicles in Transport,No,No Controls,4,1,Complains Of Pain,NA,41.83521,-71.44103,FALSE,FALSE,"Pleasant Valley Pkwy and Sharon Street, Providence, RI, USA",FALSE,-71.4409526,41.8352486,intersection,geometric_center,"sharon st & pleasant valley pkwy, providence, ri 02908, usa",NA,NA,NA,NA,41.8352486,-71.4409526,Med High,7.724939839811833,FALSE,FALSE
1611,2017-07-04,589805,23:33:00,Pedestrian,2,NA,1,OSBORN ST,CHALKSTONE AVE,2017-07-05,"Two-Way , Not Divided",Dry,Dark - Lighted,Clear,Not a Collision Between Two Motor Vehicles in Transport,No,No Controls,4,2,Non-Incapacitating,NA,41.83759,-71.42538,FALSE,FALSE,"Osborn Street and Chalkstone Ave, Providence, RI, USA",FALSE,-71.4246148,41.8355026,intersection,geometric_center,"chalkstone ave & osborn st, providence, ri 02908, usa",NA,NA,NA,NA,41.8355026,-71.4246148,Med High,240.87920837830393,FALSE,FALSE
1612,2017-07-03,589312,03:08:00,Bicycle,NA,1,1,MEMORIAL BLVD,FRANCIS ST,2017-07-03,"Two-Way, Divided, Positive Median Barrier",Dry,Dark - Lighted,Clear,Angle (Front - to - Side) Right Angle (Includes Broadside),No,Traffic Control Signal,3,1,Non-Incapacitating,NA,41.8259,-71.41535,FALSE,FALSE,"Memorial Blvd and Francis Street, Providence, RI, USA",FALSE,-71.4153098,41.8257791,intersection,geometric_center,"memorial blvd & francis st, providence, ri 02903, usa",NA,NA,NA,NA,41.8257791,-71.4153098,Med High,13.865500523563528,FALSE,FALSE
1613,2017-07-02,589045,12:10:00,Pedestrian,2,NA,1,UNION AVE,UNION AVE ON RAMP,2017-07-02,"Two-Way , Not Divided",Dry,Daylight,Clear,Not a Collision Between Two Motor Vehicles in Transport,No,Pavement Markings,3,2,Complains Of Pain,NA,41.80893,-71.44004,FALSE,FALSE,"Union Ave and Union Ave On Ramp, Providence, RI, USA",FALSE,-71.4484592,41.8065901,route,geometric_center,"union ave, rhode island, usa",NA,NA,NA,NA,41.8065901,-71.4484592,Med,745.572026354849,FALSE,FALSE
1614,2017-07-02,589245,22:38:00,Pedestrian,1,NA,1,PARNELL ST,FOWLER ST,2017-07-02,"Two-Way , Not Divided",Dry,Dark - Lighted,Clear,Other,No,No Controls,3,1,Non-Incapacitating,2,41.82609,-71.45378,FALSE,FALSE,"Parnell Street and Fowler Street, Providence, RI, USA",FALSE,-71.453728,41.826229,intersection,geometric_center,"parnell st & fowler st, providence, ri 02909, usa",NA,NA,NA,NA,41.826229,-71.453728,Med High,16.06339830252654,FALSE,FALSE
1615,2017-07-01,588899,11:28:00,Pedestrian,1,NA,1,BRANCH AVE,VEAZIE ST,2017-07-01,"Two-Way , Not Divided",Dry,Daylight,Clear,Not a Collision Between Two Motor Vehicles in Transport,No,No Controls,2,1,Complains Of Pain,NA,41.85472,-71.43464,FALSE,FALSE,"Branch Ave and Veazie Street, Providence, RI, USA",FALSE,-71.43467450000001,41.8547389,intersection,geometric_center,"branch ave & veazie st, providence, ri 02904, usa",NA,NA,NA,NA,41.8547389,-71.43467450000001,Med High,3.5509748107070385,FALSE,FALSE
1616,2017-07-01,588942,20:57:00,Pedestrian,1,NA,1,NORTH MAIN ST,N MAIN ST,2017-07-01,"Two-Way, Divided, Positive Median Barrier",Dry,Dark - Lighted,Clear,Other,No,No Controls,2,1,Non-Incapacitating,4,41.83926,-71.40902,FALSE,FALSE,"North Main Street and N Main Street, Providence, RI, USA",FALSE,-71.700964,41.9595187,intersection,geometric_center,"n main st & pascoag main st, burrillville, ri 02859, usa",NA,NA,NA,NA,41.9595187,-71.700964,Med High,27646.944754286207,FALSE,FALSE
1617,2017-06-30,588502,06:59:00,Pedestrian,1,NA,1,FRANCIS STREET,I 95,2017-06-30,"Two-Way , Not Divided",Dry,Daylight,Clear,Other,No,Traffic Control Signal,4,1,Non-Incapacitating,NA,41.83572,-71.41578,FALSE,FALSE,"Francis Street and I 95, Providence, RI, USA",FALSE,-71.4167284,41.817505,route,geometric_center,"i-95, providence, ri, usa",NA,NA,NA,NA,41.817505,-71.4167284,Med,2029.2101161555474,FALSE,FALSE
1618,2017-06-30,588561,15:24:00,Pedestrian,1,NA,1,SABIN ST,SABIN ST,2017-06-30,One-Way Trafficway,Dry,Daylight,Clear,Angle (Front - to - Side) Right Angle (Includes Broadside),No,No Controls,4,1,Complains Of Pain,NA,41.82453,-71.41566,FALSE,FALSE,"Sabin Street and Sabin Street, Providence, RI, USA",FALSE,-71.4163184,41.8239955,route,geometric_center,"sabin st, providence, ri, usa",NA,NA,NA,NA,41.8239955,-71.4163184,Med,80.76714001580002,FALSE,FALSE
1619,2017-06-30,588591,17:50:00,Pedestrian,1,NA,1,RHODES ST,EDDY ST,2017-06-30,"Two-Way , Not Divided",Dry,Daylight,Cloudy,Not a Collision Between Two Motor Vehicles in Transport,No,No Controls,2,1,Complains Of Pain,NA,41.80807,-71.40766,FALSE,FALSE,"Rhodes Street and Eddy Street, Providence, RI, USA",FALSE,-71.4072355,41.808252,intersection,geometric_center,"rhodes st & eddy st, providence, ri 02905, usa",NA,NA,NA,NA,41.808252,-71.4072355,Med High,40.63420371776422,FALSE,FALSE
1620,2017-06-29,588281,17:14:00,Bicycle,NA,1,1,WASHINGTON ST,GREENE ST,2017-06-29,One-Way Trafficway,Dry,Daylight,Cloudy,Not a Collision Between Two Motor Vehicles in Transport,No,Traffic Control Signal,2,1,Non-Incapacitating,NA,41.82125,-71.41721,FALSE,FALSE,"Washington Street and Greene Street, Providence, RI, USA",FALSE,-71.4168727,41.8210088,route,geometric_center,"greene st, providence, ri 02903, usa","Washington Street & Greene Street, Providence, RI, USA",EjZXYXNoaW5ndG9uIFN0cmVldCAmIEdyZWVuZSBTdHJlZXQsIFByb3ZpZGVuY2UsIFJJLCBVU0EiZiJkChQKEgm34he7EkXkiRGsc_jDIc_nwRIUChIJt-IXuxJF5IkRrHP4wyHP58EaFAoSCanazZwSReSJERoH0JajEjT2GhQKEgn9APC2EkXkiRFL2JV2CXi6tSIKDatr7RgVkphu1Q,41.8212779,-71.417227,41.8212779,-71.417227,Med,3.411012792522418,FALSE,FALSE
1621,2017-06-28,587971,18:13:00,Bicycle,NA,1,1,GLENHAM ST,PRAIRIE AVE,2017-06-28,"Two-Way , Not Divided",Dry,Daylight,Clear,Not a Collision Between Two Motor Vehicles in Transport,No,No Controls,3,0,No Injury,NA,41.8061,-71.41504,FALSE,FALSE,"Glenham Street and Prairie Ave, Providence, RI, USA",FALSE,-71.4150396,41.8061135,intersection,geometric_center,"glenham st & prairie ave, providence, ri 02905, usa",NA,NA,NA,NA,41.8061135,-71.4150396,Med High,1.5031796133768038,FALSE,FALSE
1622,2017-06-26,588868,12:11:00,Bicycle,NA,1,1,ADELAIDE AVE,EMERSON ST,2017-07-01,"Two-Way , Not Divided",Dry,Daylight,Clear,Angle (Front - to - Side) Right Angle (Includes Broadside),No,Stop Signs,4,0,No Injury,2,41.79855,-71.4164,FALSE,FALSE,"Adelaide Ave and Emerson Street, Providence, RI, USA",FALSE,-71.41641419999999,41.7985663,intersection,geometric_center,"adelaide ave & emerson st, providence, ri 02907, usa",NA,NA,NA,NA,41.7985663,-71.41641419999999,Med High,2.1635920035367424,FALSE,FALSE
1623,2017-06-25,586614,04:07:00,Pedestrian,1,1,1,WOODWARD RD,BRANCH AVE,2017-06-25,"Two-Way , Not Divided",Dry,Dark - Lighted,Clear,Not a Collision Between Two Motor Vehicles in Transport,"Yes, M/V and Driver Left Scene",No Controls,3,2,Complains Of Pain,2,41.8537,-71.42796,FALSE,FALSE,"Woodward Rd and Branch Ave, Providence, RI, USA",FALSE,-71.42806279999999,41.8534892,intersection,geometric_center,"woodward rd & branch ave, providence, ri 02904, usa",NA,NA,NA,NA,41.8534892,-71.42806279999999,Med High,24.966291145758454,FALSE,FALSE
1624,2017-06-25,586812,10:56:00,Bicycle,NA,1,1,HOPE ST,ALUMNI AVE,2017-06-25,"Two-Way , Not Divided",Dry,Daylight,Clear,Not a Collision Between Two Motor Vehicles in Transport,"Yes, M/V and Driver Left Scene",No Controls,2,1,Incapacitating,2,41.83462,-71.40144,FALSE,FALSE,"Hope Street and Alumni Ave, Providence, RI, USA",FALSE,-71.4014577,41.8348462,intersection,geometric_center,"hope st & alumni ave, providence, ri 02906, usa",NA,NA,NA,NA,41.8348462,-71.4014577,Med High,25.22322735353922,FALSE,FALSE
1625,2017-06-24,586355,01:11:00,Pedestrian,1,NA,1,PILSUDSKI ST,PLAINFIELD ST,2017-06-24,"Two-Way , Not Divided",Dry,Dark - Lighted,Clear,Other,"Yes, M/V and Driver Left Scene",No Controls,3,1,Incapacitating,2,41.81482,-71.44633,FALSE,FALSE,"Pilsudski Street and Plainfield Street, Providence, RI, USA",FALSE,-71.4464939,41.8149149,intersection,geometric_center,"pilsudski st & plainfield st, providence, ri 02909, usa",NA,NA,NA,NA,41.8149149,-71.4464939,Med High,17.21961557520039,FALSE,FALSE
1626,2017-06-24,586579,20:29:00,Pedestrian,1,NA,1,105 ALVERSON AVE,NYE ST,2017-06-24,"Two-Way , Not Divided",Dry,Dark - Lighted,Clear,Not a Collision Between Two Motor Vehicles in Transport,No,No Controls,2,1,Complains Of Pain,NA,41.81662,-71.45934,TRUE,FALSE,"105 Alverson Ave, Providence, RI, USA",FALSE,-71.4591779,41.8166117,premise,rooftop,"105 alverson ave, providence, ri 02909, usa",NA,NA,NA,NA,41.8166117,-71.4591779,High,13.48024509363381,FALSE,FALSE
1627,2017-06-23,586115,13:11:00,Pedestrian,1,NA,1,BELMONT AVE,ACADEMY AVE,2017-06-23,One-Way Trafficway,Dry,Daylight,Cloudy,Other,No,Other,2,1,Complains Of Pain,NA,41.81438,-71.445,FALSE,FALSE,"Belmont Ave and Academy Ave, Providence, RI, USA",FALSE,-71.4445179,41.8322837,intersection,geometric_center,"academy ave & belmont ave, providence, ri 02908, usa",NA,NA,NA,NA,41.8322837,-71.4445179,Med High,1993.4319848607965,FALSE,FALSE
1628,2017-06-23,586445,17:21:00,Pedestrian,1,NA,1,ARMSTRONG AVE,THOMPSON ST,2017-06-24,"Two-Way , Not Divided",Dry,Daylight,Clear,Other,No,No Controls,2,1,Complains Of Pain,NA,41.81903,-71.39714,FALSE,FALSE,"Armstrong Ave and Thompson Street, Providence, RI, USA",FALSE,-71.39683500000001,41.8190834,intersection,geometric_center,"armstrong ave & thompson st, providence, ri 02903, usa",NA,NA,NA,NA,41.8190834,-71.39683500000001,Med High,25.992090401034254,FALSE,FALSE
1629,2017-06-22,585911,17:39:00,Pedestrian,1,NA,1,CHALKSTONE AVENU,FERN STREET,2017-06-22,"Two-Way , Not Divided",Dry,Daylight,Clear,Not a Collision Between Two Motor Vehicles in Transport,No,No Controls,3,1,Non-Incapacitating,NA,41.81541,-71.44637,FALSE,FALSE,"Chalkstone Avenu and Fern Street, Providence, RI, USA",FALSE,-71.4378466,41.8328452,intersection,geometric_center,"fern st & chalkstone ave, providence, ri 02908, usa",NA,NA,NA,NA,41.8328452,-71.4378466,Med High,2065.656016884951,FALSE,FALSE
1630,2017-06-22,585933,22:23:00,Pedestrian,1,NA,1,WESTMINSTER ST,HARKNESS ST,2017-06-23,"Two-Way , Not Divided",Dry,Dark - Lighted,Clear,Not a Collision Between Two Motor Vehicles in Transport,No,No Controls,2,1,Incapacitating,NA,41.81628,-71.43396,FALSE,FALSE,"Westminster Street and Harkness Street, Providence, RI, USA",FALSE,-71.4339426,41.816302,intersection,geometric_center,"westminster st & harkness st, providence, ri 02909, usa",NA,NA,NA,NA,41.816302,-71.4339426,Med High,2.842831762952112,FALSE,FALSE
1631,2017-06-19,584867,16:42:00,Bicycle,NA,1,1,SMITH ST,CHALKSTONE AVE,2017-06-19,"Two-Way , Not Divided",Dry,Daylight,Clear,Not a Collision Between Two Motor Vehicles in Transport,No,Traffic Control Signal,3,1,Complains Of Pain,2,41.83521,-71.42565,FALSE,FALSE,"Smith Street and Chalkstone Ave, Providence, RI, USA",FALSE,-71.4256425,41.83522139999999,intersection,geometric_center,"chalkstone ave & smith st, providence, ri 02908, usa",NA,NA,NA,NA,41.83522139999999,-71.4256425,Med High,1.413300364710605,FALSE,FALSE
1632,2017-06-18,584586,18:56:00,Pedestrian,1,NA,1,MERCY ST,POCASSET AVE,2017-06-18,"Two-Way , Not Divided",Dry,Daylight,Clear,"Sidwswipe, Opposite Direction",No,No Controls,2,1,Non-Incapacitating,NA,41.80898,-71.4563,FALSE,FALSE,"Mercy Street and Pocasset Ave, Providence, RI, USA",FALSE,-71.4543806,41.8103315,route,geometric_center,"pocasset ave, providence, ri 02909, usa","Mercy Street & Pocasset Ave, Providence, RI, USA",EjBNZXJjeSBTdHJlZXQgJiBQb2Nhc3NldCBBdmUsIFByb3ZpZGVuY2UsIFJJLCBVU0EiZiJkChQKEgl9zpdu9UXkiRFnFfPO_oiOwhIUChIJfc6XbvVF5IkRZxXzzv6IjsIaFAoSCY_Uusn1ReSJEd7-ma1YId3wGhQKEgl1Nawmi0XkiRGcN_50_xMz6CIKDap56xgVQrxo1Q,41.808529,-71.455635,41.808529,-71.455635,Med,74.60013400236477,FALSE,FALSE
1633,2017-06-17,583727,09:13:00,Pedestrian,1,NA,1,ATWELLS AVE,ACADEMY AVE,2017-06-17,"Two-Way, Divided, Unprotected (painted>4feet) Medium",Wet,Daylight,Cloudy,Not a Collision Between Two Motor Vehicles in Transport,No,Traffic Control Signal,3,1,Complains Of Pain,2,41.82478,-71.4434,FALSE,FALSE,"Atwells Ave and Academy Ave, Providence, RI, USA",FALSE,-71.4435191,41.8247997,intersection,geometric_center,"atwells ave & academy ave, providence, ri 02909, usa",NA,NA,NA,NA,41.8247997,-71.4435191,Med High,10.120269440065131,FALSE,FALSE
1634,2017-06-17,583797,18:15:00,Pedestrian,1,NA,1,ELMWOOD AVE,ELMWOOD AVE,2017-06-17,"Two-Way , Not Divided",Dry,Daylight,Cloudy,Not a Collision Between Two Motor Vehicles in Transport,No,No Controls,2,1,Incapacitating,NA,41.80965,-71.42421,FALSE,FALSE,"Elmwood Ave and Elmwood Ave, Providence, RI, USA",FALSE,-71.4229658,41.7920613,route,geometric_center,"elmwood ave, providence, ri, usa",NA,NA,NA,NA,41.7920613,-71.4229658,Med,1960.685585456621,FALSE,FALSE
1635,2017-06-15,582589,12:42:00,Pedestrian,1,NA,1,BUTLER DR,BLACKSTONE BLVD,2017-06-15,"Two-Way , Not Divided",Dry,Daylight,Clear,Not a Collision Between Two Motor Vehicles in Transport,No,Other,2,1,Complains Of Pain,NA,41.84622,-71.38698,FALSE,FALSE,"Butler Dr and Blackstone Blvd, Providence, RI, USA",FALSE,-71.3870926,41.8450883,route,geometric_center,"blackstone blvd, providence, ri 02906, usa",NA,NA,NA,NA,41.8450883,-71.3870926,Med,126.32584045824169,FALSE,FALSE
1636,2017-06-15,582950,17:51:00,Bicycle,NA,1,1,RIVER AVE,ADMIRAL ST,2017-06-15,"Two-Way, Divided, Unprotected (painted>4feet) Medium",Dry,Daylight,Clear,Not a Collision Between Two Motor Vehicles in Transport,No,Traffic Control Signal,2,1,Non-Incapacitating,NA,41.8492,-71.43894,FALSE,FALSE,"River Ave and Admiral Street, Providence, RI, USA",FALSE,-71.4460552,41.853176,intersection,geometric_center,"admiral st & river ave, providence, ri 02904, usa",NA,NA,NA,NA,41.853176,-71.4460552,Med High,737.5559084825628,FALSE,FALSE
1637,2017-06-13,582052,19:59:00,Bicycle,NA,1,1,PEARL ST,PRAIRIE AVE,2017-06-13,"Two-Way , Not Divided",Dry,Daylight,Clear,Angle (Front - to - Side) Right Angle (Includes Broadside),"Yes, M/V and Driver Left Scene",Stop Signs,2,1,Incapacitating,2,41.81185,-71.41527,FALSE,FALSE,"Pearl Street and Prairie Ave, Providence, RI, USA",FALSE,-71.41427,41.8042755,route,geometric_center,"prairie ave, providence, ri, usa","Pearl Street & Prairie Ave, Providence, RI, USA",Ei9QZWFybCBTdHJlZXQgJiBQcmFpcmllIEF2ZSwgUHJvdmlkZW5jZSwgUkksIFVTQSJmImQKFAoSCaVnsqFvReSJEdeu3DOR6wWYEhQKEgmlZ7Khb0XkiRHXrtwzkesFmBoUChIJDZuFNG5F5IkRuqHtdeVKVQoaFAoSCU9p3-5jReSJERxJRMa12xo0IgoN2PvrGBVU5G7V,41.8118616,-71.4152876,41.8118616,-71.4152876,Med,1.949333049035709,FALSE,FALSE
1638,2017-06-12,581408,23:13:00,Pedestrian,1,NA,1,WATERMAN ST,COOKE ST,2017-06-13,One-Way Trafficway,Dry,Dark - Lighted,Clear,Other,No,No Controls,2,1,Non-Incapacitating,1,41.82762,-71.39502,FALSE,FALSE,"Waterman Street and Cooke Street, Providence, RI, USA",FALSE,-71.3954406,41.8276173,intersection,geometric_center,"cooke st & waterman st, providence, ri 02906, usa",NA,NA,NA,NA,41.8276173,-71.3954406,Med High,34.8901625775677,FALSE,FALSE
1639,2017-06-11,580350,03:36:00,Bicycle,NA,1,1,BROADWAY,EMPIRE ST,2017-06-11,"Two-Way , Not Divided",Dry,Dark - Unknown Lighting,Clear,Not a Collision Between Two Motor Vehicles in Transport,"Yes, M/V and Driver Left Scene",No Controls,1,1,Complains Of Pain,2,41.82256,-71.41744,FALSE,FALSE,"Broadway and Empire Street, Providence, RI, USA",FALSE,-71.4157797,41.821349,route,geometric_center,"empire st, providence, ri 02903, usa","Broadway & Empire Street, Providence, RI, USA",Ei1Ccm9hZHdheSAmIEVtcGlyZSBTdHJlZXQsIFByb3ZpZGVuY2UsIFJJLCBVU0EiZiJkChQKEglNlP-DEkXkiRHtQ_ofNG0sSxIUChIJTZT_gxJF5IkR7UP6HzRtLEsaFAoSCaW15YZ1ReSJERrCM7HXpG-zGhQKEgnHPO_pEkXkiRGhxI4iuiomFSIKDV6l7RgVloNu1Q,41.822755,-71.4177642,41.822755,-71.4177642,Med,34.56188206180385,FALSE,FALSE
1640,2017-06-09,579795,15:40:00,Bicycle,NA,1,1,POINT ST,PARSONAGE ST,2017-06-09,"Two-Way , Not Divided",Dry,Daylight,Cloudy,Not a Collision Between Two Motor Vehicles in Transport,No,No Controls,6,1,Complains Of Pain,NA,41.81596,-71.40876,FALSE,FALSE,"Point Street and Parsonage Street, Providence, RI, USA",FALSE,-71.4087555,41.81596529999999,intersection,geometric_center,"point st & parsonage st, providence, ri 02903, usa",NA,NA,NA,NA,41.81596529999999,-71.4087555,Med High,0.698196131597269,FALSE,FALSE
1641,2017-06-07,578785,07:51:00,Pedestrian,1,NA,1,SMITH STREET,STATE ST / GASPEE ST,2017-06-07,"Two-Way, Divided, Unprotected (painted>4feet) Medium",Dry,Daylight,Clear,Not a Collision Between Two Motor Vehicles in Transport,No,Traffic Control Signal,3,1,Complains Of Pain,NA,41.83152,-71.41278,FALSE,FALSE,"Smith Street and State Street / Gaspee Street, Providence, RI, USA",FALSE,-71.4128107,41.8315462,intersection,geometric_center,"state st & gaspee st, providence, ri 02908, usa",NA,NA,NA,NA,41.8315462,-71.4128107,Med High,3.871772342182485,FALSE,FALSE
1642,2017-06-07,578795,07:54:00,Pedestrian,1,NA,1,US HWY 6 E,WESTMINSTER ST,2017-06-07,One-Way Trafficway,Dry,Daylight,Cloudy,Head-On (Front - to - Front),No,Traffic Control Signal,2,1,Complains Of Pain,2,41.81576,-71.43875,FALSE,FALSE,"Us Hwy 6 E and Westminster Street, Providence, RI, USA",FALSE,-71.40892649999999,41.8252921,street_address,range_interpolated,"6 westminster st, providence, ri 02903, usa",NA,NA,NA,NA,41.8252921,-71.40892649999999,Med High,2692.084977878308,FALSE,FALSE