row_number,crash_date,crash_report_id,crash_time,collision_type,count_pedestrian,count_bicycle,number_of_vehicles,street_or_highway,nearest_intersection,report_date,type_of_roadway,road_surface_condition,light_condition,weather_condition,manner_of_impact,hit_and_run,traffic_control,person_count,injury_count,most_serious_injury,number_of_lanes,lat_raw,lon_raw,has_st_number,is_intersection_null,address_sent_to_geocoder,is_address_blank,lon_api_first_try,lat_api_first_try,type,loctype,address_returned_by_geocoder,address_returned_by_autocomplete,place_ids_autocompleted,lat_api_second_try,lon_api_second_try,lat_api_best,lon_api_best,api_coord_conf,distance_btwn_coords_meters,scooter,wheel_chair
1773,2016-11-21,491141,15:07:00,Bicycle,NA,1,1,CAHIR ST,BROAD ST,2016-11-21,"Two-Way , Not Divided",Dry,Daylight,Clear,Not a Collision Between Two Motor Vehicles in Transport,No,Traffic Control Signal,2,1,Complains Of Pain,2,41.81695,-71.41797,FALSE,FALSE,"Cahir Street and Broad Street, Providence, RI, USA",FALSE,-71.41789229999999,41.8169459,intersection,geometric_center,"broad st & cahir st, providence, ri 02903, usa",NA,NA,NA,NA,41.8169459,-71.41789229999999,Med High,6.462444379661026,FALSE,FALSE
1774,2016-11-19,489947,00:06:00,Bicycle,NA,1,1,BERGEN ST,CHALKSTONE AVE,2016-11-19,"Two-Way , Not Divided",Dry,Dark - Lighted,Clear,Angle (Front - to - Side) Same Direction,"Yes, M/V and Driver Left Scene",Stop Signs,2,1,Complains Of Pain,NA,41.83233,-71.44013,FALSE,FALSE,"Bergen Street and Chalkstone Ave, Providence, RI, USA",FALSE,-71.4401343,41.8323432,intersection,geometric_center,"bergen st & chalkstone ave, providence, ri 02908, usa",NA,NA,NA,NA,41.8323432,-71.4401343,Med High,1.5120824344266273,FALSE,FALSE
1775,2016-11-19,490409,22:32:00,Bicycle,NA,1,1,PARK ST,BROWNELL ST,2016-11-19,"Two-Way , Not Divided",Wet,Dark - Lighted,Rain,Angle (Front - to - Side) Right Angle (Includes Broadside),No,No Controls,3,1,Complains Of Pain,NA,41.83023,-71.41735,FALSE,FALSE,"Park Street and Brownell Street, Providence, RI, USA",FALSE,-71.4187696,41.8303329,route,geometric_center,"brownell st, providence, ri 02908, usa",NA,NA,NA,NA,41.8303329,-71.4187696,Med,118.30709771545189,FALSE,FALSE
1776,2016-11-17,488912,14:26:00,Pedestrian,1,NA,1,HAYWARD ST,PORTLAND ST,2016-11-17,"Two-Way , Not Divided",Dry,Daylight,Clear,Not a Collision Between Two Motor Vehicles in Transport,No,Stop Signs,2,1,Complains Of Pain,NA,41.81368,-71.42041,FALSE,FALSE,"Hayward Street and Portland Street, Providence, RI, USA",FALSE,-71.4204254,41.8136836,intersection,geometric_center,"portland st & hayward st, providence, ri 02907, usa",NA,NA,NA,NA,41.8136836,-71.4204254,Med High,1.339084662687623,FALSE,FALSE
1777,2016-11-17,489178,18:34:00,Pedestrian,1,NA,1,CHALKSTONE AVENUE,CANTON STREET,2016-11-17,"Two-Way , Not Divided",Dry,Dark - Lighted,Clear,Not a Collision Between Two Motor Vehicles in Transport,"Yes, M/V and Driver Left Scene",No Controls,3,1,Complains Of Pain,NA,41.81954,-71.43755,FALSE,FALSE,"Chalkstone Avenue and Canton Street, Providence, RI, USA",FALSE,-71.44251179999999,41.83230959999999,intersection,geometric_center,"canton st & chalkstone ave, providence, ri 02908, usa",NA,NA,NA,NA,41.83230959999999,-71.44251179999999,Med High,1479.8941189864083,FALSE,FALSE
1778,2016-11-16,487949,15:41:00,Pedestrian,1,NA,1,WALLACE ST,WEBSTER AVE,2016-11-16,"Two-Way , Not Divided",Dry,Daylight,Clear,Not a Collision Between Two Motor Vehicles in Transport,"Yes, Driver Left Scene",Stop Signs,3,1,Complains Of Pain,NA,41.80936,-71.44876,FALSE,FALSE,"Wallace Street and Webster Ave, Providence, RI, USA",FALSE,-71.448739,41.8093679,intersection,geometric_center,"webster ave & wallace st, providence, ri 02909, usa",NA,NA,NA,NA,41.8093679,-71.448739,Med High,1.9518001380426682,FALSE,FALSE
1779,2016-11-16,488723,22:42:00,Pedestrian,1,NA,1,BROADWAY,VINTON ST,2016-11-17,"Two-Way , Not Divided",Dry,Dark - Lighted,Clear,Other,No,Pavement Markings,2,1,Non-Incapacitating,2,41.82009,-71.42812,FALSE,FALSE,"Broadway and Vinton Street, Providence, RI, USA",FALSE,-71.4285663,41.8207514,route,geometric_center,"vinton st, providence, ri, usa","Broadway & Vinton Street, Providence, RI, USA",Ei1Ccm9hZHdheSAmIFZpbnRvbiBTdHJlZXQsIFByb3ZpZGVuY2UsIFJJLCBVU0EiZiJkChQKEglF5rYLdUXkiRHipmasZ-JhnRIUChIJRea2C3VF5IkR4qZmrGfiYZ0aFAoSCaW15YZ1ReSJERrCM7HXpG-zGhQKEgnN2QdAdUXkiRHzHzv0hMO0lyIKDVg97RgVUexs1Q,41.820092,-71.4281903,41.820092,-71.4281903,Med,5.83633505250844,FALSE,FALSE
1780,2016-11-13,486283,18:28:00,Pedestrian,1,NA,1,20 Swiss St,KNIGHT ST,2016-11-13,"Two-Way , Not Divided",Dry,Dark - Lighted,Clear,Not a Collision Between Two Motor Vehicles in Transport,No,No Controls,3,1,Complains Of Pain,NA,41.82317,-71.43288,TRUE,FALSE,"20 Swiss Street, Providence, RI, USA",FALSE,-71.432537,41.82313,street_address,rooftop,"20 swiss st, providence, ri 02909, usa",NA,NA,NA,NA,41.82313,-71.432537,High,28.800218211805557,FALSE,FALSE
1781,2016-11-11,485385,12:08:00,Pedestrian,1,NA,1,EXIT 21 (RT ),ATWELLS AVE,2016-11-11,One-Way Trafficway,Dry,Daylight,Clear,Not a Collision Between Two Motor Vehicles in Transport,No,Traffic Control Signal,3,1,Incapacitating,NA,41.82323,-71.42052,FALSE,FALSE,"Exit 21 (Rt ) and Atwells Ave, Providence, RI, USA",FALSE,-71.4363598,41.8244829,route,geometric_center,"atwells ave, providence, ri, usa",NA,NA,NA,NA,41.8244829,-71.4363598,Med,1321.3736326474213,FALSE,FALSE
1782,2016-11-11,485479,19:02:00,Pedestrian,1,NA,1,SABIN STREET,SABIN ST,2016-11-11,One-Way Trafficway,Dry,Dark - Lighted,Clear,Not a Collision Between Two Motor Vehicles in Transport,"Yes, M/V and Driver Left Scene",No Controls,5,1,Non-Incapacitating,3,41.82411,-71.41614,FALSE,FALSE,"Sabin Street and Sabin Street, Providence, RI, USA",FALSE,-71.4163184,41.8239955,route,geometric_center,"sabin st, providence, ri, usa",NA,NA,NA,NA,41.8239955,-71.4163184,Med,19.53144425074671,FALSE,FALSE
1783,2016-11-10,485266,19:18:00,Pedestrian,1,NA,1,Atwells Ave,Erastus St,2016-11-11,"Two-Way , Not Divided",Dry,Dark - Lighted,Clear,Not a Collision Between Two Motor Vehicles in Transport,No,No Controls,3,1,Complains Of Pain,NA,41.82517,-71.45089,FALSE,FALSE,"Atwells Ave and Erastus Street, Providence, RI, USA",FALSE,-71.4508196,41.82518169999999,intersection,geometric_center,"atwells ave & erastus st, providence, ri 02909, usa",NA,NA,NA,NA,41.82518169999999,-71.4508196,Med High,5.983393793508022,FALSE,FALSE
1784,2016-11-08,484072,13:55:00,Pedestrian,1,NA,1,493 MT. PLEASANT AVE,MT. PLEASANT AVE,2016-11-08,"Two-Way , Not Divided",Dry,Daylight,Clear,Not a Collision Between Two Motor Vehicles in Transport,No,No Controls,3,1,Complains Of Pain,NA,41.84145,-71.44247,TRUE,FALSE,"493 Mt. Pleasant Ave, Providence, RI, USA",FALSE,-71.45001570000001,41.8402543,premise,rooftop,"493 mt pleasant ave, providence, ri 02908, usa",NA,NA,NA,NA,41.8402543,-71.45001570000001,High,639.7872313939843,FALSE,FALSE
1785,2016-11-08,484284,21:56:00,Bicycle,NA,1,1,NORTH MAIN ST,7TH ST,2016-11-08,"Two-Way, Divided, Positive Median Barrier",Dry,Dark - Lighted,Clear,Angle (Front - to - Side) Right Angle (Includes Broadside),No,Traffic Control Signal,2,1,Complains Of Pain,NA,41.85332,-71.40104,FALSE,FALSE,"North Main Street and 7th Street, Providence, RI, USA",FALSE,-71.3980641,41.8526572,route,geometric_center,"7th st, providence, ri 02906, usa","North Main Street & 7th Street, Providence, RI, USA",EjNOb3J0aCBNYWluIFN0cmVldCAmIDd0aCBTdHJlZXQsIFByb3ZpZGVuY2UsIFJJLCBVU0EiZiJkChQKEgkBX_oowUTkiRFs0OQsdn0PVxIUChIJAV_6KMFE5IkRbNDkLHZ9D1caFAoSCfn6QT3eROSJEV_Xrb4NXCM_GhQKEgmpxljvxkTkiRHimHB769eCliIKDVNa8hgV-Bdx1Q,41.8536019,-71.40085839999999,41.8536019,-71.40085839999999,Med,34.806589319477595,FALSE,FALSE
1786,2016-11-07,483619,14:30:00,Bicycle,NA,1,1,Charles St,HAWKINS ST,2016-11-07,"Two-Way , Not Divided",Dry,Daylight,Clear,Not a Collision Between Two Motor Vehicles in Transport,No,No Controls,5,1,Complains Of Pain,2,41.85156,-71.42019,FALSE,FALSE,"Charles Street and Hawkins Street, Providence, RI, USA",FALSE,-71.4201487,41.851388,intersection,geometric_center,"charles st & hawkins st, providence, ri 02904, usa",NA,NA,NA,NA,41.851388,-71.4201487,Med High,19.450795645015628,FALSE,FALSE
1787,2016-11-07,483844,22:33:00,Bicycle,NA,1,1,LLOYD AVE,THAYER ST,2016-11-07,"Two-Way , Not Divided",Dry,Dark - Lighted,Clear,Angle - Direction Not Specified,No,Stop Signs,2,1,Non-Incapacitating,2,41.83148,-71.40108,FALSE,FALSE,"Lloyd Ave and Thayer Street, Providence, RI, USA",FALSE,-71.4010783,41.83149299999999,intersection,geometric_center,"thayer st & lloyd ave, providence, ri 02906, usa",NA,NA,NA,NA,41.83149299999999,-71.4010783,Med High,1.4540068229927665,FALSE,FALSE
1788,2016-11-06,483011,03:24:00,Pedestrian,1,NA,1,CRANSTON ST,HUNTINGTON AVE,2016-11-06,"Two-Way , Not Divided",Dry,Dark - Lighted,Cloudy,Other,"Yes, M/V and Driver Left Scene",No Controls,3,1,Complains Of Pain,NA,41.80346,-71.43981,FALSE,FALSE,"Cranston Street and Huntington Ave, Providence, RI, USA",FALSE,-71.4392216,41.80375230000001,intersection,geometric_center,"cranston st & huntington ave, providence, ri 02907, usa",NA,NA,NA,NA,41.80375230000001,-71.4392216,Med High,58.67508741378761,FALSE,FALSE
1789,2016-11-05,482320,02:12:00,Pedestrian,1,NA,1,ALLENS AVE,CHAPMAN ST,2016-11-05,"Two-Way , Not Divided",Dry,Dark - Lighted,Clear,Other,No,No Controls,6,1,Non-Incapacitating,2,41.79347,-71.39747,FALSE,FALSE,"Allens Ave and Chapman Street, Providence, RI, USA",FALSE,-71.3973889,41.7932522,intersection,geometric_center,"allens ave & chapman st, providence, ri 02905, usa",NA,NA,NA,NA,41.7932522,-71.3973889,Med High,25.16233710289868,FALSE,FALSE
1790,2016-11-04,482216,16:58:00,Pedestrian,1,NA,1,SUTTON ST,ATWELLS AVE,2016-11-04,One-Way Trafficway,Dry,Daylight,Clear,Not a Collision Between Two Motor Vehicles in Transport,"Yes, M/V and Driver Left Scene",Pavement Markings,1,1,Complains Of Pain,NA,41.82378,-71.42929,FALSE,FALSE,"Sutton Street and Atwells Ave, Providence, RI, USA",FALSE,-71.4292511,41.8237712,intersection,geometric_center,"atwells ave & sutton st, providence, ri 02903, usa",NA,NA,NA,NA,41.8237712,-71.4292511,Med High,3.372372319456666,FALSE,FALSE
1791,2016-11-04,487555,13:39:00,Bicycle,NA,1,1,HAROLD ST,CHALKSTONE AVE,2016-11-15,"Two-Way , Not Divided",Dry,Daylight,Clear,Angle (Front - to - Side) Same Direction,No,No Controls,3,1,Complains Of Pain,NA,41.83242,-71.43934,FALSE,FALSE,"Harold Street and Chalkstone Ave, Providence, RI, USA",FALSE,-71.4393395,41.8324262,intersection,geometric_center,"harold st & chalkstone ave, providence, ri 02908, usa",NA,NA,NA,NA,41.8324262,-71.4393395,Med High,0.6914257176960756,FALSE,FALSE
1792,2016-11-02,481236,15:12:00,Other,NA,NA,2,ELMWOOD AVE,W FRIENDSHIP ST,2016-11-02,"Two-Way , Not Divided",Dry,Daylight,Clear,Unknown,"Yes, M/V and Driver Left Scene",Traffic Control Signal,2,0,No Injury,NA,41.80989,-71.42405,FALSE,FALSE,"Elmwood Ave and W Friendship Street, Providence, RI, USA",FALSE,-71.42407299999999,41.80989,intersection,geometric_center,"w friendship st & elmwood ave, providence, ri 02907, usa",NA,NA,NA,NA,41.80989,-71.42407299999999,Med High,1.9083835977069192,TRUE,FALSE
1793,2016-11-02,481277,18:27:00,Bicycle,NA,1,1,LESTER ST,BRIDGHAM ST,2016-11-02,"Two-Way, Divided, Unprotected (painted>4feet) Medium",Dry,Dark - Lighted,Clear,Other,"Yes, M/V and Driver Left Scene",No Controls,3,1,Complains Of Pain,NA,41.81345,-71.42655,FALSE,FALSE,"Lester Street and Bridgham Street, Providence, RI, USA",FALSE,-71.42656629999999,41.8134681,intersection,geometric_center,"lester st & bridgham st, providence, ri 02907, usa",NA,NA,NA,NA,41.8134681,-71.42656629999999,Med High,2.426665489450736,FALSE,FALSE
1794,2016-11-02,481498,11:20:00,Pedestrian,1,NA,1,SERVICE ROAD 7,BROAD ST,2016-11-03,One-Way Trafficway,Dry,Daylight,Clear,Rear End(Front-to-Rear),No,No Controls,3,2,Complains Of Pain,NA,41.81782,-71.41762,FALSE,FALSE,"Service Road 7 and Broad Street, Providence, RI, USA",FALSE,-71.4169529,41.8173732,intersection,geometric_center,"service rd 1 & broad st, providence, ri 02903, usa",NA,NA,NA,NA,41.8173732,-71.4169529,Med High,74.41012316400422,FALSE,FALSE
1795,2016-11-02,481501,11:46:00,Bicycle,NA,1,1,BROAD ST,SERVICE ROAD 7,2016-11-03,One-Way Trafficway,Dry,Daylight,Clear,Not a Collision Between Two Motor Vehicles in Transport,No,Traffic Control Signal,5,1,Complains Of Pain,NA,41.81736,-71.41696,FALSE,FALSE,"Broad Street and Service Road 7, Providence, RI, USA",FALSE,-71.4200451,41.8199608,route,geometric_center,"service rd 1, providence, ri, usa","Broad Street & Service Road 7th, Providence, RI, USA",EjRCcm9hZCBTdHJlZXQgJiBTZXJ2aWNlIFJvYWQgN3RoLCBQcm92aWRlbmNlLCBSSSwgVVNBImYiZAoUChIJbbRukG1F5IkRg0XEjUgVvRgSFAoSCW20bpBtReSJEYNFxI1IFb0YGhQKEgmD3n3VjE_kiREsosqTmEsIoxoUChIJB3h0QnZF5IkRyxFdBkwhBUwiCg0k0-wYFUejbtU,41.8173732,-71.4169529,41.8173732,-71.4169529,Med,1.583084453358004,FALSE,FALSE
1796,2016-11-01,480993,12:29:00,Pedestrian,1,NA,1,COLFAX ST,GORDON AVE,2016-11-01,"Two-Way , Not Divided",Dry,Daylight,Clear,Not a Collision Between Two Motor Vehicles in Transport,No,No Controls,2,1,Complains Of Pain,NA,41.79936,-71.41308,FALSE,FALSE,"Colfax Street and Gordon Ave, Providence, RI, USA",FALSE,-71.4138321,41.7992087,intersection,geometric_center,"gordon ave & colfax st, providence, ri 02905, usa",NA,NA,NA,NA,41.7992087,-71.4138321,Med High,64.64704997258629,FALSE,FALSE
1797,2016-10-31,480076,07:47:00,Pedestrian,1,NA,1,593 EDDY ST,EDDY ST,2016-10-31,"Two-Way, Divided, Unprotected (painted>4feet) Medium",Dry,Daylight,Clear,Not a Collision Between Two Motor Vehicles in Transport,No,No Controls,3,1,Complains Of Pain,NA,41.81174,-71.40707,TRUE,FALSE,"593 Eddy Street, Providence, RI, USA",FALSE,-71.4090636,41.8107889,premise,rooftop,"593 eddy st, providence, ri 02903, usa",NA,NA,NA,NA,41.8107889,-71.4090636,High,196.39447913603212,FALSE,FALSE
1798,2016-10-31,480094,09:53:00,Bicycle,NA,1,1,GEORGE ST,HOPE ST,2016-10-31,"Two-Way , Not Divided",Dry,Daylight,Clear,Not a Collision Between Two Motor Vehicles in Transport,"Yes, M/V and Driver Left Scene",Stop Signs,2,1,Complains Of Pain,NA,41.82579,-71.39727,FALSE,FALSE,"George Street and Hope Street, Providence, RI, USA",FALSE,-71.3993016,41.8403661,route,geometric_center,"hope st, providence, ri, usa","George Street & Hope Street, Providence, RI, USA",EjBHZW9yZ2UgU3RyZWV0ICYgSG9wZSBTdHJlZXQsIFByb3ZpZGVuY2UsIFJJLCBVU0EiZiJkChQKEgmrO17fOkXkiRFKEUPHX6jYWhIUChIJqzte3zpF5IkRShFDx1-o2FoaFAoSCcfqJGM7ReSJEbJnjjYuSZRlGhQKEgmRo8kFxUTkiRFr4T3VeAKWISIKDYkb7hgVJ6Rx1Q,41.8257801,-71.3972697,41.8257801,-71.3972697,Med,1.1023438967859456,FALSE,FALSE
1799,2016-10-31,480190,16:53:00,Pedestrian,1,NA,1,ELMWOOD AVE,EXIT,2016-10-31,"Two-Way , Not Divided",Dry,Daylight,Clear,Not a Collision Between Two Motor Vehicles in Transport,No,No Controls,3,1,Complains Of Pain,NA,41.78184,-71.41959,FALSE,FALSE,"Elmwood Ave and Exit, Providence, RI, USA",FALSE,-71.4128343,41.8239891,locality,approximate,"providence, ri, usa",NA,NA,NA,NA,41.8239891,-71.4128343,Med,4725.388152072126,FALSE,FALSE
1800,2016-10-31,480332,21:26:00,Bicycle,NA,1,1,40 CYPRESS ST,NA,2016-10-31,"Two-Way , Not Divided",Dry,Dark - Lighted,Clear,Not a Collision Between Two Motor Vehicles in Transport,No,No Controls,2,1,Complains Of Pain,2,41.84184,-71.4019,TRUE,TRUE,"40 Cypress Street, Providence, RI, USA",FALSE,-71.40604979999999,41.8422619,street_address,rooftop,"40 cypress st, providence, ri 02906, usa",NA,NA,NA,NA,41.8422619,-71.40604979999999,High,347.33916082863374,FALSE,FALSE
1801,2016-10-30,479955,16:23:00,Bicycle,NA,1,1,WESTMINSTER ST,BARTON ST,2016-10-30,"Two-Way, Divided, Unprotected (painted>4feet) Medium",Wet,Daylight,Rain,Not a Collision Between Two Motor Vehicles in Transport,"Yes, M/V and Driver Left Scene",Traffic Control Signal,3,1,Non-Incapacitating,NA,41.81592,-71.43656,FALSE,FALSE,"Westminster Street and Barton Street, Providence, RI, USA",FALSE,-71.4365339,41.8159344,intersection,geometric_center,"barton st & westminster st, providence, ri 02909, usa",NA,NA,NA,NA,41.8159344,-71.4365339,Med High,2.694170143711607,FALSE,FALSE
1802,2016-10-29,479355,12:04:00,Bicycle,NA,1,1,NORTHUP AVE,SILVER SPRING ST,2016-10-29,"Two-Way , Not Divided",Dry,Daylight,Clear,Not a Collision Between Two Motor Vehicles in Transport,No,Traffic Control Signal,3,1,Complains Of Pain,NA,41.85178,-71.41304,FALSE,FALSE,"Northup Ave and Silver Spring Street, Providence, RI, USA",FALSE,-71.41301539999999,41.8517801,intersection,geometric_center,"silver spring st & northrup ave, providence, ri 02904, usa",NA,NA,NA,NA,41.8517801,-71.41301539999999,Med High,2.039835798419084,FALSE,FALSE
1803,2016-10-28,478687,01:45:00,Pedestrian,1,NA,1,210 EATON ST,RIVER AVE,2016-10-28,"Two-Way , Not Divided",Wet,Dark - Lighted,Rain,Not a Collision Between Two Motor Vehicles in Transport,"Yes, M/V and Driver Left Scene",No Controls,2,1,Complains Of Pain,NA,41.84174,-71.43624,TRUE,FALSE,"210 Eaton Street, Providence, RI, USA",FALSE,-71.4353191,41.8415415,premise,rooftop,"210 eaton st, providence, ri 02908, usa",NA,NA,NA,NA,41.8415415,-71.4353191,High,79.50457197615495,FALSE,FALSE
1804,2016-10-27,478266,18:47:00,Pedestrian,1,NA,1,ALTHEA ST,UNION AVE,2016-10-27,"Two-Way , Not Divided",Wet,Dark - Lighted,Rain,Not a Collision Between Two Motor Vehicles in Transport,No,No Controls,2,0,No Injury,NA,41.8093,-71.43823,FALSE,FALSE,"Althea Street and Union Ave, Providence, RI, USA",FALSE,-71.4384298,41.8092666,intersection,geometric_center,"althea st & union ave, providence, ri 02909, usa",NA,NA,NA,NA,41.8092666,-71.4384298,Med High,16.990021922389825,FALSE,FALSE
1805,2016-10-26,477623,07:57:00,Bicycle,NA,1,1,933 SMITH ST,SMITH ST,2016-10-26,"Two-Way, Divided, Unprotected (painted>4feet) Medium",Dry,Daylight,Clear,Not a Collision Between Two Motor Vehicles in Transport,No,No Controls,2,2,Complains Of Pain,NA,41.84207,-71.44395,TRUE,FALSE,"933 Smith Street, Providence, RI, USA",FALSE,-71.441711,41.841461,street_address,rooftop,"933 smith st, providence, ri 02908, usa",NA,NA,NA,NA,41.841461,-71.441711,High,197.67324264586162,FALSE,FALSE
1806,2016-10-25,477339,12:06:00,Bicycle,NA,1,1,674 PRAIRIE AVE,PRAIRIE AVE,2016-10-25,"Two-Way, Divided, Unprotected (painted>4feet) Medium",Dry,Daylight,Clear,Not a Collision Between Two Motor Vehicles in Transport,No,No Controls,3,2,Complains Of Pain,NA,41.80915,-71.42085,TRUE,FALSE,"674 Prairie Ave, Providence, RI, USA",FALSE,-71.4098983,41.7959329,street_address,rooftop,"674 prairie ave, providence, ri 02905, usa",NA,NA,NA,NA,41.7959329,-71.4098983,High,1729.365711906267,FALSE,FALSE
1807,2016-10-21,475524,08:01:00,Pedestrian,1,NA,1,HAWKINS ST,BRANCH AVE,2016-10-21,"Two-Way , Not Divided",Wet,Daylight,Cloudy,Not a Collision Between Two Motor Vehicles in Transport,No,Traffic Control Signal,3,1,Complains Of Pain,2,41.85088,-71.42147,FALSE,FALSE,"Hawkins Street and Branch Ave, Providence, RI, USA",FALSE,-71.4214171,41.8509231,intersection,geometric_center,"hawkins st & branch ave, providence, ri 02904, usa",NA,NA,NA,NA,41.8509231,-71.4214171,Med High,6.50082192285566,FALSE,FALSE
1808,2016-10-21,476100,20:59:00,Pedestrian,1,NA,1,BOUGH ST,WESTMINSTER ST,2016-10-21,"Two-Way , Not Divided",Wet,Dark - Lighted,Rain,Not a Collision Between Two Motor Vehicles in Transport,"Yes, M/V and Driver Left Scene",Pavement Markings,3,1,Complains Of Pain,NA,41.8166,-71.44187,FALSE,FALSE,"Bough Street and Westminster Street, Providence, RI, USA",FALSE,-71.4418328,41.816627,intersection,geometric_center,"bough st & westminster st, providence, ri 02909, usa",NA,NA,NA,NA,41.816627,-71.4418328,Med High,4.308005055705406,FALSE,FALSE
1809,2016-10-21,476116,21:46:00,Pedestrian,1,NA,1,MEMORIAL BLVD,STEEPLE ST,2016-10-21,"Two-Way , Not Divided",Wet,Dark - Lighted,Rain,Not a Collision Between Two Motor Vehicles in Transport,"Yes, M/V and Driver Left Scene",Traffic Control Signal,2,1,Complains Of Pain,NA,41.82677,-71.41063,FALSE,FALSE,"Memorial Blvd and Steeple Street, Providence, RI, USA",FALSE,-71.409299,41.8273889,route,geometric_center,"steeple st, providence, ri 02903, usa",NA,NA,NA,NA,41.8273889,-71.409299,Med,130.14017905182072,FALSE,FALSE
1810,2016-10-17,473206,09:14:00,Pedestrian,1,NA,1,CHALKSTONE AVE,ALDINE ST,2016-10-17,"Two-Way , Not Divided",Dry,Daylight,Clear,Not a Collision Between Two Motor Vehicles in Transport,No,No Controls,3,1,Complains Of Pain,2,41.83231,-71.45382,FALSE,FALSE,"Chalkstone Ave and Aldine Street, Providence, RI, USA",FALSE,-71.453794,41.8323275,intersection,geometric_center,"aldine st & chalkstone ave, providence, ri 02909, usa",NA,NA,NA,NA,41.8323275,-71.453794,Med High,2.9061584464597354,FALSE,FALSE
1811,2016-10-17,473388,08:55:00,Bicycle,NA,1,1,WHITMARSH ST,BUCKLIN ST,2016-10-17,"Two-Way , Not Divided",Dry,Daylight,Clear,Head-On (Front - to - Front),No,No Controls,3,1,Complains Of Pain,NA,41.8059,-71.42776,FALSE,FALSE,"Whitmarsh Street and Bucklin Street, Providence, RI, USA",FALSE,-71.4278013,41.8059079,intersection,geometric_center,"bucklin st & whitmarsh st, providence, ri 02907, usa",NA,NA,NA,NA,41.8059079,-71.4278013,Med High,3.538044548826097,FALSE,FALSE
1812,2016-10-16,472808,14:08:00,Pedestrian,1,NA,1,265 HARTFORD AVE,NA,2016-10-16,Unknown,Dry,Daylight,Clear,Not a Collision Between Two Motor Vehicles in Transport,No,No Controls,3,1,Complains Of Pain,NA,41.81725,-71.44976,TRUE,TRUE,"265 Hartford Ave, Providence, RI, USA",FALSE,-71.4517594,41.8176247,street_address,rooftop,"265 hartford ave, providence, ri 02909, usa",NA,NA,NA,NA,41.8176247,-71.4517594,High,171.04105930720243,FALSE,FALSE
1813,2016-10-15,472173,15:13:00,Pedestrian,1,NA,1,HARTFORD AVE,HARTFORD AVE,2016-10-15,"Two-Way , Not Divided",Dry,Daylight,Clear,Not a Collision Between Two Motor Vehicles in Transport,No,No Controls,2,1,Complains Of Pain,NA,41.81916,-71.46286,FALSE,FALSE,"Hartford Ave and Hartford Ave, Providence, RI, USA",FALSE,-71.4587339,41.8185901,route,geometric_center,"hartford ave, providence, ri, usa","Hartford Ave Service Rd & Hartford Ave, Johnston, Providence, RI, USA",EkVIYXJ0Zm9yZCBBdmUgU2VydmljZSBSZCAmIEhhcnRmb3JkIEF2ZSwgSm9obnN0b24sIFByb3ZpZGVuY2UsIFJJLCBVU0EiZiJkChQKEgmP4Jty0EfkiRFZT82Cwq1hZxIUChIJj-CbctBH5IkRWU_NgsKtYWcaFAoSCUk2WRTQR-SJEffJJKBODzFaGhQKEgkvAx61JEbkiRGCwC0vu7gN1iIKDdap7hgVnoNc1Q,41.829423,-71.5357282,41.829423,-71.5357282,Med,6151.765714233215,FALSE,FALSE
1814,2016-10-14,471210,13:36:00,Bicycle,NA,1,1,825 Chalkstone Ave,ROSEBANK AVE,2016-10-14,"Two-Way , Not Divided",Dry,Daylight,Clear,Not a Collision Between Two Motor Vehicles in Transport,"Yes, M/V and Driver Left Scene",No Controls,1,1,Complains Of Pain,2,41.83396,-71.43458,TRUE,FALSE,"825 Chalkstone Ave, Providence, RI, USA",FALSE,-71.4355921,41.8351848,premise,rooftop,"825 chalkstone ave, providence, ri 02908, usa",NA,NA,NA,NA,41.8351848,-71.4355921,High,160.1138603454178,FALSE,FALSE
1815,2016-10-13,470582,12:36:00,Bicycle,NA,NA,2,WATERMAN ST,COOKE ST,2016-10-13,One-Way Trafficway,Dry,Daylight,Clear,Rear End(Front-to-Rear),No,No Controls,2,0,No Injury,NA,41.82761,-71.39576,FALSE,FALSE,"Waterman Street and Cooke Street, Providence, RI, USA",FALSE,-71.3954406,41.8276173,intersection,geometric_center,"cooke st & waterman st, providence, ri 02906, usa",NA,NA,NA,NA,41.8276173,-71.3954406,Med High,26.506766034447068,FALSE,FALSE
1816,2016-10-13,470849,18:02:00,Pedestrian,1,NA,1,638 Charles st,CHARLES ST,2016-10-13,"Two-Way , Not Divided",Dry,Daylight,Clear,Not a Collision Between Two Motor Vehicles in Transport,"Yes, M/V and Driver Left Scene",No Controls,1,1,Complains Of Pain,NA,41.85402,-71.42056,TRUE,FALSE,"638 Charles Street, Providence, RI, USA",FALSE,-71.42072879999999,41.8540871,premise,rooftop,"638 charles st, providence, ri 02904, usa",NA,NA,NA,NA,41.8540871,-71.42072879999999,High,15.864679690461218,FALSE,FALSE