row_number,crash_date,crash_report_id,crash_time,collision_type,count_pedestrian,count_bicycle,number_of_vehicles,street_or_highway,nearest_intersection,report_date,type_of_roadway,road_surface_condition,light_condition,weather_condition,manner_of_impact,hit_and_run,traffic_control,person_count,injury_count,most_serious_injury,number_of_lanes,lat_raw,lon_raw,has_st_number,is_intersection_null,address_sent_to_geocoder,is_address_blank,lon_api_first_try,lat_api_first_try,type,loctype,address_returned_by_geocoder,address_returned_by_autocomplete,place_ids_autocompleted,lat_api_second_try,lon_api_second_try,lat_api_best,lon_api_best,api_coord_conf,distance_btwn_coords_meters,scooter,wheel_chair
1862,2016-08-31,450523,16:49:00,Bicycle,NA,1,1,S WATER ST,POWER STREET,2016-08-31,One-Way Trafficway,Dry,Daylight,Clear,Not a Collision Between Two Motor Vehicles in Transport,No,Other,5,1,Non-Incapacitating,NA,41.82239,-71.40603,FALSE,FALSE,"S Water Street and Power Street, Providence, RI, USA",FALSE,-71.4059968,41.82238,intersection,geometric_center,"s water st & power st, providence, ri 02903, usa",NA,NA,NA,NA,41.82238,-71.4059968,Med High,2.970634785362976,FALSE,FALSE
1863,2016-08-30,449765,08:45:00,Pedestrian,1,NA,1,STEEPLE ST,CANAL ST,2016-08-30,One-Way Trafficway,Dry,Daylight,Clear,Not a Collision Between Two Motor Vehicles in Transport,No,Traffic Control Signal,2,1,Complains Of Pain,3,41.82719,-71.40988,FALSE,FALSE,"Steeple Street and Canal Street, Providence, RI, USA",FALSE,-71.409902,41.8271852,intersection,geometric_center,"steeple st & canal st, providence, ri 02903, usa",NA,NA,NA,NA,41.8271852,-71.409902,Med High,1.9015351439086792,FALSE,FALSE
1864,2016-08-30,449809,15:27:00,Bicycle,NA,1,1,WAITE ST,GENERAL ST,2016-08-30,"Two-Way , Not Divided",Dry,Daylight,Clear,Not a Collision Between Two Motor Vehicles in Transport,No,Stop Signs,3,0,No Injury,NA,41.85356,-71.4408,FALSE,FALSE,"Waite Street and General Street, Providence, RI, USA",FALSE,-71.440781,41.853615,intersection,geometric_center,"waite st & general st, providence, ri 02904, usa",NA,NA,NA,NA,41.853615,-71.440781,Med High,6.322010762893714,FALSE,FALSE
1865,2016-08-30,450145,23:09:00,Pedestrian,1,NA,1,SOUTH WATER ST,WILLIAMS ST,2016-08-31,"Two-Way , Not Divided",Dry,Dark - Lighted,Clear,Other,"Yes, M/V and Driver Left Scene",No Controls,5,1,Incapacitating,2,41.82152,-71.40517,FALSE,FALSE,"South Water Street and Williams Street, Providence, RI, USA",FALSE,-71.3972807,41.8225518,route,geometric_center,"williams st, providence, ri, usa",NA,NA,NA,NA,41.8225518,-71.3972807,Med,664.4787194524122,FALSE,FALSE
1866,2016-08-28,449368,18:04:00,Pedestrian,1,NA,1,Public St,GORDON AVE,2016-08-28,"Two-Way , Not Divided",Dry,Daylight,Clear,Not a Collision Between Two Motor Vehicles in Transport,"Yes, M/V and Driver Left Scene",No Controls,2,1,Incapacitating,NA,41.80517,-71.41646,FALSE,FALSE,"Public Street and Gordon Ave, Providence, RI, USA",FALSE,-71.41636299999999,41.8051973,intersection,geometric_center,"gordon ave & public st, providence, ri 02907, usa",NA,NA,NA,NA,41.8051973,-71.41636299999999,Med High,8.603599372444553,FALSE,FALSE
1867,2016-08-27,449133,16:33:00,Bicycle,NA,1,1,OXFORD ST,LOUISA ST,2016-08-27,"Two-Way , Not Divided",Dry,Daylight,Clear,Head-On (Front - to - Front),No,No Controls,3,0,No Injury,2,41.80243,-71.40951,FALSE,FALSE,"Oxford Street and Louisa Street, Providence, RI, USA",FALSE,-71.40950590000001,41.8024514,intersection,geometric_center,"oxford st & louisa st, providence, ri 02905, usa",NA,NA,NA,NA,41.8024514,-71.40950590000001,Med High,2.4064101572893257,FALSE,FALSE
1868,2016-08-26,447978,12:57:00,Bicycle,NA,1,1,CANAL ST,SMITH ST,2016-08-26,One-Way Trafficway,Dry,Daylight,Clear,Angle (Front - to - Side) Right Angle (Includes Broadside),No,Traffic Control Signal,2,0,No Injury,NA,41.83142,-71.41134,FALSE,FALSE,"Canal Street and Smith Street, Providence, RI, USA",FALSE,-71.41132979999999,41.8314185,intersection,geometric_center,"canal st & smith st, providence, ri 02903, usa",NA,NA,NA,NA,41.8314185,-71.41132979999999,Med High,0.8623626702934731,FALSE,FALSE
1869,2016-08-24,447187,13:28:00,Pedestrian,1,NA,1,BOWDOIN ST,KOSSUTH ST,2016-08-24,"Two-Way , Not Divided",Dry,Daylight,Clear,Not a Collision Between Two Motor Vehicles in Transport,No,No Controls,3,1,Complains Of Pain,NA,41.82252,-71.44316,FALSE,FALSE,"Bowdoin Street and Kossuth Street, Providence, RI, USA",FALSE,-71.443237,41.8219489,intersection,geometric_center,"bowdoin st & kossuth st, providence, ri 02909, usa",NA,NA,NA,NA,41.8219489,-71.443237,Med High,63.89466023691302,FALSE,FALSE
1870,2016-08-24,447369,08:14:00,Pedestrian,1,NA,1,WASHINGTON ST,EAST APPROACH,2016-08-24,One-Way Trafficway,Dry,Daylight,Clear,Not a Collision Between Two Motor Vehicles in Transport,No,No Controls,5,1,Fatal,NA,41.82465,-71.41247,FALSE,FALSE,"Washington Street and East Approach, Providence, RI, USA",FALSE,-71.417553,41.821048,route,geometric_center,"washington st, providence, ri, usa",NA,NA,NA,NA,41.821048,-71.417553,Med,581.8785313493535,FALSE,FALSE
1871,2016-08-23,446764,12:36:00,Pedestrian,1,NA,1,Chalkstone Ave,ACADEMY AVE,2016-08-23,"Two-Way , Not Divided",Dry,Daylight,Clear,Not a Collision Between Two Motor Vehicles in Transport,No,No Controls,5,1,Complains Of Pain,2,41.83242,-71.44438,FALSE,FALSE,"Chalkstone Ave and Academy Ave, Providence, RI, USA",FALSE,-71.44452489999999,41.8324538,intersection,geometric_center,"academy ave & chalkstone ave, providence, ri 02908, usa",NA,NA,NA,NA,41.8324538,-71.44452489999999,Med High,12.593788675209263,FALSE,FALSE
1872,2016-08-22,446247,17:44:00,Pedestrian,1,NA,1,WEYBOSSET ST,DORRANCE ST,2016-08-22,"Two-Way , Not Divided",Dry,Daylight,Clear,Not a Collision Between Two Motor Vehicles in Transport,No,Traffic Control Signal,3,1,Complains Of Pain,NA,41.82307,-71.41098,FALSE,FALSE,"Weybosset Street and Dorrance Street, Providence, RI, USA",FALSE,-71.4109933,41.8230796,intersection,geometric_center,"weybosset st & dorrance st, providence, ri 02903, usa",NA,NA,NA,NA,41.8230796,-71.4109933,Med High,1.536019683488445,FALSE,FALSE
1873,2016-08-18,444408,13:04:00,Pedestrian,1,NA,1,EXCHANGE ST,EXCHANGE TER,2016-08-18,"Two-Way , Not Divided",Dry,Daylight,Clear,Not a Collision Between Two Motor Vehicles in Transport,No,Stop Signs,4,1,Complains Of Pain,NA,41.82621,-71.41169,FALSE,FALSE,"Exchange Street and Exchange Ter, Providence, RI, USA",FALSE,-71.41161319999999,41.8261317,intersection,geometric_center,"exchange terrace & exchange st, providence, ri 02903, usa",NA,NA,NA,NA,41.8261317,-71.41161319999999,Med High,10.796307936754653,FALSE,FALSE
1874,2016-08-17,443932,13:55:00,Pedestrian,1,NA,1,elmwood ave,ELMWOOD AVE,2016-08-17,"Two-Way , Not Divided",Dry,Daylight,Clear,Not a Collision Between Two Motor Vehicles in Transport,No,No Controls,3,0,No Injury,NA,41.80861,-71.42467,FALSE,FALSE,"Elmwood Ave and Elmwood Ave, Providence, RI, USA",FALSE,-71.4229658,41.7920613,route,geometric_center,"elmwood ave, providence, ri, usa",NA,NA,NA,NA,41.7920613,-71.4229658,Med,1847.6133997848165,FALSE,FALSE
1875,2016-08-16,443208,14:27:00,Pedestrian,1,NA,1,WASHINGTON ST,EMPIRE ST,2016-08-16,"Two-Way, Divided, Unprotected (painted>4feet) Medium",Wet,Daylight,"Sleet, Hail (Freezing Rain or Drizzle)",Not a Collision Between Two Motor Vehicles in Transport,No,Traffic Control Signal,2,1,Complains Of Pain,NA,41.82182,-71.41645,FALSE,FALSE,"Washington Street and Empire Street, Providence, RI, USA",FALSE,-71.4157797,41.821349,route,geometric_center,"empire st, providence, ri 02903, usa","Washington Street & Empire Street, Providence, RI, USA",EjZXYXNoaW5ndG9uIFN0cmVldCAmIEVtcGlyZSBTdHJlZXQsIFByb3ZpZGVuY2UsIFJJLCBVU0EiZiJkChQKEgmNpp3sEkXkiRHnvAEsqcaDvRIUChIJjaad7BJF5IkR57wBLKnGg70aFAoSCanazZwSReSJERoH0JajEjT2GhQKEgnHPO_pEkXkiRGhxI4iuiomFSIKDWmC7RgVI7hu1Q,41.82186009999999,-71.4164189,41.82186009999999,-71.4164189,Med,5.155853917904554,FALSE,FALSE
1876,2016-08-15,442992,19:18:00,Pedestrian,1,NA,1,BROADWAY,GREENMAN LN,2016-08-16,"Two-Way , Not Divided",Dry,Daylight,Clear,Other,"Yes, M/V and Driver Left Scene",Traffic Control Signal,3,1,Non-Incapacitating,4,41.82232,-71.41867,FALSE,FALSE,"Broadway and Greenman Ln, Providence, RI, USA",FALSE,-71.4119953,41.8109879,doctor,rooftop,"101 dudley st, providence, ri 02905, usa",NA,NA,NA,NA,41.8109879,-71.4119953,Med,1377.6770455316816,FALSE,FALSE
1877,2016-08-14,442516,23:54:00,Bicycle,NA,1,1,218 Dexter St,NA,2016-08-15,"Two-Way , Not Divided",Dry,Dark - Lighted,Clear,Not a Collision Between Two Motor Vehicles in Transport,No,Pavement Markings,2,1,Complains Of Pain,NA,41.81049,-71.42865,TRUE,TRUE,"218 Dexter Street, Providence, RI, USA",FALSE,-71.4279403,41.8105877,street_address,rooftop,"218 dexter st, providence, ri 02907, usa",NA,NA,NA,NA,41.8105877,-71.4279403,High,59.88143017032755,FALSE,FALSE
1878,2016-08-14,442589,19:33:00,Pedestrian,1,NA,1,732 Plainfield St,NA,2016-08-15,"Two-Way , Not Divided",Dry,Daylight,Clear,Not a Collision Between Two Motor Vehicles in Transport,No,No Controls,3,1,Complains Of Pain,NA,41.81063,-71.46222,TRUE,TRUE,"732 Plainfield Street, Providence, RI, USA",FALSE,-71.4620669,41.8107416,street_address,rooftop,"732 plainfield st, providence, ri 02909, usa",NA,NA,NA,NA,41.8107416,-71.4620669,High,17.768074495396313,FALSE,FALSE
1879,2016-08-13,442208,17:21:00,Pedestrian,1,NA,1,850 MANTON AVE,CHALKSTONE AVE,2016-08-13,"Two-Way , Not Divided",Dry,Daylight,Clear,Not a Collision Between Two Motor Vehicles in Transport,No,No Controls,6,1,Incapacitating,NA,41.83391,-71.46721,TRUE,FALSE,"850 Manton Ave, Providence, RI, USA",FALSE,-71.46590429999999,41.8329814,premise,rooftop,"850 manton ave, providence, ri 02909, usa",NA,NA,NA,NA,41.8329814,-71.46590429999999,High,149.71350823088872,FALSE,FALSE
1880,2016-08-13,442221,16:54:00,Bicycle,NA,1,1,North Main St.,Olney St.,2016-08-13,One-Way Trafficway,Dry,Daylight,Clear,Not a Collision Between Two Motor Vehicles in Transport,No,No Controls,3,1,Complains Of Pain,NA,41.83522,-71.4098,FALSE,FALSE,"North Main St. and Olney St., Providence, RI, USA",FALSE,-71.4030852,41.8356978,route,geometric_center,"olney st, providence, ri, usa","N Main St & Olney St, Providence, RI, USA",EilOIE1haW4gU3QgJiBPbG5leSBTdCwgUHJvdmlkZW5jZSwgUkksIFVTQSJmImQKFAoSCecyguceReSJEZoaCA_vhqGHEhQKEgnnMoLnHkXkiRGaGggP74ahhxoUChIJ-fpBPd5E5IkRX9etvg1cIz8aFAoSCQX4NfkgReSJEcWuz-GfMl1QIgoNEYfvGBVWum_V,41.8350865,-71.409809,41.8350865,-71.409809,Med,14.879887372096558,FALSE,FALSE
1881,2016-08-12,442044,02:18:00,Pedestrian,2,NA,1,115 Harris Ave,HARRIS AVE EXIT 22C,2016-08-13,"Two-Way, Divided, Unprotected (painted>4feet) Medium",Dry,Dark - Lighted,Clear,Not a Collision Between Two Motor Vehicles in Transport,"Yes, M/V and Driver Left Scene",No Controls,2,2,Complains Of Pain,NA,41.82692,-71.4245,TRUE,FALSE,"115 Harris Ave, Providence, RI, USA",FALSE,-71.4237416,41.8274083,premise,rooftop,"115 harris ave, providence, ri 02903, usa",NA,NA,NA,NA,41.8274083,-71.4237416,High,83.14068070098136,FALSE,FALSE
1882,2016-08-11,441292,18:09:00,Pedestrian,1,NA,1,BROAD ST,VERNDALE AVE,2016-08-11,"Two-Way , Not Divided",Dry,Daylight,Clear,Not a Collision Between Two Motor Vehicles in Transport,No,Pavement Markings,4,1,Complains Of Pain,2,41.79177,-71.40668,FALSE,FALSE,"Broad Street and Verndale Ave, Providence, RI, USA",FALSE,-71.4094732,41.7897944,route,geometric_center,"verndale ave, providence, ri 02905, usa","Broad Street & Verndale Ave, Providence, RI, USA",EjBCcm9hZCBTdHJlZXQgJiBWZXJuZGFsZSBBdmUsIFByb3ZpZGVuY2UsIFJJLCBVU0EiZiJkChQKEgnV00MujU_kiREBe9ZiVX1MqRIUChIJ1dNDLo1P5IkRAXvWYlV9TKkaFAoSCYPefdWMT-SJESyiypOYSwijGhQKEglHfWgak0_kiRFBCAvcx_6DwSIKDWnr6BgV3TRw1Q,41.7917801,-71.4066723,41.7917801,-71.4066723,Med,1.2932620811959086,FALSE,FALSE
1883,2016-08-08,438786,12:19:00,Bicycle,NA,1,1,CRANSTON ST,ALTHEA ST,2016-08-08,"Two-Way , Not Divided",Dry,Daylight,Clear,Not a Collision Between Two Motor Vehicles in Transport,No,No Controls,2,1,Complains Of Pain,NA,41.80766,-71.43514,FALSE,FALSE,"Cranston Street and Althea Street, Providence, RI, USA",FALSE,-71.4350772,41.807752,intersection,geometric_center,"althea st & cranston st, providence, ri 02907, usa",NA,NA,NA,NA,41.807752,-71.4350772,Med High,11.490846629270763,FALSE,FALSE
1884,2016-08-06,437950,17:14:00,Bicycle,NA,1,1,POCASSET AVE,BANCROFT ST,2016-08-06,"Two-Way , Not Divided",Dry,Daylight,Clear,"Sidwswipe, Opposite Direction",No,Unknown,2,0,No Injury,NA,41.81334,-71.44837,FALSE,FALSE,"Pocasset Ave and Bancroft Street, Providence, RI, USA",FALSE,-71.4483431,41.8133787,intersection,geometric_center,"pocasset ave & bancroft st, providence, ri 02909, usa",NA,NA,NA,NA,41.8133787,-71.4483431,Med High,4.851866543765637,FALSE,FALSE
1885,2016-08-05,437609,17:08:00,Bicycle,NA,1,1,WHITMARSH ST,BUCKLIN ST,2016-08-05,"Two-Way , Not Divided",Dry,Daylight,Clear,Other,No,No Controls,5,1,Complains Of Pain,NA,41.80593,-71.42659,FALSE,FALSE,"Whitmarsh Street and Bucklin Street, Providence, RI, USA",FALSE,-71.4278013,41.8059079,intersection,geometric_center,"bucklin st & whitmarsh st, providence, ri 02907, usa",NA,NA,NA,NA,41.8059079,-71.4278013,Med High,100.54177050914302,FALSE,FALSE
1886,2016-08-03,436672,14:23:00,Bicycle,NA,1,1,BROAD ST,EARLY ST,2016-08-03,"Two-Way, Divided, Unprotected (painted>4feet) Medium",Dry,Daylight,Clear,Other,"Yes, M/V and Driver Left Scene",No Controls,1,1,Complains Of Pain,NA,41.79526,-71.41102,FALSE,FALSE,"Broad Street and Early Street, Providence, RI, USA",FALSE,-71.4132727,41.7947406,route,geometric_center,"early st, providence, ri, usa","Broad Street & Early Street, Providence, RI, USA",EjBCcm9hZCBTdHJlZXQgJiBFYXJseSBTdHJlZXQsIFByb3ZpZGVuY2UsIFJJLCBVU0EiZiJkChQKEgmXU933i0_kiREGVbKb8h8HNxIUChIJl1Pd94tP5IkRBlWym_IfBzcaFAoSCYPefdWMT-SJESyiypOYSwijGhQKEgnvKWa8jk_kiRGRtjQvItEbESIKDWN86RgVooBv1Q,41.7954915,-71.41128619999999,41.7954915,-71.41128619999999,Med,33.943982216649474,FALSE,FALSE
1887,2016-08-03,442363,14:09:00,Pedestrian,2,NA,1,N MAIN ST,DOYLE AVE,2016-08-09,"Two-Way, Divided, Positive Median Barrier",Dry,Daylight,Clear,Not a Collision Between Two Motor Vehicles in Transport,"Yes, Driver Left Scene",Pavement Markings,2,0,No Injury,NA,41.83833,-71.40923,FALSE,FALSE,"N Main Street and Doyle Ave, Providence, RI, USA",FALSE,-71.4000972,41.8387695,route,geometric_center,"doyle ave, providence, ri 02906, usa","North Main Street & Doyle Ave, Providence, RI, USA",EjJOb3J0aCBNYWluIFN0cmVldCAmIERveWxlIEF2ZSwgUHJvdmlkZW5jZSwgUkksIFVTQSJmImQKFAoSCXf5vyseReSJETFnB8CyBmhQEhQKEgl3-b8rHkXkiRExZwfAsgZoUBoUChIJ-fpBPd5E5IkRX9etvg1cIz8aFAoSCTmA9zjfROSJEUS_S7ng1zRJIgoNQwfwGBUn0W_V,41.83836830000001,-71.4092249,41.83836830000001,-71.4092249,Med,4.284466309918386,FALSE,FALSE
1888,2016-08-01,435237,08:23:00,Pedestrian,3,NA,1,CHALKSTONE AVE,FALLON AVE,2016-08-01,"Two-Way , Not Divided",Dry,Daylight,Clear,Not a Collision Between Two Motor Vehicles in Transport,No,No Controls,7,1,Non-Incapacitating,NA,41.83235,-71.44388,FALSE,FALSE,"Chalkstone Ave and Fallon Ave, Providence, RI, USA",FALSE,-71.443344,41.832336,intersection,geometric_center,"fallon ave & chalkstone ave, providence, ri 02908, usa",NA,NA,NA,NA,41.832336,-71.443344,Med High,44.48535131774684,FALSE,FALSE
1889,2016-07-30,434313,11:26:00,Bicycle,NA,1,1,CRANSTON ST,ALTHEA ST,2016-07-30,"Two-Way , Not Divided",Dry,Daylight,Clear,"Sidwswipe, Opposite Direction",No,Traffic Control Signal,4,1,Complains Of Pain,NA,41.80773,-71.43508,FALSE,FALSE,"Cranston Street and Althea Street, Providence, RI, USA",FALSE,-71.4350772,41.807752,intersection,geometric_center,"althea st & cranston st, providence, ri 02907, usa",NA,NA,NA,NA,41.807752,-71.4350772,Med High,2.460024503540409,FALSE,FALSE
1890,2016-07-29,434240,21:32:00,Bicycle,NA,1,1,River Ave,Pleasant Valley Prkwy,2016-07-30,"Two-Way , Not Divided",Dry,Dark - Lighted,Clear,Not a Collision Between Two Motor Vehicles in Transport,No,Stop Signs,3,1,Complains Of Pain,NA,41.83528,-71.43912,FALSE,FALSE,"River Ave and Pleasant Valley Prkwy, Providence, RI, USA",FALSE,-71.4391751,41.8355318,intersection,geometric_center,"river ave & pleasant valley pkwy, providence, ri 02908, usa",NA,NA,NA,NA,41.8355318,-71.4391751,Med High,28.400346960659693,FALSE,FALSE
1891,2016-07-28,433523,09:50:00,Bicycle,NA,1,1,WESTMINSTER ST EXIT,WESTMINSTER ST,2016-07-28,One-Way Trafficway,Dry,Daylight,Clear,Not a Collision Between Two Motor Vehicles in Transport,No,Traffic Control Signal,2,1,Complains Of Pain,NA,41.81576,-71.43865,FALSE,FALSE,"Westminster Street Exit and Westminster Street, Providence, RI, USA",FALSE,-71.4257801,41.8171825,route,geometric_center,"westminster st, providence, ri, usa",NA,NA,NA,NA,41.8171825,-71.4257801,Med,1079.425380687484,FALSE,FALSE
1892,2016-07-28,434140,22:30:00,Pedestrian,1,NA,1,WHIPPLE ST,GEOFFREYS CT,2016-07-29,"Two-Way , Not Divided",Dry,Dark - Lighted,Clear,Unknown,"Yes, M/V and Driver Left Scene",No Controls,1,1,Incapacitating,NA,41.83708,-71.42139,FALSE,FALSE,"Whipple Street and Geoffreys Ct, Providence, RI, USA",FALSE,-71.42130759999999,41.83723519999999,intersection,geometric_center,"whipple st & geoffreys ct, providence, ri 02908, usa",NA,NA,NA,NA,41.83723519999999,-71.42130759999999,Med High,18.579342222820628,FALSE,FALSE
1893,2016-07-21,429399,12:30:00,Pedestrian,1,NA,1,HAWKINS ST,BRANCH AVE,2016-07-21,"Two-Way, Divided, Unprotected (painted>4feet) Medium",Dry,Daylight,Clear,Not a Collision Between Two Motor Vehicles in Transport,No,Traffic Control Signal,4,1,Complains Of Pain,NA,41.8509,-71.42142,FALSE,FALSE,"Hawkins Street and Branch Ave, Providence, RI, USA",FALSE,-71.4214171,41.8509231,intersection,geometric_center,"hawkins st & branch ave, providence, ri 02904, usa",NA,NA,NA,NA,41.8509231,-71.4214171,Med High,2.582699272713118,FALSE,FALSE
1894,2016-07-21,429438,13:40:00,Pedestrian,1,NA,1,DUDLEY ST,CULVER ST,2016-07-21,"Two-Way, Divided, Unprotected (painted>4feet) Medium",Dry,Daylight,Clear,Not a Collision Between Two Motor Vehicles in Transport,No,No Controls,3,0,No Injury,NA,41.81069,-71.40797,FALSE,FALSE,"Dudley Street and Culver Street, Providence, RI, USA",FALSE,-71.4086492,41.8106124,intersection,geometric_center,"dudley st & culver st, providence, ri 02903, usa",NA,NA,NA,NA,41.8106124,-71.4086492,Med High,57.01295606914358,FALSE,FALSE
1895,2016-07-21,429439,14:02:00,Pedestrian,1,NA,1,MEETING ST,THAYER ST,2016-07-21,One-Way Trafficway,Dry,Daylight,Clear,Not a Collision Between Two Motor Vehicles in Transport,"Yes, M/V and Driver Left Scene",No Controls,1,1,Complains Of Pain,NA,41.82916,-71.40079,FALSE,FALSE,"Meeting Street and Thayer Street, Providence, RI, USA",FALSE,-71.4007664,41.8291611,intersection,geometric_center,"thayer st & meeting st, providence, ri 02906, usa",NA,NA,NA,NA,41.8291611,-71.4007664,Med High,1.9614044309475727,FALSE,FALSE
1896,2016-07-21,429720,21:26:00,Bicycle,NA,1,1,WASHINGTON ST,SNOW ST,2016-07-21,"Two-Way , Not Divided",Dry,Dark - Lighted,Clear,Not a Collision Between Two Motor Vehicles in Transport,No,No Controls,3,1,Complains Of Pain,2,41.82252,-71.4155,FALSE,FALSE,"Washington Street and Snow Street, Providence, RI, USA",FALSE,-71.4154294,41.8225898,intersection,geometric_center,"snow st & washington st, providence, ri 02903, usa",NA,NA,NA,NA,41.8225898,-71.4154294,Med High,9.730158137261443,FALSE,FALSE
1897,2016-07-20,428996,16:55:00,Pedestrian,1,NA,1,LINDEN AVE,ELMWOOD AVE,2016-07-20,"Two-Way , Not Divided",Dry,Daylight,Clear,Not a Collision Between Two Motor Vehicles in Transport,No,No Controls,2,1,Complains Of Pain,NA,41.78612,-71.41951,FALSE,FALSE,"Linden Ave and Elmwood Ave, Providence, RI, USA",FALSE,-71.419558,41.786122,intersection,geometric_center,"elmwood ave & linden ave, providence, ri 02907, usa",NA,NA,NA,NA,41.786122,-71.419558,Med High,3.9904067689175786,FALSE,FALSE
1898,2016-07-18,427535,12:52:00,Pedestrian,3,NA,1,ROCHAMBEAU AVE,HOPE ST,2016-07-18,"Two-Way , Not Divided",Dry,Daylight,Clear,Not a Collision Between Two Motor Vehicles in Transport,"Yes, M/V and Driver Left Scene",Pavement Markings,8,3,Non-Incapacitating,NA,41.84691,-71.39615,FALSE,FALSE,"Rochambeau Ave and Hope Street, Providence, RI, USA",FALSE,-71.3960532,41.8469319,intersection,geometric_center,"hope st & rochambeau ave, providence, ri 02906, usa",NA,NA,NA,NA,41.8469319,-71.3960532,Med High,8.389198814621471,FALSE,FALSE
1899,2016-07-18,427575,13:41:00,Bicycle,NA,1,1,111 POINT ST,CHESTNUT ST,2016-07-18,"Two-Way , Not Divided",Dry,Daylight,Clear,Angle (Front - to - Side) Right Angle (Includes Broadside),No,Stop Signs,3,0,No Injury,NA,41.81626,-71.408,TRUE,FALSE,"111 Point Street, Providence, RI, USA",FALSE,-71.4079039,41.8166393,premise,rooftop,"111 point st, providence, ri 02903, usa",NA,NA,NA,NA,41.8166393,-71.4079039,High,42.96963772114553,FALSE,FALSE
1900,2016-07-17,426919,02:03:00,Bicycle,NA,1,1,INDIA ST,BRIDGE ST,2016-07-17,One-Way Trafficway,Dry,Dark - Lighted,Clear,"Sideswipe, Same Direction",No,No Controls,4,0,No Injury,NA,41.81828,-71.40226,FALSE,FALSE,"India Street and Bridge Street, Providence, RI, USA",FALSE,-71.4002189,41.81579550000001,intersection,geometric_center,"india st & bridge st, providence, ri 02903, usa",NA,NA,NA,NA,41.81579550000001,-71.4002189,Med High,324.29621193541146,FALSE,FALSE
1901,2016-07-16,426774,02:20:00,Pedestrian,1,NA,1,HARTFORD AVE,MERINO ST,2016-07-16,"Two-Way , Not Divided",Dry,Dark - Lighted,Clear,Not a Collision Between Two Motor Vehicles in Transport,No,No Controls,3,1,Complains Of Pain,NA,41.81891,-71.46106,FALSE,FALSE,"Hartford Ave and Merino Street, Providence, RI, USA",FALSE,-71.4591219,41.8186529,intersection,geometric_center,"merino st & hartford ave, providence, ri 02909, usa",NA,NA,NA,NA,41.8186529,-71.4591219,Med High,163.31537230778432,FALSE,FALSE
1902,2016-07-16,426866,16:27:00,Bicycle,NA,1,1,UPDIKE ST,MAWNEY ST,2016-07-16,"Two-Way , Not Divided",Dry,Daylight,Clear,Not a Collision Between Two Motor Vehicles in Transport,No,No Controls,4,1,Complains Of Pain,2,41.80364,-71.42239,FALSE,FALSE,"Updike Street and Mawney Street, Providence, RI, USA",FALSE,-71.4223935,41.803663,intersection,geometric_center,"updike st & mawney st, providence, ri 02907, usa",NA,NA,NA,NA,41.803663,-71.4223935,Med High,2.576768430623654,FALSE,FALSE
1903,2016-07-15,426690,20:48:00,Pedestrian,1,NA,1,ATWELLS AVE,DE PASQUALE AVE,2016-07-15,"Two-Way , Not Divided",Dry,Dark - Lighted,Clear,Not a Collision Between Two Motor Vehicles in Transport,No,No Controls,2,1,Complains Of Pain,NA,41.82359,-71.42694,FALSE,FALSE,"Atwells Ave and De Pasquale Ave, Providence, RI, USA",FALSE,-71.4270169,41.8235993,intersection,geometric_center,"de pasquale ave & atwells ave, providence, ri 02903, usa",NA,NA,NA,NA,41.8235993,-71.4270169,Med High,6.462733269831416,FALSE,FALSE
1904,2016-07-14,426160,12:11:00,Pedestrian,1,NA,1,ELMWOOD AVE,ELMWOOD AVE,2016-07-14,"Two-Way , Not Divided",Dry,Daylight,Cloudy,Not a Collision Between Two Motor Vehicles in Transport,No,No Controls,4,1,Complains Of Pain,NA,41.8037,-71.42567,FALSE,FALSE,"Elmwood Ave and Elmwood Ave, Providence, RI, USA",FALSE,-71.4229658,41.7920613,route,geometric_center,"elmwood ave, providence, ri, usa",NA,NA,NA,NA,41.7920613,-71.4229658,Med,1314.9066761109566,FALSE,FALSE
1905,2016-07-14,426361,20:58:00,Pedestrian,1,NA,1,241 Jewett St,NA,2016-07-14,"Two-Way , Not Divided",Dry,Dark - Lighted,Clear,Not a Collision Between Two Motor Vehicles in Transport,No,No Controls,3,1,Complains Of Pain,NA,41.83239,-71.42645,TRUE,TRUE,"241 Jewett Street, Providence, RI, USA",FALSE,-71.4259574,41.8325977,street_address,rooftop,"241 jewett st, providence, ri 02908, usa",NA,NA,NA,NA,41.8325977,-71.4259574,High,46.94649750876819,FALSE,FALSE
1906,2016-07-13,425862,09:51:00,Bicycle,NA,1,1,BROAD ST,CHESTNUT ST,2016-07-13,"Two-Way , Not Divided",Dry,Daylight,Clear,Not a Collision Between Two Motor Vehicles in Transport,No,No Controls,2,1,Complains Of Pain,3,41.82003,-71.41432,FALSE,FALSE,"Broad Street and Chestnut Street, Providence, RI, USA",FALSE,-71.3876733,41.8928375,intersection,geometric_center,"chestnut st & broad st, central falls, ri 02863, usa",NA,NA,NA,NA,41.8928375,-71.3876733,Med High,8400.62797448813,FALSE,FALSE