row_number,crash_date,crash_report_id,crash_time,collision_type,count_pedestrian,count_bicycle,number_of_vehicles,street_or_highway,nearest_intersection,report_date,type_of_roadway,road_surface_condition,light_condition,weather_condition,manner_of_impact,hit_and_run,traffic_control,person_count,injury_count,most_serious_injury,number_of_lanes,lat_raw,lon_raw,has_st_number,is_intersection_null,address_sent_to_geocoder,is_address_blank,lon_api_first_try,lat_api_first_try,type,loctype,address_returned_by_geocoder,address_returned_by_autocomplete,place_ids_autocompleted,lat_api_second_try,lon_api_second_try,lat_api_best,lon_api_best,api_coord_conf,distance_btwn_coords_meters,scooter,wheel_chair
1907,2016-07-13,425930,17:40:00,Bicycle,NA,1,1,LINWOOD AVE,UNION AVE,2016-07-13,"Two-Way , Not Divided",Dry,Daylight,Clear,Not a Collision Between Two Motor Vehicles in Transport,No,No Controls,3,1,Complains Of Pain,2,41.80885,-71.43939,FALSE,FALSE,"Linwood Ave and Union Ave, Providence, RI, USA",FALSE,-71.43950629999999,41.8089742,intersection,geometric_center,"linwood ave & union ave, providence, ri 02909, usa",NA,NA,NA,NA,41.8089742,-71.43950629999999,Med High,16.860490398362522,FALSE,FALSE
1908,2016-07-11,425191,18:49:00,Bicycle,NA,1,1,ROANOKE ST,ACADEMY AVE,2016-07-11,"Two-Way , Not Divided",Dry,Daylight,Clear,Not a Collision Between Two Motor Vehicles in Transport,No,No Controls,2,1,Complains Of Pain,NA,41.83168,-71.44442,FALSE,FALSE,"Roanoke Street and Academy Ave, Providence, RI, USA",FALSE,-71.4444199,41.83168,intersection,geometric_center,"academy ave & roanoke st, providence, ri 02908, usa",NA,NA,NA,NA,41.83168,-71.4444199,Med High,0.008294496860613863,FALSE,FALSE
1909,2016-07-11,425583,16:20:00,Bicycle,NA,1,1,BROAD ST,BROAD ST,2016-07-11,"Two-Way , Not Divided",Dry,Daylight,Clear,Angle (Front - to - Side) Same Direction,No,No Controls,2,1,Complains Of Pain,NA,41.8057,-71.41977,FALSE,FALSE,"Broad Street and Broad Street, Providence, RI, USA",FALSE,-71.4101636,41.7945838,route,geometric_center,"broad st, providence, ri, usa",NA,NA,NA,NA,41.7945838,-71.4101636,Med,1472.0060205095635,FALSE,FALSE
1910,2016-07-09,424339,12:27:00,Bicycle,NA,2,1,WEYBOSSET ST,ABBOTT PARK PL,2016-07-09,"Two-Way , Not Divided",Dry,Daylight,Cloudy,Not a Collision Between Two Motor Vehicles in Transport,No,No Controls,3,1,Complains Of Pain,NA,41.8205,-71.41363,FALSE,FALSE,"Weybosset Street and Abbott Park Pl, Providence, RI, USA",FALSE,-71.4136706,41.8204998,intersection,geometric_center,"weybosset st & abbott park pl, providence, ri 02903, usa",NA,NA,NA,NA,41.8204998,-71.4136706,Med High,3.368227496514293,FALSE,FALSE
1911,2016-07-06,423317,12:03:00,Bicycle,NA,1,1,Broadway,ATWELLS AVE,2016-07-06,"Two-Way , Not Divided",Dry,Daylight,Clear,Not a Collision Between Two Motor Vehicles in Transport,No,Traffic Control Signal,3,1,Complains Of Pain,NA,41.82311,-71.42008,FALSE,FALSE,"Broadway and Atwells Ave, Providence, RI, USA",FALSE,-71.4363598,41.8244829,route,geometric_center,"atwells ave, providence, ri, usa","Broadway & Atwells Ave, Providence, RI, USA",EitCcm9hZHdheSAmIEF0d2VsbHMgQXZlLCBQcm92aWRlbmNlLCBSSSwgVVNBImYiZAoUChIJTTRHew1F5IkRZCoShZCvLQ0SFAoSCU00R3sNReSJEWQqEoWQry0NGhQKEgmlteWGdUXkiREawjOx16RvsxoUChIJ7W1EBqJF5IkRRornUFgoCTQiCg3OmO0YFQVnbtU,41.8224334,-71.41849549999999,41.8224334,-71.41849549999999,Med,151.49454825642056,FALSE,FALSE
1912,2016-07-06,423866,14:04:00,Pedestrian,1,NA,1,WESTMINSTER ST,BRIDGHAM ST,2016-07-07,"Two-Way, Divided, Unprotected (painted>4feet) Medium",Dry,Daylight,Clear,Not a Collision Between Two Motor Vehicles in Transport,No,Traffic Control Signal,2,1,Non-Incapacitating,NA,41.8169,-71.42848,FALSE,FALSE,"Westminster Street and Bridgham Street, Providence, RI, USA",FALSE,-71.4284038,41.8169384,intersection,geometric_center,"bridgham st & westminster st, providence, ri 02909, usa",NA,NA,NA,NA,41.8169384,-71.4284038,Med High,7.631432038175423,FALSE,FALSE
1913,2016-07-05,423024,16:19:00,Pedestrian,1,NA,1,WASHINGTON STREET,EMPIRE ST,2016-07-05,"Two-Way , Not Divided",Dry,Daylight,Clear,Angle - Direction Not Specified,No,Traffic Control Signal,2,1,Complains Of Pain,NA,41.82182,-71.41645,FALSE,FALSE,"Washington Street and Empire Street, Providence, RI, USA",FALSE,-71.4157797,41.821349,route,geometric_center,"empire st, providence, ri 02903, usa","Washington Street & Empire Street, Providence, RI, USA",EjZXYXNoaW5ndG9uIFN0cmVldCAmIEVtcGlyZSBTdHJlZXQsIFByb3ZpZGVuY2UsIFJJLCBVU0EiZiJkChQKEgmNpp3sEkXkiRHnvAEsqcaDvRIUChIJjaad7BJF5IkR57wBLKnGg70aFAoSCanazZwSReSJERoH0JajEjT2GhQKEgnHPO_pEkXkiRGhxI4iuiomFSIKDWmC7RgVI7hu1Q,41.82186009999999,-71.4164189,41.82186009999999,-71.4164189,Med,5.155853917904554,FALSE,FALSE
1914,2016-07-05,423119,21:27:00,Pedestrian,1,NA,1,GODDARD ST,CANDACE ST,2016-07-05,"Two-Way , Not Divided",Dry,Dark - Lighted,Clear,Not a Collision Between Two Motor Vehicles in Transport,No,No Controls,3,1,Complains Of Pain,NA,41.83447,-71.42156,FALSE,FALSE,"Goddard Street and Candace Street, Providence, RI, USA",FALSE,-71.42206550000002,41.8343772,intersection,geometric_center,"candace st & goddard st, providence, ri 02908, usa",NA,NA,NA,NA,41.8343772,-71.42206550000002,Med High,43.18080460855609,FALSE,FALSE
1915,2016-07-04,422625,19:39:00,Pedestrian,1,NA,1,ROWAN STREET,CHALKSTONE AVE,2016-07-04,"Two-Way , Not Divided",Dry,Daylight,Clear,"Sideswipe, Same Direction","Yes, M/V and Driver Left Scene",No Controls,1,1,Complains Of Pain,NA,41.83337,-71.44742,FALSE,FALSE,"Rowan Street and Chalkstone Ave, Providence, RI, USA",FALSE,-71.44736990000001,41.8328439,intersection,geometric_center,"rowan st & chalkstone ave, providence, ri 02908, usa",NA,NA,NA,NA,41.8328439,-71.44736990000001,Med High,58.71242251254195,FALSE,FALSE
1916,2016-07-01,421443,06:46:00,Pedestrian,1,NA,1,EDDY ST,EDDY ST EXIT,2016-07-01,"Two-Way , Not Divided",Dry,Daylight,Clear,Other,No,No Controls,2,0,No Injury,NA,41.81158,-71.40709,FALSE,FALSE,"Eddy Street and Eddy St Exit, Providence, RI, USA",FALSE,-71.4072274,41.8059506,route,geometric_center,"eddy st, providence, ri, usa",NA,NA,NA,NA,41.8059506,-71.4072274,Med,626.7656382214763,FALSE,FALSE
1917,2016-07-01,421468,09:04:00,Pedestrian,1,NA,1,30 Hagan Street,30 Hagan Street,2016-07-01,"Two-Way , Not Divided",Dry,Daylight,Clear,Other,No,Person,4,1,Incapacitating,NA,41.83623,-71.43046,TRUE,FALSE,"30 Hagan Street, Providence, RI, USA",FALSE,-71.4220916,41.8561688,premise,rooftop,"30 hagan st, providence, ri 02904, usa",NA,NA,NA,NA,41.8561688,-71.4220916,High,2325.5325679474895,FALSE,FALSE
1918,2016-06-29,420681,11:49:00,Pedestrian,1,NA,1,649 N MAIN ST,NA,2016-06-29,Unknown,Dry,Daylight,Clear,Unknown,"Yes, M/V and Driver Left Scene",Pavement Markings,3,1,Complains Of Pain,NA,41.83823,-71.40925,TRUE,TRUE,"649 N Main Street, Providence, RI, USA",FALSE,-71.40882309999999,41.8381141,premise,rooftop,"649 n main st, providence, ri 02904, usa",NA,NA,NA,NA,41.8381141,-71.40882309999999,High,37.68311879925228,FALSE,FALSE
1919,2016-06-26,419624,17:18:00,Bicycle,NA,1,1,BROADWAY,SERVICE ROAD 8,2016-06-26,One-Way Trafficway,Dry,Daylight,Clear,Not a Collision Between Two Motor Vehicles in Transport,No,Pavement Markings,3,1,Complains Of Pain,NA,41.82212,-71.41976,FALSE,FALSE,"Broadway and Service Road 8, Providence, RI, USA",FALSE,-71.391257,41.7939064,street_address,range_interpolated,"8 service rd, providence, ri 02905, usa",NA,NA,NA,NA,41.7939064,-71.391257,Med High,3931.6188190658218,FALSE,FALSE
1920,2016-06-24,418990,10:34:00,Pedestrian,1,NA,1,280 WASHINGTON STREET,SERVICE ROAD 8,2016-06-24,"Two-Way , Not Divided",Dry,Daylight,Clear,Not a Collision Between Two Motor Vehicles in Transport,No,No Controls,5,1,Non-Incapacitating,NA,41.82067,-71.4181,TRUE,FALSE,"280 Washington Street, Providence, RI, USA",FALSE,-71.417929,41.820343,street_address,rooftop,"280 washington st, providence, ri 02903, usa",NA,NA,NA,NA,41.820343,-71.417929,High,39.0680397117852,FALSE,FALSE
1921,2016-06-24,419052,15:25:00,Pedestrian,1,NA,1,5 Elmwood Ave,NA,2016-06-24,"Two-Way , Not Divided",Dry,Daylight,Clear,Not a Collision Between Two Motor Vehicles in Transport,No,No Controls,4,1,Incapacitating,NA,41.81268,-71.42208,TRUE,TRUE,"5 Elmwood Ave, Providence, RI, USA",FALSE,-71.4228341,41.8125918,premise,rooftop,"5 elmwood ave, providence, ri 02907, usa",NA,NA,NA,NA,41.8125918,-71.4228341,High,63.333096412592845,FALSE,FALSE
1922,2016-06-24,419086,15:03:00,Pedestrian,1,NA,1,10 BODELL AVENUE,NA,2016-06-24,"Two-Way , Not Divided",Dry,Daylight,Clear,Not a Collision Between Two Motor Vehicles in Transport,No,No Controls,3,1,Incapacitating,NA,41.81664,-71.4525,TRUE,TRUE,"10 Bodell Avenue, Providence, RI, USA",FALSE,-71.4527791,41.8164156,premise,rooftop,"10 bodell ave, providence, ri 02909, usa",NA,NA,NA,NA,41.8164156,-71.4527791,High,34.06139419034571,FALSE,FALSE
1923,2016-06-23,418360,08:21:00,Pedestrian,1,NA,1,SOUTH ST,RICHMOND ST,2016-06-23,"Two-Way , Not Divided",Dry,Daylight,Clear,Other,No,Stop Signs,2,1,Complains Of Pain,2,41.81737,-71.40785,FALSE,FALSE,"South Street and Richmond Street, Providence, RI, USA",FALSE,-71.4078372,41.817371,intersection,geometric_center,"richmond st & south st, providence, ri 02903, usa",NA,NA,NA,NA,41.817371,-71.4078372,Med High,1.0677516439238655,FALSE,FALSE
1924,2016-06-23,418398,09:47:00,Pedestrian,1,NA,1,ATWELLS AVE,HANNAH ST,2016-06-23,Unknown,Dry,Daylight,Clear,Not a Collision Between Two Motor Vehicles in Transport,No,No Controls,2,1,Complains Of Pain,NA,41.82508,-71.44898,FALSE,FALSE,"Atwells Ave and Hannah Street, Providence, RI, USA",FALSE,-71.4486537,41.8250697,intersection,geometric_center,"hannah st & atwells ave, providence, ri 02909, usa",NA,NA,NA,NA,41.8250697,-71.4486537,Med High,27.092010385857332,FALSE,FALSE
1925,2016-06-23,418488,15:31:00,Bicycle,NA,1,1,WESTMINSTER ST EXIT,WESTMINSTER ST,2016-06-23,"Two-Way, Divided, Unprotected (painted>4feet) Medium",Dry,Daylight,Clear,Angle (Front - to - Side) Right Angle (Includes Broadside),No,Traffic Control Signal,2,0,No Injury,NA,41.81577,-71.43886,FALSE,FALSE,"Westminster Street Exit and Westminster Street, Providence, RI, USA",FALSE,-71.4257801,41.8171825,route,geometric_center,"westminster st, providence, ri, usa",NA,NA,NA,NA,41.8171825,-71.4257801,Med,1096.5021760251966,FALSE,FALSE
1926,2016-06-23,418532,17:48:00,Bicycle,NA,1,1,HARWICH RD,BLACKSTONE BLVD,2016-06-23,"Two-Way, Divided, Positive Median Barrier",Dry,Daylight,Clear,Not a Collision Between Two Motor Vehicles in Transport,"Yes, M/V and Driver Left Scene",Pavement Markings,1,1,Incapacitating,NA,41.85012,-71.38739,FALSE,FALSE,"Harwich Rd and Blackstone Blvd, Providence, RI, USA",FALSE,-71.3873772,41.8501261,intersection,geometric_center,"harwich rd & blackstone blvd, providence, ri 02906, usa",NA,NA,NA,NA,41.8501261,-71.3873772,Med High,1.260021991846204,FALSE,FALSE
1927,2016-06-21,417407,06:54:00,Pedestrian,1,NA,1,DEAN ST,SPRUCE ST,2016-06-21,"Two-Way, Divided, Unprotected (painted>4feet) Medium",Wet,Daylight,Rain,Other,No,No Controls,3,1,Complains Of Pain,NA,41.82365,-71.42446,FALSE,FALSE,"Dean Street and Spruce Street, Providence, RI, USA",FALSE,-71.42506689999999,41.8241849,intersection,geometric_center,"dean st & spruce st, providence, ri 02903, usa",NA,NA,NA,NA,41.8241849,-71.42506689999999,Med High,77.97591078120244,FALSE,FALSE
1928,2016-06-21,417498,12:15:00,Pedestrian,1,NA,1,Thurbers Ave,I 95 S,2016-06-21,One-Way Trafficway,Dry,Daylight,Clear,Other,No,No Controls,2,1,Complains Of Pain,NA,41.80057,-71.40309,FALSE,FALSE,"Thurbers Ave and I 95 S, Providence, RI, USA",FALSE,-71.4049215,41.8000923,street_address,range_interpolated,"95 thurbers ave, providence, ri 02905, usa",NA,NA,NA,NA,41.8000923,-71.4049215,Med High,161.02237976561602,FALSE,FALSE
1929,2016-06-21,417636,18:50:00,Pedestrian,1,NA,1,ADMIRAL ST,WINONA ST,2016-06-21,"Two-Way , Not Divided",Dry,Daylight,Clear,Not a Collision Between Two Motor Vehicles in Transport,No,No Controls,2,1,Complains Of Pain,NA,41.85253,-71.44562,FALSE,FALSE,"Admiral Street and Winona Street, Providence, RI, USA",FALSE,-71.4454027,41.8522875,intersection,geometric_center,"admiral st & winona st, providence, ri 02904, usa",NA,NA,NA,NA,41.8522875,-71.4454027,Med High,32.455828964712254,FALSE,FALSE
1930,2016-06-14,413464,09:06:00,Pedestrian,1,NA,1,PARK ROW E,CANAL ST,2016-06-14,"Two-Way , Not Divided",Dry,Daylight,Clear,Other,No,Stop Signs,3,1,Complains Of Pain,NA,41.82846,-71.41075,FALSE,FALSE,"Park Row E and Canal Street, Providence, RI, USA",FALSE,-71.4106907,41.8284695,intersection,geometric_center,"park row w & canal st, providence, ri 02903, usa",NA,NA,NA,NA,41.8284695,-71.4106907,Med High,5.031281988655382,FALSE,FALSE
1931,2016-06-11,412116,14:55:00,Bicycle,NA,1,1,Blackstone Blvd,Freeman Pkwy,2016-06-11,One-Way Trafficway,Wet,Daylight,Rain,Angle (Front - to - Side) Right Angle (Includes Broadside),No,No Controls,2,1,Complains Of Pain,NA,41.83895,-71.38512,FALSE,FALSE,"Blackstone Blvd and Freeman Pkwy, Providence, RI, USA",FALSE,-71.38560389999999,41.8388925,intersection,geometric_center,"freeman pkwy & blackstone blvd, providence, ri 02906, usa",NA,NA,NA,NA,41.8388925,-71.38560389999999,Med High,40.63977282273402,FALSE,FALSE
1932,2016-06-10,411801,17:53:00,Pedestrian,1,NA,1,993 MANTON AVE,NA,2016-06-10,"Two-Way , Not Divided",Dry,Daylight,Clear,Not a Collision Between Two Motor Vehicles in Transport,No,No Controls,3,1,Complains Of Pain,2,41.8332,-71.46984,TRUE,TRUE,"993 Manton Ave, Providence, RI, USA",FALSE,-71.4710291,41.8337412,premise,rooftop,"993 manton ave, providence, ri 02909, usa",NA,NA,NA,NA,41.8337412,-71.4710291,High,115.57205312102279,FALSE,FALSE
1933,2016-06-10,411873,19:47:00,Bicycle,NA,1,1,Prairie Ave,Public St,2016-06-10,"Two-Way , Not Divided",Dry,Daylight,Clear,Not a Collision Between Two Motor Vehicles in Transport,"Yes, Driver Left Scene",No Controls,1,1,Complains Of Pain,NA,41.8056,-71.41483,FALSE,FALSE,"Prairie Ave and Public Street, Providence, RI, USA",FALSE,-71.41481200000001,41.8055601,intersection,geometric_center,"public st & prairie ave, providence, ri 02907, usa",NA,NA,NA,NA,41.8055601,-71.41481200000001,Med High,4.686056881558915,FALSE,FALSE
1934,2016-06-10,412338,22:14:00,Bicycle,NA,1,1,BRANCH AVE,MOY ST,2016-06-11,"Two-Way , Not Divided",Dry,Dark - Not Lighted,Clear,Not a Collision Between Two Motor Vehicles in Transport,"Yes, M/V and Driver Left Scene",No Controls,1,1,Complains Of Pain,NA,41.85486,-71.43605,FALSE,FALSE,"Branch Ave and Moy Street, Providence, RI, USA",FALSE,-71.4362622,41.8548966,intersection,geometric_center,"branch ave & moy st, providence, ri 02904, usa",NA,NA,NA,NA,41.8548966,-71.4362622,Med High,18.060116025238198,FALSE,FALSE
1935,2016-06-08,410896,16:48:00,Pedestrian,1,NA,1,PARK ROW,N MAIN ST,2016-06-08,One-Way Trafficway,Dry,Daylight,Cloudy,Not a Collision Between Two Motor Vehicles in Transport,"Yes, M/V and Driver Left Scene",Stop Signs,2,1,Complains Of Pain,NA,41.82865,-71.40964,FALSE,FALSE,"Park Row and N Main Street, Providence, RI, USA",FALSE,-71.37025750000001,41.8264716,establishment,rooftop,"105 wilmarth ave, east providence, ri 02914, usa","Park Row & North Main Street, Providence, RI, USA",EjFQYXJrIFJvdyAmIE5vcnRoIE1haW4gU3RyZWV0LCBQcm92aWRlbmNlLCBSSSwgVVNBImYiZAoUChIJSWpJfBdF5IkRl9kTnyr3fZYSFAoSCUlqSXwXReSJEZfZE58q932WGhQKEgmFY2xkF0XkiRHO8Qd1dwrowBoUChIJ-fpBPd5E5IkRX9etvg1cIz8iCg3Wi-4YFQ7Bb9U,41.828655,-71.409637,41.828655,-71.409637,Med,0.6096928695137707,FALSE,FALSE
1936,2016-06-06,409396,07:45:00,Bicycle,NA,1,1,Wickenden St,BROOK ST,2016-06-06,"Two-Way , Not Divided",Dry,Daylight,Clear,Angle (Front - to - Side) Opposite Direction,No,Traffic Control Signal,5,1,Incapacitating,NA,41.81948,-71.39826,FALSE,FALSE,"Wickenden Street and Brook Street, Providence, RI, USA",FALSE,-71.3982534,41.8194797,intersection,geometric_center,"wickenden st & brook st, providence, ri 02903, usa",NA,NA,NA,NA,41.8194797,-71.3982534,Med High,0.5485586310859865,FALSE,FALSE
1937,2016-06-06,409656,15:09:00,Bicycle,NA,1,1,116 ORANGE ST,NA,2016-06-06,"Two-Way , Not Divided",Dry,Daylight,Clear,Not a Collision Between Two Motor Vehicles in Transport,No,No Controls,4,1,Complains Of Pain,NA,41.82238,-71.40897,TRUE,TRUE,"116 Orange Street, Providence, RI, USA",FALSE,-71.4092852,41.8227421,street_address,rooftop,"116 orange st, providence, ri 02903, usa",NA,NA,NA,NA,41.8227421,-71.4092852,High,48.04700986416895,FALSE,FALSE
1938,2016-06-06,409972,17:32:00,Bicycle,NA,1,1,CARPENTER ST,BATTEY ST,2016-06-06,"Two-Way , Not Divided",Dry,Daylight,Clear,Not a Collision Between Two Motor Vehicles in Transport,No,Stop Signs,2,0,No Injury,NA,41.81935,-71.42491,FALSE,FALSE,"Carpenter Street and Battey Street, Providence, RI, USA",FALSE,-71.42490459999999,41.8193541,intersection,geometric_center,"carpenter st & battey st, providence, ri 02903, usa",NA,NA,NA,NA,41.8193541,-71.42490459999999,Med High,0.6395343898848416,FALSE,FALSE
1939,2016-06-05,410923,07:58:00,Other,1,NA,1,BROAD ST,SERVICE ROAD 7,2016-06-08,One-Way Trafficway,Dry,Daylight,Clear,Other,No,Traffic Control Signal,3,1,Complains Of Pain,NA,41.81736,-71.41696,FALSE,FALSE,"Broad Street and Service Road 7, Providence, RI, USA",FALSE,-71.4200451,41.8199608,route,geometric_center,"service rd 1, providence, ri, usa","Broad Street & Service Road 7th, Providence, RI, USA",EjRCcm9hZCBTdHJlZXQgJiBTZXJ2aWNlIFJvYWQgN3RoLCBQcm92aWRlbmNlLCBSSSwgVVNBImYiZAoUChIJbbRukG1F5IkRg0XEjUgVvRgSFAoSCW20bpBtReSJEYNFxI1IFb0YGhQKEgmD3n3VjE_kiREsosqTmEsIoxoUChIJB3h0QnZF5IkRyxFdBkwhBUwiCg0k0-wYFUejbtU,41.8173732,-71.4169529,41.8173732,-71.4169529,Med,1.583084453358004,FALSE,TRUE
1940,2016-06-02,408292,14:23:00,Bicycle,NA,1,1,UNION AVE,WEBSTER AVE,2016-06-02,"Two-Way, Divided, Unprotected (painted>4feet) Medium",Dry,Daylight,Clear,Not a Collision Between Two Motor Vehicles in Transport,No,Traffic Control Signal,4,1,Complains Of Pain,NA,41.80683,-71.44755,FALSE,FALSE,"Union Ave and Webster Ave, Providence, RI, USA",FALSE,-71.4484433,41.8087282,route,geometric_center,"webster ave, providence, ri, usa","Union Ave & Webster Ave, Providence, RI, USA",EixVbmlvbiBBdmUgJiBXZWJzdGVyIEF2ZSwgUHJvdmlkZW5jZSwgUkksIFVTQSJmImQKFAoSCYGwTPiJReSJEdURK9jB___mEhQKEgmBsEz4iUXkiRHVESvYwf__5hoUChIJI4HrOIpF5IkRntWfMLDFiC8aFAoSCUtPViuKReSJEQVPEPvUiEI-IgoNUDfrGBUa-GnV,41.8068304,-71.4475494,41.8068304,-71.4475494,Med,0.06679371326648434,FALSE,FALSE
1941,2016-06-01,407894,13:02:00,Bicycle,NA,1,1,OAKLAND AVE,CHALKSTONE AVE,2016-06-01,"Two-Way , Not Divided",Dry,Daylight,Clear,Not a Collision Between Two Motor Vehicles in Transport,No,No Controls,3,1,Non-Incapacitating,2,41.83419,-71.43024,FALSE,FALSE,"Oakland Ave and Chalkstone Ave, Providence, RI, USA",FALSE,-71.4302486,41.834203,intersection,geometric_center,"oakland ave & chalkstone ave, providence, ri 02908, usa",NA,NA,NA,NA,41.834203,-71.4302486,Med High,1.613396399665612,FALSE,FALSE
1942,2016-06-01,407952,16:50:00,Bicycle,NA,1,1,EXCHANGE TERR,FRANCIS ST,2016-06-01,One-Way Trafficway,Dry,Daylight,Clear,Not a Collision Between Two Motor Vehicles in Transport,No,No Controls,3,1,Complains Of Pain,NA,41.82504,-71.41476,FALSE,FALSE,"Exchange Terr and Francis Street, Providence, RI, USA",FALSE,-71.4127397,41.825713,route,geometric_center,"exchange terrace, providence, ri 02903, usa","Exchange Terrace & Francis Street, Providence, RI, USA",EjZFeGNoYW5nZSBUZXJyYWNlICYgRnJhbmNpcyBTdHJlZXQsIFByb3ZpZGVuY2UsIFJJLCBVU0EiZiJkChQKEgmNNNh9EUXkiRGrtkZKOTmjMRIUChIJjTTYfRFF5IkRq7ZGSjk5ozEaFAoSCYUnITQRReSJEVIspU_BAw0PGhQKEgnjCiVZEEXkiREJ12uSbA5CmyIKDQf-7RgVMfdu1Q,41.8250247,-71.41480469999999,41.8250247,-71.41480469999999,Med,4.080478028829208,FALSE,FALSE
1943,2016-06-01,408009,19:17:00,Bicycle,NA,1,1,CHATHAM ST,BRANCH AVE,2016-06-01,"Two-Way , Not Divided",Dry,Daylight,Clear,Angle (Front - to - Side) Right Angle (Includes Broadside),No,No Controls,3,1,Complains Of Pain,NA,41.84872,-71.41661,FALSE,FALSE,"Chatham Street and Branch Ave, Providence, RI, USA",FALSE,-71.4165807,41.84872,intersection,geometric_center,"chatham st & branch ave, providence, ri 02904, usa",NA,NA,NA,NA,41.84872,-71.4165807,Med High,2.4296405682951905,FALSE,FALSE
1944,2016-06-01,408181,12:43:00,Pedestrian,1,NA,1,ZONE ST,ORMS ST,2016-06-02,One-Way Trafficway,Dry,Daylight,Clear,Other,No,No Controls,3,0,No Injury,1,41.83294,-71.42702,FALSE,FALSE,"Zone Street and Orms Street, Providence, RI, USA",FALSE,-71.4270066,41.8329365,intersection,geometric_center,"orms st & zone st, providence, ri 02908, usa",NA,NA,NA,NA,41.8329365,-71.4270066,Med High,1.1777533299272933,FALSE,FALSE
1945,2016-05-29,406455,01:53:00,Pedestrian,1,NA,1,FRIENDSHIP ST,RICHMOND ST,2016-05-29,One-Way Trafficway,Dry,Dark - Lighted,Clear,Not a Collision Between Two Motor Vehicles in Transport,No,No Controls,2,1,Complains Of Pain,2,41.81998,-71.41139,FALSE,FALSE,"Friendship Street and Richmond Street, Providence, RI, USA",FALSE,-71.41114619999999,41.8202499,intersection,geometric_center,"richmond st & friendship st, providence, ri 02903, usa",NA,NA,NA,NA,41.8202499,-71.41114619999999,Med High,36.218589990991134,FALSE,FALSE
1946,2016-05-28,406299,10:01:00,Bicycle,NA,1,1,356 WICKENDEN STREET,ANN ST,2016-05-28,"Two-Way , Not Divided",Dry,Daylight,Clear,"Sideswipe, Same Direction",No,No Controls,3,1,Non-Incapacitating,2,41.81959,-71.39618,TRUE,FALSE,"356 Wickenden Street, Providence, RI, USA",FALSE,-71.3961372,41.8197408,street_address,rooftop,"356 wickenden st, providence, ri 02903, usa",NA,NA,NA,NA,41.8197408,-71.3961372,High,17.158386275051676,FALSE,FALSE
1947,2016-05-28,406420,22:20:00,Bicycle,NA,1,1,Douglas Ave,Branch Ave,2016-05-28,"Two-Way , Not Divided",Dry,Dark - Lighted,Clear,Not a Collision Between Two Motor Vehicles in Transport,No,Stop Signs,2,1,Complains Of Pain,NA,41.85536,-71.4411,FALSE,FALSE,"Douglas Ave and Branch Ave, Providence, RI, USA",FALSE,-71.441121,41.8553806,intersection,geometric_center,"branch ave & douglas ave, providence, ri 02904, usa",NA,NA,NA,NA,41.8553806,-71.441121,Med High,2.879315438129718,FALSE,FALSE
1948,2016-05-27,406167,15:45:00,Pedestrian,1,NA,1,PROMENADE ST,RATHBONE ST,2016-05-27,One-Way Trafficway,Dry,Daylight,Clear,Not a Collision Between Two Motor Vehicles in Transport,No,No Controls,3,1,Complains Of Pain,NA,41.82896,-71.42812,FALSE,FALSE,"Promenade Street and Rathbone Street, Providence, RI, USA",FALSE,-71.4281209,41.8289763,intersection,geometric_center,"promenade st & rathbone st, providence, ri 02908, usa",NA,NA,NA,NA,41.8289763,-71.4281209,Med High,1.81604277433107,FALSE,FALSE
1949,2016-05-26,404945,17:49:00,Pedestrian,1,NA,1,VALLEY ST,HEMLOCK ST,2016-05-26,"Two-Way, Not Divided With a Continuous Left Turn Lane",Dry,Daylight,Clear,Angle (Front - to - Side) Right Angle (Includes Broadside),No,Stop Signs,3,1,Complains Of Pain,NA,41.83044,-71.43051,FALSE,FALSE,"Valley Street and Hemlock Street, Providence, RI, USA",FALSE,-71.4304933,41.8304583,intersection,geometric_center,"valley st & hemlock st, providence, ri 02908, usa",NA,NA,NA,NA,41.8304583,-71.4304933,Med High,2.4634867179587663,FALSE,FALSE
1950,2016-05-26,406081,12:05:00,Bicycle,NA,1,1,PLAINFIELD ST,DUXBURY ST,2016-05-27,"Two-Way , Not Divided",Dry,Daylight,Clear,Not a Collision Between Two Motor Vehicles in Transport,No,No Controls,2,1,Complains Of Pain,NA,41.81211,-71.46161,FALSE,FALSE,"Plainfield Street and Duxbury Street, Providence, RI, USA",FALSE,-71.461586,41.8121529,intersection,geometric_center,"duxbury st & plainfield st, providence, ri 02909, usa",NA,NA,NA,NA,41.8121529,-71.461586,Med High,5.174131669894642,FALSE,FALSE
1951,2016-05-25,404343,14:25:00,Pedestrian,1,NA,1,139 Elmdale Ave,TERRACE AVE,2016-05-25,Unknown,Dry,Daylight,Clear,Other,No,No Controls,6,1,Non-Incapacitating,NA,41.80702,-71.44949,TRUE,FALSE,"139 Elmdale Ave, Providence, RI, USA",FALSE,-71.4494528,41.807226,premise,rooftop,"139 elmdale ave, providence, ri 02909, usa",NA,NA,NA,NA,41.807226,-71.4494528,High,23.138627557326277,FALSE,FALSE
1952,2016-05-25,404596,20:12:00,Bicycle,NA,NA,2,HARTFORD AVE,GLENBRIDGE AVE,2016-05-25,"Two-Way, Divided, Unprotected (painted>4feet) Medium",Dry,Dusk,Clear,Angle (Front - to - Side) Right Angle (Includes Broadside),"Yes, M/V and Driver Left Scene",Traffic Control Signal,2,0,No Injury,NA,41.81898,-71.46158,FALSE,FALSE,"Hartford Ave and Glenbridge Ave, Providence, RI, USA",FALSE,-71.46158179999999,41.8190078,intersection,geometric_center,"glenbridge ave & hartford ave, providence, ri 02909, usa",NA,NA,NA,NA,41.8190078,-71.46158179999999,Med High,3.098282640406249,FALSE,FALSE