row_number,crash_date,crash_report_id,crash_time,collision_type,count_pedestrian,count_bicycle,number_of_vehicles,street_or_highway,nearest_intersection,report_date,type_of_roadway,road_surface_condition,light_condition,weather_condition,manner_of_impact,hit_and_run,traffic_control,person_count,injury_count,most_serious_injury,number_of_lanes,lat_raw,lon_raw,has_st_number,is_intersection_null,address_sent_to_geocoder,is_address_blank,lon_api_first_try,lat_api_first_try,type,loctype,address_returned_by_geocoder,address_returned_by_autocomplete,place_ids_autocompleted,lat_api_second_try,lon_api_second_try,lat_api_best,lon_api_best,api_coord_conf,distance_btwn_coords_meters,scooter,wheel_chair
1996,2016-03-21,369868,14:56:00,Pedestrian,1,NA,1,JOSLIN ST,ATWELLS AVE,2016-03-22,"Two-Way , Not Divided",Dry,Daylight,Clear,Not a Collision Between Two Motor Vehicles in Transport,No,No Controls,3,1,Complains Of Pain,NA,41.82496,-71.44666,FALSE,FALSE,"Joslin Street and Atwells Ave, Providence, RI, USA",FALSE,-71.4466564,41.8249741,intersection,geometric_center,"joslin st & atwells ave, providence, ri 02909, usa",NA,NA,NA,NA,41.8249741,-71.4466564,Med High,1.5977612719355299,FALSE,FALSE
1997,2016-03-21,370786,19:38:00,Pedestrian,1,NA,1,12 POCASSET AVE,NA,2016-03-24,"Two-Way , Not Divided",Dry,Dark - Lighted,Clear,Not a Collision Between Two Motor Vehicles in Transport,No,No Controls,5,1,Complains Of Pain,NA,41.81165,-71.45095,TRUE,TRUE,"12 Pocasset Ave, Providence, RI, USA",FALSE,-71.44796649999999,41.8134363,street_address,rooftop,"12 pocasset ave, providence, ri 02909, usa",NA,NA,NA,NA,41.8134363,-71.44796649999999,High,317.51774694153937,FALSE,FALSE
1998,2016-03-19,368595,02:43:00,Pedestrian,1,NA,1,ELMWOOD AVE,ARCH ST,2016-03-19,"Two-Way , Not Divided",Dry,Dark - Lighted,Clear,Not a Collision Between Two Motor Vehicles in Transport,"Yes, M/V and Driver Left Scene",No Controls,2,1,Incapacitating,2,41.81202,-71.42261,FALSE,FALSE,"Elmwood Ave and Arch Street, Providence, RI, USA",FALSE,-71.4225885,41.8120767,intersection,geometric_center,"arch st & elmwood ave, providence, ri 02907, usa",NA,NA,NA,NA,41.8120767,-71.4225885,Med High,6.559053276523121,FALSE,FALSE
1999,2016-03-18,368259,07:24:00,Pedestrian,1,NA,1,163 PROGRESS AVE,WEBSTER AVE,2016-03-18,Unknown,Dry,Daylight,Clear,Other,"Yes, M/V and Driver Left Scene",No Controls,1,1,Complains Of Pain,NA,41.80853,-71.44916,TRUE,FALSE,"163 Progress Ave, Providence, RI, USA",FALSE,-71.4491709,41.8086833,premise,rooftop,"163 progress ave, providence, ri 02909, usa",NA,NA,NA,NA,41.8086833,-71.4491709,High,17.089227528119466,FALSE,FALSE
2000,2016-03-17,368202,13:38:00,Pedestrian,1,NA,1,HUNTINGTON AVE,DEXTER ST,2016-03-17,"Two-Way, Divided, Positive Median Barrier",Dry,Daylight,Clear,Not a Collision Between Two Motor Vehicles in Transport,No,No Controls,2,2,Fatal,NA,41.80102,-71.43181,FALSE,FALSE,"Huntington Ave and Dexter Street, Providence, RI, USA",FALSE,-71.4315343,41.8009424,intersection,geometric_center,"dexter st & huntington ave, providence, ri 02907, usa",NA,NA,NA,NA,41.8009424,-71.4315343,Med High,24.455378474197445,FALSE,FALSE
2001,2016-03-16,367654,09:11:00,Pedestrian,1,NA,1,EMPIRE ST,WESTMINSTER ST,2016-03-16,"Two-Way, Divided, Unprotected (painted>4feet) Medium",Dry,Daylight,Clear,Not a Collision Between Two Motor Vehicles in Transport,No,No Controls,4,1,Complains Of Pain,NA,41.82111,-71.4155,FALSE,FALSE,"Empire Street and Westminster Street, Providence, RI, USA",FALSE,-71.41532459999999,41.82098879999999,intersection,geometric_center,"empire st & westminster st, providence, ri 02903, usa",NA,NA,NA,NA,41.82098879999999,-71.41532459999999,Med High,19.84345010315573,FALSE,FALSE
2002,2016-03-16,367750,16:25:00,Pedestrian,1,NA,1,CHALKSTONE AVE,PEKIN ST,2016-03-16,"Two-Way , Not Divided",Dry,Daylight,Clear,Not a Collision Between Two Motor Vehicles in Transport,No,Other,4,0,No Injury,NA,41.83562,-71.42416,FALSE,FALSE,"Chalkstone Ave and Pekin Street, Providence, RI, USA",FALSE,-71.4241584,41.8356376,intersection,geometric_center,"pekin st & chalkstone ave, providence, ri 02908, usa",NA,NA,NA,NA,41.8356376,-71.4241584,Med High,1.9637120971822106,FALSE,FALSE
2003,2016-03-16,367811,21:16:00,Pedestrian,1,NA,1,134 Atwells Ave,NEWTON ST,2016-03-16,"Two-Way, Divided, Unprotected (painted>4feet) Medium",Wet,Dark - Lighted,Rain,Not a Collision Between Two Motor Vehicles in Transport,No,No Controls,3,1,Complains Of Pain,NA,41.82327,-71.42229,TRUE,FALSE,"134 Atwells Ave, Providence, RI, USA",FALSE,-71.42239909999999,41.8231341,premise,rooftop,"134 atwells ave, providence, ri 02903, usa",NA,NA,NA,NA,41.8231341,-71.42239909999999,High,17.628882104175528,FALSE,FALSE
2004,2016-03-11,364804,07:38:00,Pedestrian,1,NA,1,765 ATWELLS AVENUE,ACADEMY AVENUE,2016-03-11,"Two-Way , Not Divided",Wet,Daylight,Cloudy,Other,No,No Controls,2,1,Non-Incapacitating,2,41.83618,-71.41545,TRUE,FALSE,"765 Atwells Avenue, Providence, RI, USA",FALSE,-71.44229709999999,41.8249165,premise,rooftop,"765 atwells ave, providence, ri 02909, usa",NA,NA,NA,NA,41.8249165,-71.44229709999999,High,2555.5993702066276,FALSE,FALSE
2005,2016-03-11,365537,15:44:00,Bicycle,NA,1,1,Killingly St,Duxbury St,2016-03-14,"Two-Way , Not Divided",Dry,Daylight,Clear,Not a Collision Between Two Motor Vehicles in Transport,No,Pavement Markings,3,1,Complains Of Pain,NA,41.8138,-71.46091,FALSE,FALSE,"Killingly Street and Duxbury Street, Providence, RI, USA",FALSE,-71.4608763,41.8138145,intersection,geometric_center,"killingly st & duxbury st, providence, ri 02909, usa",NA,NA,NA,NA,41.8138145,-71.4608763,Med High,3.2284957209287564,FALSE,FALSE
2006,2016-03-08,363955,13:37:00,Bicycle,NA,1,1,BROADWAY,COURTLAND STREET,2016-03-09,"Two-Way , Not Divided",Dry,Daylight,Clear,Other,No,Stop Signs,3,1,Non-Incapacitating,2,41.83454,-71.41645,FALSE,FALSE,"Broadway and Courtland Street, Providence, RI, USA",FALSE,-71.4312276,41.8193752,route,geometric_center,"courtland st, providence, ri 02909, usa","Broadway & Courtland Street, Providence, RI, USA",EjBCcm9hZHdheSAmIENvdXJ0bGFuZCBTdHJlZXQsIFByb3ZpZGVuY2UsIFJJLCBVU0EiZiJkChQKEgkfTP4-nkXkiRHaRpD1HdCAZxIUChIJH0z-Pp5F5IkR2kaQ9R3QgGcaFAoSCaW15YZ1ReSJERrCM7HXpG-zGhQKEgmBJD9HnkXkiREEPU6rEi8kayIKDVgh7RgVrHVs1Q,41.8193752,-71.4312276,41.8193752,-71.4312276,Med,2086.249999488352,FALSE,FALSE
2007,2016-03-06,363031,03:30:00,Pedestrian,1,NA,1,POTTERS AVE,BROAD ST,2016-03-06,"Two-Way , Not Divided",Dry,Dark - Lighted,Clear,Not a Collision Between Two Motor Vehicles in Transport,"Yes, M/V and Driver Left Scene",Traffic Control Signal,1,1,Complains Of Pain,NA,41.80297,-71.41891,FALSE,FALSE,"Potters Ave and Broad Street, Providence, RI, USA",FALSE,-71.4189101,41.80299300000001,intersection,geometric_center,"potters ave & broad st, providence, ri 02905, usa",NA,NA,NA,NA,41.80299300000001,-71.4189101,Med High,2.5603617365920543,FALSE,FALSE
2008,2016-03-03,362450,16:30:00,Bicycle,NA,1,1,ONEIL ST,VEAZIE ST,2016-03-03,"Two-Way , Not Divided",Dry,Daylight,Clear,Not a Collision Between Two Motor Vehicles in Transport,No,No Controls,2,1,Non-Incapacitating,NA,41.85297,-71.43521,FALSE,FALSE,"Oneil Street and Veazie Street, Providence, RI, USA",FALSE,-71.4351901,41.8529736,intersection,geometric_center,"o neil st & veazie st, providence, ri 02904, usa",NA,NA,NA,NA,41.8529736,-71.4351901,Med High,1.6980237627523636,FALSE,FALSE
2009,2016-03-02,361569,23:58:00,Pedestrian,1,NA,1,Broadway,EXIT 21  (RT 1),2016-03-02,One-Way Trafficway,Dry,Daylight,Cloudy,Not a Collision Between Two Motor Vehicles in Transport,"Yes, M/V and Driver Left Scene",Traffic Control Signal,1,1,Complains Of Pain,NA,41.82205,-71.41971,FALSE,FALSE,"Broadway and Exit 21  (Rt 1), Providence, RI, USA",FALSE,-71.35398719999999,41.9300818,street_address,rooftop,"21 us-1, north attleborough, ma 02760, usa",NA,NA,NA,NA,41.9300818,-71.35398719999999,Med High,13202.348519946216,FALSE,FALSE
2010,2016-03-02,361799,19:00:00,Pedestrian,1,NA,1,Broad Street,MASSACHUSETTS AVE,2016-03-02,"Two-Way , Not Divided",Dry,Dark - Lighted,Cloudy,Not a Collision Between Two Motor Vehicles in Transport,No,No Controls,3,1,Non-Incapacitating,NA,41.78635,-71.40193,FALSE,FALSE,"Broad Street and Massachusetts Ave, Providence, RI, USA",FALSE,-71.398086,41.7870857,route,geometric_center,"massachusetts ave, providence, ri 02905, usa","Broad Street & Massachusetts Ave, Providence, RI, USA",EjVCcm9hZCBTdHJlZXQgJiBNYXNzYWNodXNldHRzIEF2ZSwgUHJvdmlkZW5jZSwgUkksIFVTQSJmImQKFAoSCSsPeUnsT-SJEa4hPoTYt3L2EhQKEgkrD3lJ7E_kiRGuIT6E2Ldy9hoUChIJg9591YxP5IkRLKLKk5hLCKMaFAoSCaWbFTXuT-SJEd17f4AxeQSKIgoN8BfoGBXn7XDV,41.7863664,-71.40193529999999,41.7863664,-71.40193529999999,Med,1.87789490240738,FALSE,FALSE
2011,2016-02-29,360823,07:39:00,Pedestrian,1,NA,1,MOUNT PLEASANT AVE,CHALKSTONE AVE,2016-02-29,"Two-Way, Divided, Unprotected (painted>4feet) Medium",Dry,Daylight,Clear,Not a Collision Between Two Motor Vehicles in Transport,No,Traffic Control Signal,2,2,Complains Of Pain,NA,41.8327,-71.44975,FALSE,FALSE,"Mount Pleasant Ave and Chalkstone Ave, Providence, RI, USA",FALSE,-71.4497544,41.83271,intersection,geometric_center,"mt pleasant ave & chalkstone ave, providence, ri 02908, usa",NA,NA,NA,NA,41.83271,-71.4497544,Med High,1.1714917341705662,FALSE,FALSE
2012,2016-02-29,361123,10:15:00,Pedestrian,1,NA,1,MANTON AVE,HERSCHEL ST,2016-02-29,Unknown,Dry,Dark - Lighted,Clear,Other,"Yes, M/V and Driver Left Scene",No Controls,1,0,No Injury,NA,41.83359,-71.469,FALSE,FALSE,"Manton Ave and Herschel Street, Providence, RI, USA",FALSE,-71.4693755,41.83344899999999,intersection,geometric_center,"herschel st & manton ave, providence, ri 02909, usa",NA,NA,NA,NA,41.83344899999999,-71.4693755,Med High,34.8765436734048,FALSE,FALSE
2013,2016-02-27,360271,08:59:00,Pedestrian,1,NA,1,N MAIN ST,PLEASANT ST,2016-02-27,"Two-Way, Divided, Positive Median Barrier",Dry,Daylight,Clear,Not a Collision Between Two Motor Vehicles in Transport,No,Other,3,1,Complains Of Pain,NA,41.83919,-71.40905,FALSE,FALSE,"N Main Street and Pleasant Street, Providence, RI, USA",FALSE,-71.3952794,41.9108235,route,geometric_center,"pleasant st, rhode island, usa","North Main Street & Pleasant Street, Providence, RI, USA",EjhOb3J0aCBNYWluIFN0cmVldCAmIFBsZWFzYW50IFN0cmVldCwgUHJvdmlkZW5jZSwgUkksIFVTQSJmImQKFAoSCad9ZDPgROSJEXutEa3my4giEhQKEgmnfWQz4ETkiRF7rRGt5suIIhoUChIJ-fpBPd5E5IkRX9etvg1cIz8aFAoSCQ_s1LbfROSJEY1P9A0wxgYOIgoN-CfwGBXz12_V,41.8392056,-71.4090509,41.8392056,-71.4090509,Med,1.7381874373527924,FALSE,TRUE
2014,2016-02-27,360386,15:39:00,Bicycle,NA,1,1,HARRISON ST,WESTMINSTER ST,2016-02-27,"Two-Way , Not Divided",Dry,Daylight,Clear,Not a Collision Between Two Motor Vehicles in Transport,No,No Controls,4,1,Complains Of Pain,2,41.81671,-71.43031,FALSE,FALSE,"Harrison Street and Westminster Street, Providence, RI, USA",FALSE,-71.4302948,41.8167283,intersection,geometric_center,"harrison st & westminster st, providence, ri 02909, usa",NA,NA,NA,NA,41.8167283,-71.4302948,Med High,2.3958786139559134,FALSE,FALSE
2015,2016-02-25,359505,08:06:00,Pedestrian,1,NA,1,MOUNT PLEASANT AVE,CHALKSTONE AVE,2016-02-25,"Two-Way , Not Divided",Wet,Daylight,Cloudy,Not a Collision Between Two Motor Vehicles in Transport,"Yes, M/V and Driver Left Scene",No Controls,1,1,Complains Of Pain,NA,41.83267,-71.44974,FALSE,FALSE,"Mount Pleasant Ave and Chalkstone Ave, Providence, RI, USA",FALSE,-71.4497544,41.83271,intersection,geometric_center,"mt pleasant ave & chalkstone ave, providence, ri 02908, usa",NA,NA,NA,NA,41.83271,-71.4497544,Med High,4.610185557288365,FALSE,FALSE
2016,2016-02-25,359617,18:11:00,Pedestrian,1,NA,1,MOUNT PLEASANT AVE,CHALKSTONE AVE,2016-02-25,"Two-Way , Not Divided",Dry,Dark - Lighted,Clear,Not a Collision Between Two Motor Vehicles in Transport,"Yes, M/V and Driver Left Scene",No Controls,1,1,Complains Of Pain,2,41.8327,-71.44975,FALSE,FALSE,"Mount Pleasant Ave and Chalkstone Ave, Providence, RI, USA",FALSE,-71.4497544,41.83271,intersection,geometric_center,"mt pleasant ave & chalkstone ave, providence, ri 02908, usa",NA,NA,NA,NA,41.83271,-71.4497544,Med High,1.1714917341705662,FALSE,FALSE
2017,2016-02-23,358949,13:00:00,Pedestrian,1,NA,1,Douglas Ave,WHIPPLE ST,2016-02-23,"Two-Way , Not Divided",Dry,Daylight,Clear,Not a Collision Between Two Motor Vehicles in Transport,No,Stop Signs,3,0,No Injury,2,41.8368,-71.42142,FALSE,FALSE,"Douglas Ave and Whipple Street, Providence, RI, USA",FALSE,-71.4215517,41.8368745,intersection,geometric_center,"whipple st & douglas ave, providence, ri 02908, usa",NA,NA,NA,NA,41.8368745,-71.4215517,Med High,13.714597549271565,FALSE,TRUE
2018,2016-02-21,358246,16:04:00,Pedestrian,1,NA,1,740 BRANCH AVE,VANDEWATER ST,2016-02-21,"Two-Way , Not Divided",Dry,Daylight,Clear,Not a Collision Between Two Motor Vehicles in Transport,"Yes, M/V and Driver Left Scene",No Controls,1,1,Complains Of Pain,NA,41.85363,-71.42864,TRUE,FALSE,"740 Branch Ave, Providence, RI, USA",FALSE,-71.42921849999999,41.8534751,premise,rooftop,"740 branch ave, providence, ri 02904, usa",NA,NA,NA,NA,41.8534751,-71.42921849999999,High,50.97247347584008,FALSE,FALSE
2019,2016-02-20,357756,18:24:00,Pedestrian,1,NA,1,BRANCH AVE,DRYDEN LN,2016-02-20,"Two-Way , Not Divided",Dry,Dark - Lighted,Clear,Not a Collision Between Two Motor Vehicles in Transport,No,No Controls,2,1,Complains Of Pain,NA,41.84246,-71.40827,FALSE,FALSE,"Branch Ave and Dryden Ln, Providence, RI, USA",FALSE,-71.4084611,41.8429742,intersection,geometric_center,"branch ave & dryden ln, providence, ri 02904, usa",NA,NA,NA,NA,41.8429742,-71.4084611,Med High,59.39388437997505,FALSE,FALSE
2020,2016-02-19,357337,08:25:00,Bicycle,NA,1,1,Battey St,WASHINGTON ST,2016-02-19,"Two-Way , Not Divided",Dry,Daylight,Clear,Not a Collision Between Two Motor Vehicles in Transport,No,Stop Signs,2,1,Complains Of Pain,2,41.81794,-71.42472,FALSE,FALSE,"Battey Street and Washington Street, Providence, RI, USA",FALSE,-71.42472169999999,41.8179448,intersection,geometric_center,"battey st & washington st, providence, ri 02903, usa",NA,NA,NA,NA,41.8179448,-71.42472169999999,Med High,0.5526334242864838,FALSE,FALSE
2021,2016-02-17,356423,01:15:00,Pedestrian,1,NA,1,UNION AVE,ETHAN ST,2016-02-17,"Two-Way , Not Divided",Wet,Dark - Lighted,Rain,Head-On (Front - to - Front),"Yes, Driver Left Scene",No Controls,2,0,No Injury,NA,41.80715,-71.45905,FALSE,FALSE,"Union Ave and Ethan Street, Providence, RI, USA",FALSE,-71.4594595,41.807338,intersection,geometric_center,"union ave & ethan st, providence, ri 02909, usa",NA,NA,NA,NA,41.807338,-71.4594595,Med High,39.90678481789564,FALSE,FALSE
2022,2016-02-16,356290,15:45:00,Pedestrian,1,NA,1,ELMWOOD AVE,ADELAIDE AVE,2016-02-16,"Two-Way, Divided, Positive Median Barrier",Wet,Daylight,Rain,Not a Collision Between Two Motor Vehicles in Transport,"Yes, M/V and Driver Left Scene",Traffic Control Signal,1,1,Complains Of Pain,NA,41.79589,-71.425,FALSE,FALSE,"Elmwood Ave and Adelaide Ave, Providence, RI, USA",FALSE,-71.42499500000001,41.79588700000001,intersection,geometric_center,"adelaide ave & elmwood ave, providence, ri 02907, usa",NA,NA,NA,NA,41.79588700000001,-71.42499500000001,Med High,0.5326511923691457,FALSE,FALSE
2023,2016-02-16,356322,17:22:00,Pedestrian,1,NA,1,WEYBOSSET ST,CUSTOM HOUSE ST,2016-02-16,"Two-Way , Not Divided",Wet,Dark - Lighted,Rain,Not a Collision Between Two Motor Vehicles in Transport,No,No Controls,2,1,Complains Of Pain,NA,41.82429,-71.4097,FALSE,FALSE,"Weybosset Street and Custom House Street, Providence, RI, USA",FALSE,-71.4097149,41.82430900000001,intersection,geometric_center,"weybosset st & custom house st, providence, ri 02903, usa",NA,NA,NA,NA,41.82430900000001,-71.4097149,Med High,2.449749827883526,FALSE,FALSE
2024,2016-02-16,356336,18:43:00,Pedestrian,1,NA,1,WESTMINSTER ST,EMPIRE ST,2016-02-16,"Two-Way , Not Divided",Wet,Dark - Lighted,Rain,Angle - Direction Not Specified,"Yes, M/V and Driver Left Scene",Traffic Control Signal,3,1,Complains Of Pain,NA,41.82097,-71.41532,FALSE,FALSE,"Westminster Street and Empire Street, Providence, RI, USA",FALSE,-71.41532459999999,41.82098879999999,intersection,geometric_center,"empire st & westminster st, providence, ri 02903, usa",NA,NA,NA,NA,41.82098879999999,-71.41532459999999,Med High,2.1273141314465227,FALSE,FALSE
2025,2016-02-11,354730,19:44:00,Pedestrian,2,NA,1,BROAD ST,DAVE GAVITT WAY,2016-02-11,"Two-Way , Not Divided",Dry,Dark - Lighted,Clear,Not a Collision Between Two Motor Vehicles in Transport,No,Traffic Control Signal,4,2,Complains Of Pain,NA,41.81799,-71.41626,FALSE,FALSE,"Broad Street and Dave Gavitt Way, Providence, RI, USA",FALSE,-71.418832,41.8202201,route,geometric_center,"dave gavitt way, providence, ri 02903, usa","Broad Street & Dave Gavitt Way, Providence, RI, USA",EjNCcm9hZCBTdHJlZXQgJiBEYXZlIEdhdml0dCBXYXksIFByb3ZpZGVuY2UsIFJJLCBVU0EiZiJkChQKEglNDQwKbUXkiRH5sOLmIymP2hIUChIJTQ0MCm1F5IkR-bDi5iMpj9oaFAoSCYPefdWMT-SJESyiypOYSwijGhQKEgkZ_mRVbUXkiRF-YhHNSrTAjiIKDd_p7BgVD75u1Q,41.8179551,-71.4162673,41.8179551,-71.4162673,Med,3.931971576184298,FALSE,FALSE
2026,2016-02-10,354444,17:34:00,Bicycle,NA,1,1,BROADWAY,DE PASQUALE AVE,2016-02-10,"Two-Way , Not Divided",Wet,Dark - Lighted,Clear,Not a Collision Between Two Motor Vehicles in Transport,"Yes, M/V and Driver Left Scene",Traffic Control Signal,1,0,No Injury,NA,41.82078,-71.42521,FALSE,FALSE,"Broadway and De Pasquale Ave, Providence, RI, USA",FALSE,-71.4262101,41.8224893,route,geometric_center,"de pasquale ave, providence, ri 02903, usa","Broadway & De Pasquale Ave, Providence, RI, USA",Ei9Ccm9hZHdheSAmIERlIFBhc3F1YWxlIEF2ZSwgUHJvdmlkZW5jZSwgUkksIFVTQSJmImQKFAoSCTd39r50ReSJEQRLbIypVmNIEhQKEgk3d_a-dEXkiREES2yMqVZjSBoUChIJpbXlhnVF5IkRGsIzsdekb7MaFAoSCeVqSDILReSJEem1Phldyo7CIgoNM1jtGBX2X23V,41.8207795,-71.4252298,41.8207795,-71.4252298,Med,1.6435328031631227,FALSE,FALSE
2027,2016-02-09,354023,12:04:00,Pedestrian,1,NA,1,WASHINGTON ST,EMPIRE ST,2016-02-09,"Two-Way , Not Divided",Wet,Daylight,Cloudy,Other,No,Traffic Control Signal,4,1,Complains Of Pain,NA,41.81989,-71.41935,FALSE,FALSE,"Washington Street and Empire Street, Providence, RI, USA",FALSE,-71.4157797,41.821349,route,geometric_center,"empire st, providence, ri 02903, usa","Washington Street & Empire Street, Providence, RI, USA",EjZXYXNoaW5ndG9uIFN0cmVldCAmIEVtcGlyZSBTdHJlZXQsIFByb3ZpZGVuY2UsIFJJLCBVU0EiZiJkChQKEgmNpp3sEkXkiRHnvAEsqcaDvRIUChIJjaad7BJF5IkR57wBLKnGg70aFAoSCanazZwSReSJERoH0JajEjT2GhQKEgnHPO_pEkXkiRGhxI4iuiomFSIKDWmC7RgVI7hu1Q,41.82186009999999,-71.4164189,41.82186009999999,-71.4164189,Med,327.45136721308506,FALSE,FALSE
2028,2016-02-09,354151,17:45:00,Pedestrian,1,NA,1,Summer Street,NA,2016-02-09,"Two-Way , Not Divided",Slush,Dark - Lighted,Clear,Not a Collision Between Two Motor Vehicles in Transport,No,Stop Signs,3,1,Complains Of Pain,NA,41.81435,-71.41686,FALSE,TRUE,"Summer Street, Providence, RI, USA",FALSE,-71.4182986,41.8153336,route,geometric_center,"summer st, providence, ri 02903, usa",NA,NA,NA,NA,41.8153336,-71.4182986,Inaccurate,161.9714865935641,FALSE,FALSE
2029,2016-02-07,365259,20:41:00,Pedestrian,1,NA,1,CHARLES ST,BRANCH AVE,2016-03-12,"Two-Way , Not Divided",Dry,Daylight,Clear,Not a Collision Between Two Motor Vehicles in Transport,No,No Controls,2,1,Complains Of Pain,NA,41.84933,-71.41983,FALSE,FALSE,"Charles Street and Branch Ave, Providence, RI, USA",FALSE,-71.419991,41.8503047,intersection,geometric_center,"charles st & branch ave, providence, ri 02904, usa",NA,NA,NA,NA,41.8503047,-71.419991,Med High,109.32134454036034,FALSE,FALSE
2030,2016-02-05,352949,08:47:00,Pedestrian,1,NA,1,ATWELLS AVE,ACADEMY AVE,2016-02-05,"Two-Way, Divided, Unprotected (painted>4feet) Medium",Snow,Daylight,Snow,Not a Collision Between Two Motor Vehicles in Transport,"Yes, M/V and Driver Left Scene",Traffic Control Signal,1,1,Complains Of Pain,NA,41.82478,-71.44343,FALSE,FALSE,"Atwells Ave and Academy Ave, Providence, RI, USA",FALSE,-71.4435191,41.8247997,intersection,geometric_center,"atwells ave & academy ave, providence, ri 02909, usa",NA,NA,NA,NA,41.8247997,-71.4435191,Med High,7.709665777360105,FALSE,FALSE
2031,2016-02-04,353132,17:42:00,Bicycle,NA,1,1,Hope St,George St,2016-02-05,"Two-Way , Not Divided",Dry,Dark - Lighted,Clear,Not a Collision Between Two Motor Vehicles in Transport,No,Stop Signs,3,0,No Injury,NA,41.82583,-71.39727,FALSE,FALSE,"Hope Street and George Street, Providence, RI, USA",FALSE,-71.3972697,41.8257801,intersection,geometric_center,"hope st & george st, providence, ri 02906, usa",NA,NA,NA,NA,41.8257801,-71.3972697,Med High,5.554898334917321,FALSE,FALSE
2032,2016-02-03,352373,16:30:00,Pedestrian,1,NA,1,WEYBOSSET ST,SNOW ST,2016-02-03,"Two-Way , Not Divided",Wet,Dark - Lighted,Rain,Not a Collision Between Two Motor Vehicles in Transport,No,No Controls,3,1,Incapacitating,NA,41.8207,-71.41326,FALSE,FALSE,"Weybosset Street and Snow Street, Providence, RI, USA",FALSE,-71.41327210000001,41.8207059,intersection,geometric_center,"weybosset st & snow st, providence, ri 02903, usa",NA,NA,NA,NA,41.8207059,-71.41327210000001,Med High,1.1995805477159764,FALSE,FALSE
2033,2016-02-03,352487,17:53:00,Pedestrian,1,NA,1,41 Fricker st,CRANSTON ST,2016-02-03,"Two-Way , Not Divided",Wet,Dark - Not Lighted,Rain,Not a Collision Between Two Motor Vehicles in Transport,No,No Controls,5,1,Complains Of Pain,NA,41.81705,-71.42217,TRUE,FALSE,"41 Fricker Street, Providence, RI, USA",FALSE,-71.4221908,41.8162533,premise,rooftop,"41 fricker st, providence, ri 02903, usa",NA,NA,NA,NA,41.8162533,-71.4221908,High,88.7050253323738,FALSE,FALSE
2034,2016-02-03,352529,20:05:00,Pedestrian,1,NA,1,96 Waterman St,NA,2016-02-03,One-Way Trafficway,Wet,Dark - Lighted,Rain,Not a Collision Between Two Motor Vehicles in Transport,No,Traffic Control Signal,2,1,Complains Of Pain,NA,41.82712,-71.40222,TRUE,TRUE,"96 Waterman Street, Providence, RI, USA",FALSE,-71.4012939,41.8274141,premise,rooftop,"lippitt house, 96 waterman st, providence, ri 02906, usa",NA,NA,NA,NA,41.8274141,-71.4012939,High,83.50602244766617,FALSE,FALSE
2035,2016-02-02,352004,13:19:00,Pedestrian,1,NA,1,WEEDEN ST,ATWELLS AVE,2016-02-02,"Two-Way , Not Divided",Dry,Daylight,Clear,Not a Collision Between Two Motor Vehicles in Transport,No,No Controls,6,1,Complains Of Pain,2,41.8234,-71.4244,FALSE,FALSE,"Weeden Street and Atwells Ave, Providence, RI, USA",FALSE,-71.424769,41.8234469,intersection,geometric_center,"weeden st & atwells ave, providence, ri 02903, usa",NA,NA,NA,NA,41.8234469,-71.424769,Med High,31.05268123580074,FALSE,FALSE
2036,2016-02-01,351862,13:10:00,Pedestrian,1,NA,1,CHARLES ST,SILVER SPRING ST,2016-02-01,"Two-Way , Not Divided",Dry,Daylight,Clear,Not a Collision Between Two Motor Vehicles in Transport,No,No Controls,2,1,Complains Of Pain,2,41.84417,-71.4185,FALSE,FALSE,"Charles Street and Silver Spring Street, Providence, RI, USA",FALSE,-71.41870639999999,41.8448189,intersection,geometric_center,"silver spring st & charles st, providence, ri 02904, usa",NA,NA,NA,NA,41.8448189,-71.41870639999999,Med High,74.23542478477378,FALSE,FALSE
2037,2016-01-31,351677,14:46:00,Pedestrian,1,NA,1,37 EXCHANGE TERR,NA,2016-01-31,"Two-Way , Not Divided",Dry,Daylight,Clear,Not a Collision Between Two Motor Vehicles in Transport,No,No Controls,2,1,Complains Of Pain,3,41.82534,-71.41381,TRUE,TRUE,"37 Exchange Terr, Providence, RI, USA",FALSE,-71.4118013,41.8260652,street_address,range_interpolated,"37 exchange terrace, providence, ri 02903, usa",NA,NA,NA,NA,41.8260652,-71.4118013,High,185.15331865138637,FALSE,FALSE
2038,2016-01-29,351132,16:21:00,Pedestrian,1,NA,1,CRIMEA ST,DOUGLAS AVE,2016-01-29,"Two-Way , Not Divided",Dry,Daylight,Clear,Not a Collision Between Two Motor Vehicles in Transport,No,Stop Signs,3,1,Complains Of Pain,NA,41.83697,-71.42185,FALSE,FALSE,"Crimea Street and Douglas Ave, Providence, RI, USA",FALSE,-71.4218578,41.8370051,intersection,geometric_center,"crimea st & douglas ave, providence, ri 02908, usa",NA,NA,NA,NA,41.8370051,-71.4218578,Med High,3.9605057054799415,FALSE,FALSE