row_number,crash_date,crash_report_id,crash_time,collision_type,count_pedestrian,count_bicycle,number_of_vehicles,street_or_highway,nearest_intersection,report_date,type_of_roadway,road_surface_condition,light_condition,weather_condition,manner_of_impact,hit_and_run,traffic_control,person_count,injury_count,most_serious_injury,number_of_lanes,lat_raw,lon_raw,has_st_number,is_intersection_null,address_sent_to_geocoder,is_address_blank,lon_api_first_try,lat_api_first_try,type,loctype,address_returned_by_geocoder,address_returned_by_autocomplete,place_ids_autocompleted,lat_api_second_try,lon_api_second_try,lat_api_best,lon_api_best,api_coord_conf,distance_btwn_coords_meters,scooter,wheel_chair
2084,2015-12-03,336074,06:22:00,Bicycle,NA,1,1,BRANCH AVE,MOY ST,2015-12-03,"Two-Way , Not Divided",Wet,Dawn,Clear,Not a Collision Between Two Motor Vehicles in Transport,"Yes, M/V and Driver Left Scene",No Controls,2,1,Non-Incapacitating,2,41.85488,-71.43627,FALSE,FALSE,"Branch Ave and Moy Street, Providence, RI, USA",FALSE,-71.4362622,41.8548966,intersection,geometric_center,"branch ave & moy st, providence, ri 02904, usa",NA,NA,NA,NA,41.8548966,-71.4362622,Med High,1.9578087643269975,FALSE,FALSE
2085,2015-12-03,336139,10:12:00,Pedestrian,1,NA,1,RHODE ISLAND COLL,RHODE ISLAND COLL,2015-12-03,"Two-Way , Not Divided",Dry,Daylight,Clear,Other,No,No Controls,3,1,Non-Incapacitating,NA,41.84085,-71.46635,FALSE,FALSE,"Rhode Island Coll and Rhode Island Coll, Providence, RI, USA",FALSE,-71.4627575,41.8417288,establishment,rooftop,"600 mt pleasant ave, providence, ri 02908, usa",NA,NA,NA,NA,41.8417288,-71.4627575,Med,313.5849776948636,FALSE,FALSE
2086,2015-12-01,335641,19:41:00,Pedestrian,1,NA,1,ELMGROVE AVE,HUMBOLDT AVE,2015-12-02,"Two-Way , Not Divided",Wet,Dark - Lighted,Rain,Other,"Yes, M/V and Driver Left Scene",No Controls,3,1,Complains Of Pain,2,41.83144,-71.38987,FALSE,FALSE,"Elmgrove Ave and Humboldt Ave, Providence, RI, USA",FALSE,-71.3898663,41.8314669,intersection,geometric_center,"humboldt ave & elmgrove ave, providence, ri 02906, usa",NA,NA,NA,NA,41.8314669,-71.3898663,Med High,3.010179760229547,FALSE,FALSE
2087,2015-11-30,335175,12:04:00,Pedestrian,1,NA,1,SMITHFIELD AVE,COLLYER ST,2015-11-30,"Two-Way , Not Divided",Dry,Daylight,Clear,Not a Collision Between Two Motor Vehicles in Transport,No,No Controls,2,1,Complains Of Pain,NA,41.85428,-71.40363,FALSE,FALSE,"Smithfield Ave and Collyer Street, Providence, RI, USA",FALSE,-71.4035691,41.8542722,intersection,geometric_center,"collyer st & smithfield ave, providence, ri 02904, usa",NA,NA,NA,NA,41.8542722,-71.4035691,Med High,5.1236743897386825,FALSE,FALSE
2088,2015-11-29,334960,17:05:00,Pedestrian,2,NA,1,BROADWAY,MARSHALL ST,2015-11-29,"Two-Way , Not Divided",Dry,Dark - Lighted,Clear,Not a Collision Between Two Motor Vehicles in Transport,"Yes, M/V and Driver Left Scene",No Controls,6,2,Fatal,NA,41.81912,-71.43223,FALSE,FALSE,"Broadway and Marshall Street, Providence, RI, USA",FALSE,-71.4319873,41.8178675,route,geometric_center,"marshall st, providence, ri 02909, usa","Broadway & Marshall Street, Providence, RI, USA",Ei9Ccm9hZHdheSAmIE1hcnNoYWxsIFN0cmVldCwgUHJvdmlkZW5jZSwgUkksIFVTQSJmImQKFAoSCR_bFmaeReSJEXeoTFxx3QIREhQKEgkf2xZmnkXkiRF3qExccd0CERoUChIJpbXlhnVF5IkRGsIzsdekb7MaFAoSCXdzf9mdReSJEal-nPEQ0Qe9IgoN5hftGBXRTWzV,41.8191334,-71.4322479,41.8191334,-71.4322479,Med,2.104841054177846,FALSE,FALSE
2089,2015-11-29,334971,20:03:00,Pedestrian,1,NA,1,RIVER AVE,ADMIRAL ST,2015-11-29,"Two-Way, Divided, Unprotected (painted>4feet) Medium",Dry,Dark - Lighted,Clear,Not a Collision Between Two Motor Vehicles in Transport,No,Pavement Markings,2,1,Complains Of Pain,NA,41.8492,-71.43894,FALSE,FALSE,"River Ave and Admiral Street, Providence, RI, USA",FALSE,-71.4460552,41.853176,intersection,geometric_center,"admiral st & river ave, providence, ri 02904, usa",NA,NA,NA,NA,41.853176,-71.4460552,Med High,737.5559084825628,FALSE,FALSE
2090,2015-11-27,334622,20:42:00,Pedestrian,1,NA,1,BRANCH AVE,SILVER SPRING ST,2015-11-27,"Two-Way, Not Divided With a Continuous Left Turn Lane",Dry,Dark - Lighted,Clear,Not a Collision Between Two Motor Vehicles in Transport,No,Traffic Control Signal,5,1,Complains Of Pain,3,41.84783,-71.41469,FALSE,FALSE,"Branch Ave and Silver Spring Street, Providence, RI, USA",FALSE,-71.4147046,41.8478499,intersection,geometric_center,"silver spring st & branch ave, providence, ri 02904, usa",NA,NA,NA,NA,41.8478499,-71.4147046,Med High,2.5245077967848486,FALSE,FALSE
2091,2015-11-27,334836,22:07:00,Pedestrian,1,NA,1,FOUNTAIN ST,EMPIRE ST,2015-11-29,"Two-Way, Divided, Unprotected (painted>4feet) Medium",Dry,Dark - Lighted,Clear,Other,No,Traffic Control Signal,4,1,Non-Incapacitating,NA,41.82234,-71.41712,FALSE,FALSE,"Fountain Street and Empire Street, Providence, RI, USA",FALSE,-71.4171267,41.8223687,intersection,geometric_center,"fountain st & empire st, providence, ri 02903, usa",NA,NA,NA,NA,41.8223687,-71.4171267,Med High,3.2428564042192916,FALSE,FALSE
2092,2015-11-25,334335,13:48:00,Pedestrian,1,NA,1,SILVER SPRING ST,TOURO ST,2015-11-25,"Two-Way , Not Divided",Dry,Daylight,Clear,Not a Collision Between Two Motor Vehicles in Transport,No,No Controls,3,1,Complains Of Pain,NA,41.84509,-71.41832,FALSE,FALSE,"Silver Spring Street and Touro Street, Providence, RI, USA",FALSE,-71.4181207,41.8452565,intersection,geometric_center,"silver spring st & touro st, providence, ri 02904, usa",NA,NA,NA,NA,41.8452565,-71.4181207,Med High,24.83327297231549,FALSE,FALSE
2093,2015-11-25,334471,15:55:00,Pedestrian,1,NA,1,262 CHARLES ST,CHARLES ST EXIT 23,2015-11-26,One-Way Trafficway,Dry,Daylight,Clear,Not a Collision Between Two Motor Vehicles in Transport,No,Stop Signs,3,1,Complains Of Pain,NA,41.83785,-71.41427,TRUE,FALSE,"262 Charles Street, Providence, RI, USA",FALSE,-71.4146004,41.8378943,premise,rooftop,"262 charles st, providence, ri 02904, usa",NA,NA,NA,NA,41.8378943,-71.4146004,High,27.842574413358708,FALSE,FALSE
2094,2015-11-24,333996,11:33:00,Pedestrian,1,NA,1,BROAD ST,HASKINS ST,2015-11-24,"Two-Way , Not Divided",Dry,Daylight,Clear,Not a Collision Between Two Motor Vehicles in Transport,No,Stop Signs,2,1,Complains Of Pain,NA,41.81617,-71.41963,FALSE,FALSE,"Broad Street and Haskins Street, Providence, RI, USA",FALSE,-71.4191847,41.8150834,route,geometric_center,"haskins st, providence, ri 02903, usa","Broad Street & Haskins Street, Providence, RI, USA",EjJCcm9hZCBTdHJlZXQgJiBIYXNraW5zIFN0cmVldCwgUHJvdmlkZW5jZSwgUkksIFVTQSJmImQKFAoSCVcUQCByReSJEXZEHsGeHzxdEhQKEglXFEAgckXkiRF2RB7Bnh88XRoUChIJg9591YxP5IkRLKLKk5hLCKMaFAoSCQGkve1xReSJEY6zVllEetUhIgoNTKTsGBUSOm7V,41.816174,-71.4196462,41.816174,-71.4196462,Med,1.4158742523520835,FALSE,FALSE
2095,2015-11-24,333998,12:06:00,Pedestrian,1,NA,1,MATHEWSON ST,WASHINGTON ST,2015-11-24,One-Way Trafficway,Dry,Daylight,Clear,Not a Collision Between Two Motor Vehicles in Transport,No,No Controls,3,1,Complains Of Pain,NA,41.82317,-71.41495,FALSE,FALSE,"Mathewson Street and Washington Street, Providence, RI, USA",FALSE,-71.4147864,41.8230454,intersection,geometric_center,"mathewson st & washington st, providence, ri 02903, usa",NA,NA,NA,NA,41.8230454,-71.4147864,Med High,19.405590621801977,FALSE,FALSE
2096,2015-11-23,333533,10:13:00,Pedestrian,1,NA,1,14 Pleasant Valley Pkwy,Kinsley St,2015-11-23,Unknown,Dry,Daylight,Clear,Not a Collision Between Two Motor Vehicles in Transport,No,No Controls,3,1,Complains Of Pain,NA,41.82977,-71.4271,TRUE,FALSE,"14 Pleasant Valley Pkwy, Providence, RI, USA",FALSE,-71.4274549,41.8297213,premise,rooftop,"14 pleasant valley pkwy, providence, ri 02908, usa",NA,NA,NA,NA,41.8297213,-71.4274549,High,29.933082049774175,FALSE,FALSE
2097,2015-11-23,333629,14:55:00,Bicycle,NA,1,1,MESSER ST,CRANSTON ST,2015-11-23,"Two-Way, Divided, Unprotected (painted>4feet) Medium",Dry,Daylight,Clear,Not a Collision Between Two Motor Vehicles in Transport,"Yes, M/V and Driver Left Scene",Stop Signs,1,0,No Injury,NA,41.80963,-71.43345,FALSE,FALSE,"Messer Street and Cranston Street, Providence, RI, USA",FALSE,-71.43343449999999,41.809637,intersection,geometric_center,"cranston st & messer st, providence, ri 02907, usa",NA,NA,NA,NA,41.809637,-71.43343449999999,Med High,1.5037407571869208,FALSE,FALSE
2098,2015-11-23,333710,14:17:00,Pedestrian,1,NA,1,117 BYFIELD ST,OCEAN ST,2015-11-23,"Two-Way , Not Divided",Dry,Daylight,Clear,Not a Collision Between Two Motor Vehicles in Transport,"Yes, M/V and Driver Left Scene",No Controls,1,1,Complains Of Pain,NA,41.79565,-71.4075,TRUE,FALSE,"117 Byfield Street, Providence, RI, USA",FALSE,-71.40729979999999,41.7960086,premise,rooftop,"117 byfield st, providence, ri 02905, usa",NA,NA,NA,NA,41.7960086,-71.40729979999999,High,43.23880582373456,FALSE,FALSE
2099,2015-11-23,334042,16:52:00,Pedestrian,1,NA,1,1196 ELMWOOD AVE,SAWYER ST,2015-11-24,"Two-Way , Not Divided",Dry,Dusk,Clear,Not a Collision Between Two Motor Vehicles in Transport,No,No Controls,3,1,Complains Of Pain,NA,41.77906,-71.4205,TRUE,FALSE,"1196 Elmwood Ave, Providence, RI, USA",FALSE,-71.42032379999999,41.7790279,street_address,rooftop,"1196 elmwood ave, providence, ri 02907, usa",NA,NA,NA,NA,41.7790279,-71.42032379999999,High,15.057075652667038,FALSE,FALSE
2100,2015-11-22,333434,19:02:00,Pedestrian,1,NA,1,71 Putnam St,KOSSUTH ST,2015-11-22,"Two-Way, Divided, Unprotected (painted>4feet) Medium",Wet,Dark - Lighted,Clear,Not a Collision Between Two Motor Vehicles in Transport,"Yes, M/V and Driver Left Scene",No Controls,2,1,Non-Incapacitating,NA,41.82266,-71.44404,TRUE,FALSE,"71 Putnam Street, Providence, RI, USA",FALSE,-71.4438741,41.8224017,premise,rooftop,"71 putnam st, providence, ri 02909, usa",NA,NA,NA,NA,41.8224017,-71.4438741,High,31.877732869405595,FALSE,FALSE
2101,2015-11-21,333400,14:36:00,Pedestrian,2,NA,1,SERVICE ROAD 7,BROADWAY,2015-11-22,One-Way Trafficway,Dry,Daylight,Clear,Other,No,Traffic Control Signal,7,2,Complains Of Pain,NA,41.82178,-71.4208,FALSE,FALSE,"Service Road 7 and Broadway, Providence, RI, USA",FALSE,-71.420801,41.8218463,intersection,geometric_center,"service rd 1 & broadway, providence, ri 02903, usa",NA,NA,NA,NA,41.8218463,-71.420801,Med High,7.380948453824586,FALSE,FALSE
2102,2015-11-20,333017,18:28:00,Pedestrian,2,NA,1,649 ADMIRAL ST,GLOUCESTER ST,2015-11-20,"Two-Way, Divided, Unprotected (painted>4feet) Medium",Dry,Dark - Lighted,Clear,Not a Collision Between Two Motor Vehicles in Transport,No,No Controls,4,2,Incapacitating,NA,41.8489,-71.43822,TRUE,FALSE,"649 Admiral Street, Providence, RI, USA",FALSE,-71.4381228,41.8490274,premise,rooftop,"649 admiral st, providence, ri 02908, usa",NA,NA,NA,NA,41.8490274,-71.4381228,High,16.31247496290503,FALSE,FALSE
2103,2015-11-19,332626,13:43:00,Bicycle,NA,1,1,SMITH ST,PINEHURST AVE,2015-11-19,"Two-Way, Divided, Unprotected (painted>4feet) Medium",Dry,Daylight,Clear,Not a Collision Between Two Motor Vehicles in Transport,"Yes, M/V and Driver Left Scene",No Controls,1,1,Complains Of Pain,NA,41.83711,-71.43247,FALSE,FALSE,"Smith Street and Pinehurst Ave, Providence, RI, USA",FALSE,-71.4328469,41.8372933,intersection,geometric_center,"smith st & pinehurst ave, providence, ri 02908, usa",NA,NA,NA,NA,41.8372933,-71.4328469,Med High,37.32961172720221,FALSE,FALSE
2104,2015-11-19,332632,14:40:00,Bicycle,NA,1,1,VALLEY ST,DELAINE ST,2015-11-19,"Two-Way, Divided, Unprotected (painted>4feet) Medium",Wet,Daylight,"Sleet, Hail (Freezing Rain or Drizzle)",Not a Collision Between Two Motor Vehicles in Transport,No,No Controls,3,1,Complains Of Pain,NA,41.81951,-71.4405,FALSE,FALSE,"Valley Street and Delaine Street, Providence, RI, USA",FALSE,-71.44050340000001,41.8195248,intersection,geometric_center,"delaine st & valley st, providence, ri 02909, usa",NA,NA,NA,NA,41.8195248,-71.44050340000001,Med High,1.6714997868991566,FALSE,FALSE
2105,2015-11-17,332315,15:00:00,Pedestrian,1,NA,1,ADMIRAL ST,ADMIRAL ST,2015-11-17,One-Way Trafficway,Dry,Daylight,Clear,Not a Collision Between Two Motor Vehicles in Transport,No,No Controls,3,0,No Injury,NA,41.84083,-71.41768,FALSE,FALSE,"Admiral Street and Admiral Street, Providence, RI, USA",FALSE,-71.4310569,41.846452,route,geometric_center,"admiral st, providence, ri, usa",NA,NA,NA,NA,41.846452,-71.4310569,Med,1273.6981293333802,FALSE,FALSE
2106,2015-11-16,331477,09:38:00,Bicycle,NA,1,1,ROCHAMBEAU AVE,HOPE ST,2015-11-16,"Two-Way , Not Divided",Dry,Daylight,Clear,Not a Collision Between Two Motor Vehicles in Transport,No,Traffic Control Signal,4,1,Complains Of Pain,NA,41.84691,-71.39603,FALSE,FALSE,"Rochambeau Ave and Hope Street, Providence, RI, USA",FALSE,-71.3960532,41.8469319,intersection,geometric_center,"hope st & rochambeau ave, providence, ri 02906, usa",NA,NA,NA,NA,41.8469319,-71.3960532,Med High,3.10557528031824,FALSE,FALSE
2107,2015-11-16,332082,20:29:00,Pedestrian,1,NA,1,WESTMINSTER ST,BRIDGHAM ST,2015-11-16,"Two-Way , Not Divided",Dry,Dark - Lighted,Clear,Not a Collision Between Two Motor Vehicles in Transport,No,Traffic Control Signal,6,1,Complains Of Pain,2,41.8169,-71.42854,FALSE,FALSE,"Westminster Street and Bridgham Street, Providence, RI, USA",FALSE,-71.4284038,41.8169384,intersection,geometric_center,"bridgham st & westminster st, providence, ri 02909, usa",NA,NA,NA,NA,41.8169384,-71.4284038,Med High,12.081234604748296,FALSE,FALSE
2108,2015-11-16,332085,18:14:00,Pedestrian,1,NA,1,ALLENS AVE,CHAPMAN ST,2015-11-16,"Two-Way , Not Divided",Dry,Dark - Lighted,Clear,Other,No,No Controls,2,1,Complains Of Pain,NA,41.7934,-71.39745,FALSE,FALSE,"Allens Ave and Chapman Street, Providence, RI, USA",FALSE,-71.3973889,41.7932522,intersection,geometric_center,"allens ave & chapman st, providence, ri 02905, usa",NA,NA,NA,NA,41.7932522,-71.3973889,Med High,17.21675521955211,FALSE,FALSE
2109,2015-11-15,331337,16:34:00,Pedestrian,1,NA,1,593 EDDY ST,NA,2015-11-15,"Two-Way , Not Divided",Dry,Dark - Lighted,Clear,Not a Collision Between Two Motor Vehicles in Transport,No,No Controls,4,1,Complains Of Pain,NA,41.81124,-71.40713,TRUE,TRUE,"593 Eddy Street, Providence, RI, USA",FALSE,-71.4090636,41.8107889,premise,rooftop,"593 eddy st, providence, ri 02903, usa",NA,NA,NA,NA,41.8107889,-71.4090636,High,168.10945740963038,FALSE,FALSE
2110,2015-11-13,330967,17:35:00,Pedestrian,1,NA,1,BROAD ST,EARLY ST,2015-11-13,"Two-Way , Not Divided",Dry,Dark - Lighted,Cloudy,Not a Collision Between Two Motor Vehicles in Transport,No,No Controls,4,1,Complains Of Pain,NA,41.79533,-71.41111,FALSE,FALSE,"Broad Street and Early Street, Providence, RI, USA",FALSE,-71.4132727,41.7947406,route,geometric_center,"early st, providence, ri, usa","Broad Street & Early Street, Providence, RI, USA",EjBCcm9hZCBTdHJlZXQgJiBFYXJseSBTdHJlZXQsIFByb3ZpZGVuY2UsIFJJLCBVU0EiZiJkChQKEgmXU933i0_kiREGVbKb8h8HNxIUChIJl1Pd94tP5IkRBlWym_IfBzcaFAoSCYPefdWMT-SJESyiypOYSwijGhQKEgnvKWa8jk_kiRGRtjQvItEbESIKDWN86RgVooBv1Q,41.7954915,-71.41128619999999,41.7954915,-71.41128619999999,Med,23.174327318722035,FALSE,FALSE
2111,2015-11-13,332449,13:33:00,Bicycle,NA,1,1,Hartford Ave,Plainfield St,2015-11-18,Unknown,Dry,Daylight,Clear,Other,No,No Controls,2,1,Complains Of Pain,NA,41.8168,-71.44494,FALSE,FALSE,"Hartford Ave and Plainfield Street, Providence, RI, USA",FALSE,-71.44392619999999,41.8166626,intersection,geometric_center,"plainfield st & hartford ave, providence, ri 02909, usa",NA,NA,NA,NA,41.8166626,-71.44392619999999,Med High,85.48866240554949,FALSE,FALSE
2112,2015-11-13,375280,08:16:00,Pedestrian,1,NA,1,BRANCH AVE,CHARLES ST,2016-04-04,"Two-Way, Divided, Unprotected (painted>4feet) Medium",Dry,Daylight,Clear,Other,"Yes, M/V and Driver Left Scene",Traffic Control Signal,1,1,Complains Of Pain,NA,41.85029,-71.42004,FALSE,FALSE,"Branch Ave and Charles Street, Providence, RI, USA",FALSE,-71.419991,41.8503047,intersection,geometric_center,"charles st & branch ave, providence, ri 02904, usa",NA,NA,NA,NA,41.8503047,-71.419991,Med High,4.380268001577473,FALSE,FALSE
2113,2015-11-12,330650,09:45:00,Bicycle,NA,1,1,WATERMAN ST,HOPE ST,2015-11-12,"Two-Way, Divided, Unprotected (painted>4feet) Medium",Dry,Daylight,Clear,Rear End(Front-to-Rear),No,No Controls,3,1,Complains Of Pain,NA,41.82758,-71.39723,FALSE,FALSE,"Waterman Street and Hope Street, Providence, RI, USA",FALSE,-71.39723049999999,41.82760140000001,intersection,geometric_center,"hope st & waterman st, providence, ri 02906, usa",NA,NA,NA,NA,41.82760140000001,-71.39723049999999,Med High,2.3825981219298624,FALSE,FALSE
2114,2015-11-12,330759,16:17:00,Pedestrian,4,NA,1,ANGELL ST,ARLINGTON AVE,2015-11-12,One-Way Trafficway,Wet,Dusk,Rain,Not a Collision Between Two Motor Vehicles in Transport,"Yes, M/V and Driver Left Scene",Stop Signs,7,4,Non-Incapacitating,NA,41.82937,-71.39217,FALSE,FALSE,"Angell Street and Arlington Ave, Providence, RI, USA",FALSE,-71.3921469,41.8293632,intersection,geometric_center,"arlington ave & angell st, providence, ri 02906, usa",NA,NA,NA,NA,41.8293632,-71.3921469,Med High,2.0602036788137528,FALSE,FALSE
2115,2015-11-11,330544,15:40:00,Bicycle,NA,1,1,DOUGLAS AVE,LANCASHIRE ST,2015-11-11,"Two-Way, Divided, Unprotected (painted>4feet) Medium",Wet,Daylight,Rain,Not a Collision Between Two Motor Vehicles in Transport,No,No Controls,2,0,No Injury,NA,41.8488,-71.43218,FALSE,FALSE,"Douglas Ave and Lancashire Street, Providence, RI, USA",FALSE,-71.4323426,41.84894,intersection,geometric_center,"lancashire st & douglas ave, providence, ri 02908, usa",NA,NA,NA,NA,41.84894,-71.4323426,Med High,20.607795901629327,FALSE,FALSE
2116,2015-11-10,330374,15:18:00,Pedestrian,1,NA,1,GEORGE ST,BROOK ST,2015-11-10,"Two-Way , Not Divided",Wet,Daylight,Rain,Not a Collision Between Two Motor Vehicles in Transport,"Yes, M/V and Driver Left Scene",Stop Signs,1,0,No Injury,2,41.82561,-71.39906,FALSE,FALSE,"George Street and Brook Street, Providence, RI, USA",FALSE,-71.3989869,41.825126,route,geometric_center,"brook st, providence, ri, usa","George Street & Brook Street, Providence, RI, USA",EjFHZW9yZ2UgU3RyZWV0ICYgQnJvb2sgU3RyZWV0LCBQcm92aWRlbmNlLCBSSSwgVVNBImYiZAoUChIJj8XBaztF5IkRXiCnKg8LB84SFAoSCY_FwWs7ReSJEV4gpyoPCwfOGhQKEgnH6iRjO0XkiRGyZ442LkmUZRoUChIJm2Z9cjtF5IkRdYaHIRB4AGgiCg3oFe4YFURecdU,41.825636,-71.39905879999999,41.825636,-71.39905879999999,Med,2.896018043871234,FALSE,FALSE
2117,2015-11-09,330284,17:53:00,Bicycle,NA,1,1,BROAD ST,CENTRAL ST,2015-11-09,"Two-Way , Not Divided",Dry,Dusk,Clear,Not a Collision Between Two Motor Vehicles in Transport,No,No Controls,3,0,No Injury,NA,41.81319,-71.42192,FALSE,FALSE,"Broad Street and Central Street, Providence, RI, USA",FALSE,-71.3870525,41.8858281,intersection,geometric_center,"broad st & central st, central falls, ri 02863, usa",NA,NA,NA,NA,41.8858281,-71.3870525,Med High,8587.401707643598,FALSE,FALSE
2118,2015-11-06,329620,09:48:00,Pedestrian,1,NA,1,FRANCIS ST,MEMORIAL BLVD,2015-11-06,"Two-Way, Divided, Unprotected (painted>4feet) Medium",Wet,Daylight,Clear,Not a Collision Between Two Motor Vehicles in Transport,No,No Controls,1,1,Complains Of Pain,NA,41.82609,-71.41543,FALSE,FALSE,"Francis Street and Memorial Blvd, Providence, RI, USA",FALSE,-71.4134258,41.8263996,route,geometric_center,"memorial blvd, providence, ri 02903, usa","Francis Street & Memorial Blvd, Providence, RI, USA",EjNGcmFuY2lzIFN0cmVldCAmIE1lbW9yaWFsIEJsdmQsIFByb3ZpZGVuY2UsIFJJLCBVU0EiZiJkChQKEgkDtc6dEUXkiRFK7mftfMbegBIUChIJA7XOnRFF5IkRSu5n7XzG3oAaFAoSCeMKJVkQReSJEQnXa5JsDkKbGhQKEgn3LDO1FkXkiRGsznR5eOTavSIKDRwg7hgVW-Bu1Q,41.8258972,-71.4153893,41.8258972,-71.4153893,Med,21.726319935429693,FALSE,FALSE
2119,2015-11-06,329633,14:49:00,Pedestrian,1,NA,1,BRANCH AVE,W RIVER ST,2015-11-06,Unknown,Dry,Daylight,Clear,Not a Collision Between Two Motor Vehicles in Transport,No,No Controls,3,1,Complains Of Pain,NA,41.84704,-71.41299,FALSE,FALSE,"Branch Ave and W River Street, Providence, RI, USA",FALSE,-71.4126689,41.8468987,intersection,geometric_center,"w river st & branch ave, providence, ri 02904, usa",NA,NA,NA,NA,41.8468987,-71.4126689,Med High,30.926150431962274,FALSE,FALSE
2120,2015-11-06,329688,18:01:00,Pedestrian,1,NA,1,CANTON ST,CHALKSTONE AVE,2015-11-06,"Two-Way , Not Divided",Dry,Dark - Lighted,Clear,Not a Collision Between Two Motor Vehicles in Transport,No,No Controls,2,1,Incapacitating,NA,41.83213,-71.44247,FALSE,FALSE,"Canton Street and Chalkstone Ave, Providence, RI, USA",FALSE,-71.44251179999999,41.83230959999999,intersection,geometric_center,"canton st & chalkstone ave, providence, ri 02908, usa",NA,NA,NA,NA,41.83230959999999,-71.44251179999999,Med High,20.291373760697727,FALSE,FALSE
2121,2015-11-05,329218,08:15:00,Pedestrian,1,NA,1,EXCHANGE TER,FRANCIS ST,2015-11-05,One-Way Trafficway,Dry,Daylight,Clear,Not a Collision Between Two Motor Vehicles in Transport,No,No Controls,2,1,Complains Of Pain,NA,41.82502,-71.41483,FALSE,FALSE,"Exchange Ter and Francis Street, Providence, RI, USA",FALSE,-71.41480469999999,41.8250247,intersection,geometric_center,"exchange terrace & francis st, providence, ri 02903, usa",NA,NA,NA,NA,41.8250247,-71.41480469999999,Med High,2.1629587937638286,FALSE,FALSE
2122,2015-11-05,329255,07:08:00,Pedestrian,1,NA,1,COMMON STREET,SMITH ST,2015-11-05,One-Way Trafficway,Dry,Daylight,Clear,Not a Collision Between Two Motor Vehicles in Transport,No,Stop Signs,2,1,Complains Of Pain,1,41.83266,-71.4192,FALSE,FALSE,"Common Street and Smith Street, Providence, RI, USA",FALSE,-71.41916259999999,41.8326567,intersection,geometric_center,"common st & smith st, providence, ri 02908, usa",NA,NA,NA,NA,41.8326567,-71.41916259999999,Med High,3.1237700545241807,FALSE,FALSE
2123,2015-11-05,329485,18:42:00,Pedestrian,1,NA,1,POTTERS AVE,BROAD ST,2015-11-05,"Two-Way , Not Divided",Dry,Dark - Lighted,Cloudy,Not a Collision Between Two Motor Vehicles in Transport,No,No Controls,2,1,Complains Of Pain,NA,41.80302,-71.4187,FALSE,FALSE,"Potters Ave and Broad Street, Providence, RI, USA",FALSE,-71.4189101,41.80299300000001,intersection,geometric_center,"potters ave & broad st, providence, ri 02905, usa",NA,NA,NA,NA,41.80299300000001,-71.4189101,Med High,17.69172285706792,FALSE,FALSE
2124,2015-11-04,329258,20:00:00,Pedestrian,1,NA,1,200 UNION AVENUE,CUMERFORD ST,2015-11-05,"Two-Way , Not Divided",Dry,Dark - Lighted,Clear,Angle (Front - to - Side) Same Direction,No,No Controls,2,1,Complains Of Pain,NA,41.8079,-71.44345,TRUE,FALSE,"200 Union Avenue, Providence, RI, USA",FALSE,-71.4433639,41.8077864,premise,rooftop,"200 union ave, providence, ri 02909, usa",NA,NA,NA,NA,41.8077864,-71.4433639,High,14.524411497373263,FALSE,FALSE
2125,2015-11-03,328418,08:19:00,Pedestrian,1,NA,1,1481 BROAD ST,FRICKER ST,2015-11-03,One-Way Trafficway,Dry,Daylight,Clear,Head-On (Front - to - Front),No,No Controls,2,1,Complains Of Pain,NA,41.81528,-71.42066,TRUE,FALSE,"1481 Broad Street, Providence, RI, USA",FALSE,-71.40270129999999,41.7863857,premise,rooftop,"1481 broad st, providence, ri 02905, usa",NA,NA,NA,NA,41.7863857,-71.40270129999999,High,3544.9770914897185,FALSE,FALSE
2126,2015-11-03,328542,18:15:00,Bicycle,NA,1,1,RESERVOIR AVE,ELMWOOD AVE,2015-11-03,Unknown,Dry,Dark - Lighted,Clear,Angle (Front - to - Side) Right Angle (Includes Broadside),No,Traffic Control Signal,3,0,No Injury,NA,41.79765,-71.42608,FALSE,FALSE,"Reservoir Ave and Elmwood Ave, Providence, RI, USA",FALSE,-71.4258248,41.7971616,intersection,geometric_center,"reservoir ave & elmwood ave, providence, ri 02907, usa",NA,NA,NA,NA,41.7971616,-71.4258248,Med High,58.347857163570346,FALSE,FALSE
2127,2015-11-02,328278,21:32:00,Pedestrian,1,NA,1,295 ACADEMY AVE,CHALKSTONE AVE,2015-11-02,"Two-Way , Not Divided",Dry,Dark - Lighted,Clear,Other,No,No Controls,3,0,No Injury,NA,41.83277,-71.44449,TRUE,FALSE,"295 Academy Ave, Providence, RI, USA",FALSE,-71.4441354,41.8330129,premise,rooftop,"295 academy ave, providence, ri 02908, usa",NA,NA,NA,NA,41.8330129,-71.4441354,High,39.95227960891765,FALSE,FALSE
2128,2015-10-31,327416,14:08:00,Pedestrian,1,NA,1,10 LEAH ST,ATWELLS AVE,2015-10-31,"Two-Way , Not Divided",Dry,Daylight,Clear,Not a Collision Between Two Motor Vehicles in Transport,No,No Controls,3,1,Complains Of Pain,2,41.82559,-71.45148,TRUE,FALSE,"10 Leah Street, Providence, RI, USA",FALSE,-71.45165539999999,41.825595,premise,rooftop,"10 leah st, providence, ri 02908, usa",NA,NA,NA,NA,41.825595,-71.45165539999999,High,14.560573542271511,FALSE,FALSE