row_number,crash_date,crash_report_id,crash_time,collision_type,count_pedestrian,count_bicycle,number_of_vehicles,street_or_highway,nearest_intersection,report_date,type_of_roadway,road_surface_condition,light_condition,weather_condition,manner_of_impact,hit_and_run,traffic_control,person_count,injury_count,most_serious_injury,number_of_lanes,lat_raw,lon_raw,has_st_number,is_intersection_null,address_sent_to_geocoder,is_address_blank,lon_api_first_try,lat_api_first_try,type,loctype,address_returned_by_geocoder,address_returned_by_autocomplete,place_ids_autocompleted,lat_api_second_try,lon_api_second_try,lat_api_best,lon_api_best,api_coord_conf,distance_btwn_coords_meters,scooter,wheel_chair
2264,2015-06-08,295540,15:02:00,Bicycle,NA,1,1,MEDWAY ST,GANO ST,2015-06-08,"Two-Way , Not Divided",Dry,Daylight,Cloudy,Not a Collision Between Two Motor Vehicles in Transport,No,Stop Signs,3,1,Non-Incapacitating,NA,41.82887,-71.39087,FALSE,FALSE,"Medway Street and Gano Street, Providence, RI, USA",FALSE,-71.3908623,41.8288913,intersection,geometric_center,"gano st & medway st, providence, ri 02906, usa",NA,NA,NA,NA,41.8288913,-71.3908623,Med High,2.4556226726096857,FALSE,FALSE
2265,2015-06-06,295894,21:23:00,Pedestrian,1,NA,1,Florence St,MANTON AVE,2015-06-10,One-Way Trafficway,Dry,Dark - Lighted,Clear,Not a Collision Between Two Motor Vehicles in Transport,"Yes, M/V and Driver Left Scene",No Controls,1,1,Non-Incapacitating,NA,41.82027,-71.44695,FALSE,FALSE,"Florence Street and Manton Ave, Providence, RI, USA",FALSE,-71.4470068,41.8202523,intersection,geometric_center,"florence st & manton ave, providence, ri 02909, usa",NA,NA,NA,NA,41.8202523,-71.4470068,Med High,5.107477207924876,FALSE,FALSE
2266,2015-06-04,294848,07:48:00,Pedestrian,1,NA,1,PRAIRIE AVE,THURBERS AVE,2015-06-04,"Two-Way, Divided, Unprotected (painted>4feet) Medium",Dry,Daylight,Clear,Not a Collision Between Two Motor Vehicles in Transport,No,No Controls,6,1,Incapacitating,NA,41.79847,-71.41179,FALSE,FALSE,"Prairie Ave and Thurbers Ave, Providence, RI, USA",FALSE,-71.41191049999999,41.7987434,intersection,geometric_center,"thurbers ave & prairie ave, providence, ri 02905, usa",NA,NA,NA,NA,41.7987434,-71.41191049999999,Med High,32.03552032862826,FALSE,FALSE
2267,2015-06-04,294881,12:28:00,Pedestrian,1,NA,1,WESTMINSTER ST,COLLEGE ST,2015-06-04,"Two-Way, Divided, Unprotected (painted>4feet) Medium",Dry,Daylight,Clear,Not a Collision Between Two Motor Vehicles in Transport,No,No Controls,4,1,Incapacitating,NA,41.82529,-71.40895,FALSE,FALSE,"Westminster Street and College Street, Providence, RI, USA",FALSE,-71.4088081,41.8253077,intersection,geometric_center,"westminster st & college st, providence, ri 02903, usa",NA,NA,NA,NA,41.8253077,-71.4088081,Med High,11.93483387030776,FALSE,FALSE
2268,2015-06-04,294895,15:35:00,Pedestrian,1,NA,1,VERMONT AVE,VIRGINIA AVE,2015-06-04,"Two-Way , Not Divided",Dry,Daylight,Clear,Not a Collision Between Two Motor Vehicles in Transport,"Yes, M/V and Driver Left Scene",No Controls,1,1,Complains Of Pain,NA,41.78876,-71.39591,FALSE,FALSE,"Vermont Ave and Virginia Ave, Providence, RI, USA",FALSE,-71.3989933,41.7882176,intersection,geometric_center,"vermont ave & virginia ave, providence, ri 02905, usa",NA,NA,NA,NA,41.7882176,-71.3989933,Med High,262.9430999702467,FALSE,FALSE
2269,2015-06-02,294653,11:23:00,Pedestrian,1,NA,1,BROAD ST,BROAD ST,2015-06-02,"Two-Way , Not Divided",Wet,Daylight,Rain,Not a Collision Between Two Motor Vehicles in Transport,No,No Controls,3,1,Complains Of Pain,NA,41.78612,-71.40179,FALSE,FALSE,"Broad Street and Broad Street, Providence, RI, USA",FALSE,-71.4101636,41.7945838,route,geometric_center,"broad st, providence, ri, usa",NA,NA,NA,NA,41.7945838,-71.4101636,Med,1170.7835292814743,FALSE,FALSE
2270,2015-05-30,294183,16:40:00,Bicycle,NA,1,1,DOUGLAS AVE,GODDARD ST,2015-05-30,"Two-Way , Not Divided",Dry,Daylight,Clear,Not a Collision Between Two Motor Vehicles in Transport,"Yes, M/V and Driver Left Scene",No Controls,2,1,Complains Of Pain,2,41.83513,-71.41736,FALSE,FALSE,"Douglas Ave and Goddard Street, Providence, RI, USA",FALSE,-71.41753349999999,41.8352116,intersection,geometric_center,"goddard st & douglas ave, providence, ri 02908, usa",NA,NA,NA,NA,41.8352116,-71.41753349999999,Med High,17.017343808681407,FALSE,FALSE
2271,2015-05-28,293911,19:35:00,Pedestrian,1,NA,1,Eddy Street,ERNEST ST,2015-05-28,"Two-Way , Not Divided",Dry,Daylight,Clear,Not a Collision Between Two Motor Vehicles in Transport,"Yes, M/V and Driver Left Scene",Traffic Control Signal,1,1,Complains Of Pain,NA,41.79512,-71.40451,FALSE,FALSE,"Eddy Street and Ernest Street, Providence, RI, USA",FALSE,-71.4045029,41.79512,intersection,geometric_center,"eddy st & ernest st, providence, ri 02905, usa",NA,NA,NA,NA,41.79512,-71.4045029,Med High,0.5892455297496721,FALSE,FALSE
2272,2015-05-27,293763,08:54:00,Pedestrian,1,NA,1,6 GALLUP ST,BURNSIDE ST,2015-05-27,"Two-Way , Not Divided",Dry,Daylight,Clear,Not a Collision Between Two Motor Vehicles in Transport,"Yes, M/V and Driver Left Scene",No Controls,2,1,Complains Of Pain,NA,41.80039,-71.41057,TRUE,FALSE,"6 Gallup Street, Providence, RI, USA",FALSE,-71.40800089999999,41.80083219999999,premise,rooftop,"6 gallup st, providence, ri 02905, usa",NA,NA,NA,NA,41.80083219999999,-71.40800089999999,High,218.8064116391242,FALSE,FALSE
2273,2015-05-27,293789,14:12:00,Bicycle,NA,1,1,601 N. MAIN ST,N MAIN ST,2015-05-27,"Two-Way, Divided, Positive Median Barrier",Dry,Daylight,Clear,Not a Collision Between Two Motor Vehicles in Transport,"Yes, M/V and Driver Left Scene",No Controls,1,1,Complains Of Pain,NA,41.83717,-71.40948,TRUE,FALSE,"601 N. Main Street, Providence, RI, USA",FALSE,-71.40832139999999,41.83723930000001,subpremise,rooftop,"601 n main st, providence, ri 02904, usa",NA,NA,NA,NA,41.83723930000001,-71.40832139999999,High,96.40091612788244,FALSE,FALSE
2274,2015-05-24,293383,20:26:00,Pedestrian,1,NA,1,PEMBROKE AVE,CHAD BROWN ST,2015-05-24,"Two-Way , Not Divided",Dry,Dark - Lighted,Clear,Other,No,No Controls,2,1,Complains Of Pain,NA,41.83909,-71.43026,FALSE,FALSE,"Pembroke Ave and Chad Brown Street, Providence, RI, USA",FALSE,-71.43023720000001,41.8391171,intersection,geometric_center,"chad brown st & pembroke ave, providence, ri 02908, usa",NA,NA,NA,NA,41.8391171,-71.43023720000001,Med High,3.5603976074908488,FALSE,FALSE
2275,2015-05-24,293386,19:34:00,Pedestrian,1,NA,1,680 Admiral Street,NA,2015-05-24,Unknown,Dry,Dark - Lighted,Clear,Not a Collision Between Two Motor Vehicles in Transport,No,No Controls,3,1,Incapacitating,NA,41.84927,-71.43911,TRUE,TRUE,"680 Admiral Street, Providence, RI, USA",FALSE,-71.43929159999999,41.8491799,premise,rooftop,"680 admiral st, providence, ri 02908, usa",NA,NA,NA,NA,41.8491799,-71.43929159999999,High,18.09315829486878,FALSE,FALSE
2276,2015-05-23,293229,11:28:00,Bicycle,NA,1,1,HARTFORD AVE,ALVERSON AVE,2015-05-23,"Two-Way , Not Divided",Dry,Daylight,Clear,Not a Collision Between Two Motor Vehicles in Transport,No,No Controls,3,1,Complains Of Pain,NA,41.81877,-71.46008,FALSE,FALSE,"Hartford Ave and Alverson Ave, Providence, RI, USA",FALSE,-71.4600789,41.81879139999999,intersection,geometric_center,"alverson ave & hartford ave, providence, ri 02909, usa",NA,NA,NA,NA,41.81879139999999,-71.4600789,Med High,2.383984396454119,FALSE,FALSE
2277,2015-05-23,293269,16:53:00,Bicycle,NA,1,1,ALLENS AVE,Bay Street,2015-05-23,"Two-Way , Not Divided",Dry,Daylight,Clear,Not a Collision Between Two Motor Vehicles in Transport,"Yes, M/V and Driver Left Scene",No Controls,1,1,Non-Incapacitating,NA,41.8061,-71.40277,FALSE,FALSE,"Allens Ave and Bay Street, Providence, RI, USA",FALSE,-71.40312709999999,41.8069363,intersection,geometric_center,"allens ave & bay st, providence, ri 02903, usa",NA,NA,NA,NA,41.8069363,-71.40312709999999,Med High,97.69836119054692,FALSE,FALSE
2278,2015-05-22,293130,18:00:00,Bicycle,NA,1,1,Detroit Avenue,Broad Street,2015-05-22,"Two-Way , Not Divided",Dry,Daylight,Clear,Not a Collision Between Two Motor Vehicles in Transport,No,No Controls,2,1,Non-Incapacitating,NA,41.79438,-71.40995,FALSE,FALSE,"Detroit Avenue and Broad Street, Providence, RI, USA",FALSE,-71.4099112,41.794379,intersection,geometric_center,"detroit ave & broad st, providence, ri 02905, usa",NA,NA,NA,NA,41.794379,-71.4099112,Med High,3.222063098766047,FALSE,FALSE
2279,2015-05-22,293136,00:51:00,Bicycle,NA,1,1,Atwells Ave,NA,2015-05-22,"Two-Way , Not Divided",Dry,Dark - Lighted,Clear,Not a Collision Between Two Motor Vehicles in Transport,"Yes, M/V and Driver Left Scene",No Controls,1,1,Complains Of Pain,NA,41.8233,-71.42276,FALSE,TRUE,"Atwells Ave, Providence, RI, USA",FALSE,-71.4363598,41.8244829,route,geometric_center,"atwells ave, providence, ri, usa",NA,NA,NA,NA,41.8244829,-71.4363598,Inaccurate,1135.8310637155591,FALSE,FALSE
2280,2015-05-21,292816,10:35:00,Pedestrian,1,NA,1,DORRANCE ST,EXCHANGE TER,2015-05-21,One-Way Trafficway,Dry,Daylight,Clear,Not a Collision Between Two Motor Vehicles in Transport,"Yes, M/V and Driver Left Scene",No Controls,2,1,Complains Of Pain,NA,41.82471,-71.41351,FALSE,FALSE,"Dorrance Street and Exchange Ter, Providence, RI, USA",FALSE,-71.4127397,41.825713,route,geometric_center,"exchange terrace, providence, ri 02903, usa",NA,NA,NA,NA,41.825713,-71.4127397,Med,128.6451347596442,FALSE,FALSE
2281,2015-05-21,292845,09:08:00,Bicycle,NA,1,1,325 WASHINGTON ST,DEAN ST,2015-05-21,"Two-Way, Divided, Unprotected (painted>4feet) Medium",Dry,Daylight,Clear,Not a Collision Between Two Motor Vehicles in Transport,No,No Controls,3,0,No Injury,NA,41.81917,-71.42058,TRUE,FALSE,"325 Washington Street, Providence, RI, USA",FALSE,-71.42038339999999,41.8197315,premise,rooftop,"325 washington st, providence, ri 02903, usa",NA,NA,NA,NA,41.8197315,-71.42038339999999,High,64.59880830890974,FALSE,FALSE
2282,2015-05-20,292707,14:40:00,Pedestrian,1,NA,1,112 DORA ST,WEBSTER AVE,2015-05-20,"Two-Way, Divided, Unprotected (painted>4feet) Medium",Dry,Daylight,Clear,Not a Collision Between Two Motor Vehicles in Transport,"Yes, M/V and Driver Left Scene",No Controls,1,1,Complains Of Pain,2,41.8081,-71.44815,TRUE,FALSE,"112 Dora Street, Providence, RI, USA",FALSE,-71.44689699999999,41.8082102,street_address,range_interpolated,"112 dora st, providence, ri 02909, usa",NA,NA,NA,NA,41.8082102,-71.44689699999999,High,104.6894607886496,FALSE,FALSE
2283,2015-05-20,292730,16:26:00,Pedestrian,1,NA,1,343 BROAD ST,NA,2015-05-20,"Two-Way, Divided, Positive Median Barrier",Dry,Daylight,Clear,Not a Collision Between Two Motor Vehicles in Transport,No,No Controls,7,1,Incapacitating,2,41.81398,-71.4214,TRUE,TRUE,"343 Broad Street, Providence, RI, USA",FALSE,-71.4221475,41.813852,premise,rooftop,"343 broad st, providence, ri 02907, usa",NA,NA,NA,NA,41.813852,-71.4221475,High,63.63437654949742,FALSE,FALSE
2284,2015-05-20,293337,14:30:00,Bicycle,NA,1,1,POINT ST,S WATER ST,2015-05-24,One-Way Trafficway,Dry,Daylight,Clear,Not a Collision Between Two Motor Vehicles in Transport,No,Stop Signs,2,1,Non-Incapacitating,NA,41.81874,-71.40185,FALSE,FALSE,"Point Street and S Water Street, Providence, RI, USA",FALSE,-71.4018957,41.8187467,intersection,geometric_center,"s water st & point st, providence, ri 02903, usa",NA,NA,NA,NA,41.8187467,-71.4018957,Med High,3.8640162530182085,FALSE,FALSE
2285,2015-05-19,292615,16:30:00,Pedestrian,1,NA,1,PLAINFIELD ST,MERINO ST,2015-05-19,"Two-Way , Not Divided",Dry,Daylight,Clear,Not a Collision Between Two Motor Vehicles in Transport,"Yes, M/V and Driver Left Scene",No Controls,2,1,Complains Of Pain,2,41.80904,-71.463,FALSE,FALSE,"Plainfield Street and Merino Street, Providence, RI, USA",FALSE,-71.45739700000001,41.8129452,intersection,geometric_center,"merino st & plainfield st, providence, ri 02909, usa",NA,NA,NA,NA,41.8129452,-71.45739700000001,Med High,636.4818986622228,FALSE,FALSE
2286,2015-05-18,292340,15:39:00,Bicycle,NA,1,1,WICKENDEN ST,BROOK ST,2015-05-18,"Two-Way , Not Divided",Dry,Daylight,Clear,Not a Collision Between Two Motor Vehicles in Transport,No,Traffic Control Signal,3,1,Incapacitating,NA,41.81948,-71.39826,FALSE,FALSE,"Wickenden Street and Brook Street, Providence, RI, USA",FALSE,-71.3982534,41.8194797,intersection,geometric_center,"wickenden st & brook st, providence, ri 02903, usa",NA,NA,NA,NA,41.8194797,-71.3982534,Med High,0.5485586310859865,FALSE,FALSE
2287,2015-05-17,292159,00:11:00,Pedestrian,1,NA,1,UNION AVE,ALTHEA ST,2015-05-17,"Two-Way , Not Divided",Dry,Dark - Lighted,Clear,Not a Collision Between Two Motor Vehicles in Transport,No,No Controls,2,1,Non-Incapacitating,NA,41.80932,-71.43829,FALSE,FALSE,"Union Ave and Althea Street, Providence, RI, USA",FALSE,-71.4350772,41.807752,route,geometric_center,"althea st, providence, ri, usa","Union Ave & Althea Street, Providence, RI, USA",Ei5VbmlvbiBBdmUgJiBBbHRoZWEgU3RyZWV0LCBQcm92aWRlbmNlLCBSSSwgVVNBImYiZAoUChIJXZMahIZF5IkRB-__ASO0yokSFAoSCV2TGoSGReSJEQfv_wEjtMqJGhQKEgkjges4ikXkiRGe1Z8wsMWILxoUChIJp4GeQIFF5IkR1Ebe3VPYn2YiCg16lusYFVZca9U,41.8092666,-71.4384298,41.8092666,-71.4384298,Med,13.034227199627068,FALSE,FALSE
2288,2015-05-16,292208,20:56:00,Pedestrian,1,NA,1,WATERMAN ST,BROWN ST,2015-05-17,"Two-Way , Not Divided",Dry,Daylight,Clear,Not a Collision Between Two Motor Vehicles in Transport,No,Stop Signs,2,1,Complains Of Pain,NA,41.82705,-71.40304,FALSE,FALSE,"Waterman Street and Brown Street, Providence, RI, USA",FALSE,-71.4030136,41.8270531,intersection,geometric_center,"brown st & waterman st, providence, ri 02912, usa",NA,NA,NA,NA,41.8270531,-71.4030136,Med High,2.2169288909598475,FALSE,FALSE
2289,2015-05-14,291766,10:27:00,Pedestrian,1,NA,1,70 KENNEDY PLZ,ARCADE ST,2015-05-14,One-Way Trafficway,Dry,Daylight,Clear,Not a Collision Between Two Motor Vehicles in Transport,No,No Controls,4,1,Complains Of Pain,NA,41.82455,-71.41181,TRUE,FALSE,"70 Kennedy Plz, Providence, RI, USA",FALSE,-71.41163499999999,41.8243973,street_address,rooftop,"70 kennedy plaza, providence, ri 02903, usa",NA,NA,NA,NA,41.8243973,-71.41163499999999,High,22.3537901817137,FALSE,FALSE
2290,2015-05-14,291793,14:17:00,Bicycle,NA,1,1,Dorrance St,WEYBOSSET ST,2015-05-14,"Two-Way , Not Divided",Dry,Daylight,Clear,Other,No,Traffic Control Signal,3,1,Complains Of Pain,NA,41.82301,-71.41093,FALSE,FALSE,"Dorrance Street and Weybosset Street, Providence, RI, USA",FALSE,-71.4109933,41.8230796,intersection,geometric_center,"weybosset st & dorrance st, providence, ri 02903, usa",NA,NA,NA,NA,41.8230796,-71.4109933,Med High,9.359662582447235,FALSE,FALSE
2291,2015-05-14,291820,16:46:00,Pedestrian,1,NA,1,BRANCH AVE,EXIT 24,2015-05-14,"Two-Way , Not Divided",Dry,Daylight,Clear,Not a Collision Between Two Motor Vehicles in Transport,"Yes, M/V and Driver Left Scene",Stop Signs,1,1,Complains Of Pain,NA,41.84629,-71.41157,FALSE,FALSE,"Branch Ave and Exit 24, Providence, RI, USA",FALSE,-71.4128343,41.8239891,locality,approximate,"providence, ri, usa",NA,NA,NA,NA,41.8239891,-71.4128343,Med,2484.7385193470577,FALSE,FALSE
2292,2015-05-13,291700,16:02:00,Pedestrian,1,NA,1,ACADEMY AVE,WABUN AVE,2015-05-13,"Two-Way , Not Divided",Dry,Daylight,Clear,Not a Collision Between Two Motor Vehicles in Transport,"Yes, M/V and Driver Left Scene",No Controls,1,1,Complains Of Pain,NA,41.84033,-71.44502,FALSE,FALSE,"Academy Ave and Wabun Ave, Providence, RI, USA",FALSE,-71.44503329999999,41.8404078,intersection,geometric_center,"academy ave & wabun ave, providence, ri 02908, usa",NA,NA,NA,NA,41.8404078,-71.44503329999999,Med High,8.73061386575637,FALSE,FALSE
2293,2015-05-08,290666,16:21:00,Bicycle,NA,1,1,71 ANDEM ST,CANTON ST,2015-05-08,"Two-Way , Not Divided",Dry,Daylight,Clear,Not a Collision Between Two Motor Vehicles in Transport,No,No Controls,2,1,Complains Of Pain,NA,41.83055,-71.44263,TRUE,FALSE,"71 Andem Street, Providence, RI, USA",FALSE,-71.4426802,41.8306928,premise,rooftop,"71 andem st, providence, ri 02908, usa",NA,NA,NA,NA,41.8306928,-71.4426802,High,16.43272313243422,FALSE,FALSE
2294,2015-05-07,290411,09:19:00,Pedestrian,1,NA,1,593 EDDY STREET,NA,2015-05-07,One-Way Trafficway,Dry,Daylight,Clear,Unknown,No,No Controls,3,1,Complains Of Pain,NA,41.83484,-71.41659,TRUE,TRUE,"593 Eddy Street, Providence, RI, USA",FALSE,-71.4090636,41.8107889,premise,rooftop,"593 eddy st, providence, ri 02903, usa",NA,NA,NA,NA,41.8107889,-71.4090636,High,2749.1936972601993,FALSE,FALSE
2295,2015-05-06,290285,13:40:00,Bicycle,NA,1,1,GANO STREET,EAST TRANSIT STREET,2015-05-06,"Two-Way , Not Divided",Dry,Daylight,Clear,Angle (Front - to - Side) Right Angle (Includes Broadside),No,No Controls,2,1,Non-Incapacitating,NA,41.83685,-71.41446,FALSE,FALSE,"Gano Street and East Transit Street, Providence, RI, USA",FALSE,-71.3897963,41.8218214,intersection,geometric_center,"gano st & e transit st, providence, ri 02906, usa",NA,NA,NA,NA,41.8218214,-71.3897963,Med High,2642.757299321359,FALSE,FALSE
2296,2015-05-06,290303,14:51:00,Pedestrian,1,NA,1,DOYLE AVE,HOPE ST,2015-05-06,"Two-Way , Not Divided",Dry,Daylight,Clear,Not a Collision Between Two Motor Vehicles in Transport,No,No Controls,2,1,Complains Of Pain,2,41.83877,-71.40046,FALSE,FALSE,"Doyle Ave and Hope Street, Providence, RI, USA",FALSE,-71.40009719999999,41.8387695,intersection,geometric_center,"hope st & doyle ave, providence, ri 02906, usa",NA,NA,NA,NA,41.8387695,-71.40009719999999,Med High,30.08915349809765,FALSE,FALSE
2297,2015-05-06,290325,17:46:00,Pedestrian,1,NA,1,EXCHANGE TER,EXCHANGE ST,2015-05-06,"Two-Way , Not Divided",Dry,Daylight,Clear,Not a Collision Between Two Motor Vehicles in Transport,No,Traffic Control Signal,4,1,Complains Of Pain,3,41.82608,-71.41167,FALSE,FALSE,"Exchange Ter and Exchange Street, Providence, RI, USA",FALSE,-71.41480469999999,41.8250247,intersection,geometric_center,"exchange terrace & w exchange st, providence, ri 02903, usa",NA,NA,NA,NA,41.8250247,-71.41480469999999,Med High,285.33730541456674,FALSE,FALSE
2298,2015-05-05,290118,07:40:00,Pedestrian,1,NA,1,279 D CHAD BROWN STREET,NA,2015-05-05,"Two-Way , Not Divided",Dry,Daylight,Clear,Unknown,"Yes, M/V and Driver Left Scene",No Controls,2,1,Complains Of Pain,2,41.83618,-71.41545,TRUE,TRUE,"279 D Chad Brown Street, Providence, RI, USA",FALSE,-71.4224919,41.8406767,premise,rooftop,"279 chad brown st, providence, ri 02908, usa",NA,NA,NA,NA,41.8406767,-71.4224919,High,769.1944423291753,FALSE,FALSE
2299,2015-05-05,290165,12:15:00,Bicycle,NA,NA,2,245 WATERMAN ST,COOKE ST,2015-05-05,One-Way Trafficway,Dry,Daylight,Clear,Rear End(Front-to-Rear),"Yes, M/V and Driver Left Scene",No Controls,2,0,No Injury,NA,41.82761,-71.39556,TRUE,FALSE,"245 Waterman Street, Providence, RI, USA",FALSE,-71.3874654,41.8279298,premise,rooftop,"245 waterman st, providence, ri 02906, usa",NA,NA,NA,NA,41.8279298,-71.3874654,High,672.3904570633497,FALSE,FALSE
2300,2015-05-05,290208,14:31:00,Pedestrian,1,NA,1,ATWELLS AVE,DE PASQUALE AVE,2015-05-05,"Two-Way , Not Divided",Dry,Daylight,Clear,Not a Collision Between Two Motor Vehicles in Transport,No,Traffic Control Signal,6,1,Non-Incapacitating,NA,41.82359,-71.42694,FALSE,FALSE,"Atwells Ave and De Pasquale Ave, Providence, RI, USA",FALSE,-71.4270169,41.8235993,intersection,geometric_center,"de pasquale ave & atwells ave, providence, ri 02903, usa",NA,NA,NA,NA,41.8235993,-71.4270169,Med High,6.462733269831416,FALSE,FALSE
2301,2015-05-04,290037,16:39:00,Pedestrian,1,NA,1,ONTARIO ST,NIAGARA ST,2015-05-04,"Two-Way , Not Divided",Dry,Daylight,Clear,Not a Collision Between Two Motor Vehicles in Transport,No,No Controls,3,1,Complains Of Pain,NA,41.80041,-71.41774,FALSE,FALSE,"Ontario Street and Niagara Street, Providence, RI, USA",FALSE,-71.419342,41.7998959,intersection,geometric_center,"ontario st & niagara st, providence, ri 02907, usa",NA,NA,NA,NA,41.7998959,-71.419342,Med High,144.73807789234783,FALSE,FALSE
2302,2015-05-03,289877,12:14:00,Pedestrian,1,NA,1,OPPER ST,BRANCH AVE,2015-05-03,"Two-Way , Not Divided",Dry,Daylight,Clear,Not a Collision Between Two Motor Vehicles in Transport,No,No Controls,3,1,Complains Of Pain,NA,41.85181,-71.42329,FALSE,FALSE,"Opper Street and Branch Ave, Providence, RI, USA",FALSE,-71.42336999999999,41.8517435,intersection,geometric_center,"opper st & branch ave, providence, ri 02904, usa",NA,NA,NA,NA,41.8517435,-71.42336999999999,Med High,9.940028028144246,FALSE,FALSE
2303,2015-05-03,289931,20:17:00,Pedestrian,1,NA,1,Union Ave,Laurel Hill Ave,2015-05-04,"Two-Way , Not Divided",Dry,Dark - Lighted,Clear,Not a Collision Between Two Motor Vehicles in Transport,"Yes, M/V and Driver Left Scene",Stop Signs,2,1,Complains Of Pain,NA,41.80626,-71.45236,FALSE,FALSE,"Union Ave and Laurel Hill Ave, Providence, RI, USA",FALSE,-71.4525408,41.8067975,route,geometric_center,"laurel hill ave, providence, ri, usa","Union Ave & Laurel Hill Ave, Providence, RI, USA",EjBVbmlvbiBBdmUgJiBMYXVyZWwgSGlsbCBBdmUsIFByb3ZpZGVuY2UsIFJJLCBVU0EiZiJkChQKEglrPHsWYE_kiRFKPFIS1QivrRIUChIJazx7FmBP5IkRSjxSEtUIr60aFAoSCSOB6ziKReSJEZ7VnzCwxYgvGhQKEglNWa7jX0_kiRHbnNKs9QgbTiIKDbch6xgVuzxp1Q,41.8062775,-71.4523461,41.8062775,-71.4523461,Med,2.263928786410393,FALSE,FALSE
2304,2015-05-02,289688,13:53:00,Pedestrian,1,NA,1,1075 N MAIN ST,NA,2015-05-02,Unknown,Dry,Daylight,Clear,Not a Collision Between Two Motor Vehicles in Transport,No,No Controls,2,1,Complains Of Pain,NA,41.84979,-71.40314,TRUE,TRUE,"1075 N Main Street, Providence, RI, USA",FALSE,-71.4026391,41.8496279,premise,rooftop,"1075 n main st, providence, ri 02904, usa",NA,NA,NA,NA,41.8496279,-71.4026391,High,45.285871034429505,FALSE,FALSE
2305,2015-05-02,289689,14:46:00,Bicycle,NA,1,1,WASHINGTON ST,SERVICE ROAD 8,2015-05-02,"Two-Way , Not Divided",Dry,Daylight,Clear,Not a Collision Between Two Motor Vehicles in Transport,No,No Controls,2,1,Complains Of Pain,NA,41.82031,-71.41868,FALSE,FALSE,"Washington Street and Service Road 8, Providence, RI, USA",FALSE,-71.391257,41.7939064,street_address,range_interpolated,"8 service rd, providence, ri 02905, usa",NA,NA,NA,NA,41.7939064,-71.391257,Med High,3717.106482412156,FALSE,FALSE
2306,2015-05-01,289467,12:44:00,Bicycle,NA,1,1,BROADWAY,GREENMAN LN,2015-05-01,"Two-Way , Not Divided",Dry,Daylight,Clear,Not a Collision Between Two Motor Vehicles in Transport,No,Traffic Control Signal,5,1,Complains Of Pain,NA,41.82232,-71.41867,FALSE,FALSE,"Broadway and Greenman Ln, Providence, RI, USA",FALSE,-71.4119953,41.8109879,doctor,rooftop,"101 dudley st, providence, ri 02905, usa",NA,NA,NA,NA,41.8109879,-71.4119953,Med,1377.6770455316816,FALSE,FALSE
2307,2015-05-01,289488,16:47:00,Bicycle,NA,1,1,OAKLAND AVE,EATON ST,2015-05-01,"Two-Way , Not Divided",Dry,Daylight,Clear,Not a Collision Between Two Motor Vehicles in Transport,"Yes, M/V and Driver Left Scene",No Controls,3,1,Complains Of Pain,2,41.84101,-71.42851,FALSE,FALSE,"Oakland Ave and Eaton Street, Providence, RI, USA",FALSE,-71.42850179999999,41.8410229,intersection,geometric_center,"eaton st & oakland ave, providence, ri 02908, usa",NA,NA,NA,NA,41.8410229,-71.42850179999999,Med High,1.5889068363159404,FALSE,FALSE
2308,2015-04-30,289384,21:37:00,Pedestrian,1,NA,1,86 CORINTH ST,NA,2015-04-30,Unknown,Dry,Dark - Lighted,Clear,Not a Collision Between Two Motor Vehicles in Transport,No,No Controls,3,1,Complains Of Pain,NA,41.7934,-71.4134,TRUE,TRUE,"86 Corinth Street, Providence, RI, USA",FALSE,-71.4133542,41.7932754,premise,rooftop,"86 corinth st, providence, ri 02907, usa",NA,NA,NA,NA,41.7932754,-71.4133542,High,14.381829076428442,FALSE,FALSE
2309,2015-04-29,289153,11:30:00,Pedestrian,1,NA,1,BROAD ST,Somerset St,2015-04-29,"Two-Way, Divided, Positive Median Barrier",Dry,Daylight,Clear,Not a Collision Between Two Motor Vehicles in Transport,No,No Controls,3,1,Complains Of Pain,NA,41.81347,-71.42158,FALSE,FALSE,"Broad Street and Somerset Street, Providence, RI, USA",FALSE,-71.4189293,41.8120584,route,geometric_center,"somerset st, providence, ri, usa","Broad Street & Somerset Street, Providence, RI, USA",EjNCcm9hZCBTdHJlZXQgJiBTb21lcnNldCBTdHJlZXQsIFByb3ZpZGVuY2UsIFJJLCBVU0EiZiJkChQKEgkL8cb6cEXkiRFbmigrIHJHkRIUChIJC_HG-nBF5IkRW5ooKyByR5EaFAoSCYPefdWMT-SJESyiypOYSwijGhQKEgnrwx8ZcEXkiRHDryh8sOglTSIKDT067BgVsO5t1Q,41.8134589,-71.421576,41.8134589,-71.421576,Med,1.2794383274172652,FALSE,FALSE