row_number,crash_date,crash_report_id,crash_time,collision_type,count_pedestrian,count_bicycle,number_of_vehicles,street_or_highway,nearest_intersection,report_date,type_of_roadway,road_surface_condition,light_condition,weather_condition,manner_of_impact,hit_and_run,traffic_control,person_count,injury_count,most_serious_injury,number_of_lanes,lat_raw,lon_raw,has_st_number,is_intersection_null,address_sent_to_geocoder,is_address_blank,lon_api_first_try,lat_api_first_try,type,loctype,address_returned_by_geocoder,address_returned_by_autocomplete,place_ids_autocompleted,lat_api_second_try,lon_api_second_try,lat_api_best,lon_api_best,api_coord_conf,distance_btwn_coords_meters,scooter,wheel_chair
2355,2015-02-04,273294,13:03:00,Pedestrian,1,NA,1,PENNSYLVANIA AVE,broad st,2015-02-04,"Two-Way , Not Divided",Snow,Daylight,Clear,Not a Collision Between Two Motor Vehicles in Transport,"Yes, M/V and Driver Left Scene",No Controls,2,1,Complains Of Pain,NA,41.79747,-71.41358,FALSE,FALSE,"Pennsylvania Ave and Broad Street, Providence, RI, USA",FALSE,-71.4101636,41.7945838,route,geometric_center,"broad st, providence, ri, usa","Pennsylvania Ave & Broad Street, Providence, RI, USA",EjRQZW5uc3lsdmFuaWEgQXZlICYgQnJvYWQgU3RyZWV0LCBQcm92aWRlbmNlLCBSSSwgVVNBImYiZAoUChIJH-USE4lP5IkR2eJtH_oD4z4SFAoSCR_lEhOJT-SJEdnibR_6A-M-GhQKEglLqKh7iU_kiREAyDy9Y6daihoUChIJg9591YxP5IkRLKLKk5hLCKMiCg1YyekYFXUhb9U,41.7974616,-71.4137227,41.7974616,-71.4137227,Med,11.8794312556903,FALSE,FALSE
2356,2015-02-04,273321,12:53:00,Pedestrian,1,NA,1,N MAIN ST,N MAIN ST,2015-02-04,"Two-Way, Divided, Positive Median Barrier",Snow,Daylight,Clear,Other,No,No Controls,2,1,Complains Of Pain,NA,41.85566,-71.39994,FALSE,FALSE,"N Main Street and N Main Street, Providence, RI, USA",FALSE,-71.2873641,41.7371398,route,geometric_center,"n main st, rhode island, usa",NA,NA,NA,NA,41.7371398,-71.2873641,Med,16166.575060407366,FALSE,FALSE
2357,2015-02-02,272866,01:10:00,Pedestrian,1,NA,1,EUTAW ST,ATWELLS AVE,2015-02-02,One-Way Trafficway,Dry,Dark - Lighted,Cloudy,Other,"Yes, M/V and Driver Left Scene",No Controls,3,1,Complains Of Pain,1,41.82379,-71.42545,FALSE,FALSE,"Eutaw Street and Atwells Ave, Providence, RI, USA",FALSE,-71.4263084,41.8235618,intersection,geometric_center,"eutaw st & atwells ave, providence, ri 02903, usa",NA,NA,NA,NA,41.8235618,-71.4263084,Med High,75.60436717820777,FALSE,FALSE
2358,2015-01-30,272202,02:51:00,Pedestrian,1,NA,1,71 bridgham street,KENDALL ST,2015-01-30,Unknown,Wet,Dark - Lighted,Snow,Not a Collision Between Two Motor Vehicles in Transport,"Yes, M/V and Driver Left Scene",No Controls,1,0,No Injury,NA,41.81297,-71.42611,TRUE,FALSE,"71 Bridgham Street, Providence, RI, USA",FALSE,-71.425414,41.8131262,premise,rooftop,"71 bridgham st, providence, ri 02907, usa",NA,NA,NA,NA,41.8131262,-71.425414,High,60.3075819633936,FALSE,FALSE
2359,2015-01-30,272461,17:36:00,Pedestrian,1,NA,1,HAWKINS ST,YORKSHIRE ST,2015-01-30,"Two-Way , Not Divided",Snow,Daylight,Snow,Not a Collision Between Two Motor Vehicles in Transport,"Yes, M/V and Driver Left Scene",No Controls,1,1,Complains Of Pain,NA,41.8489,-71.42552,FALSE,FALSE,"Hawkins Street and Yorkshire Street, Providence, RI, USA",FALSE,-71.4255153,41.848903,intersection,geometric_center,"yorkshire st & hawkins st, providence, ri 02908, usa",NA,NA,NA,NA,41.848903,-71.4255153,Med High,0.5132472789008018,FALSE,FALSE
2360,2015-01-28,271575,10:26:00,Pedestrian,1,NA,1,70 HAROLD ST,ALLSTON ST,2015-01-28,"Two-Way , Not Divided",Snow,Daylight,Clear,Other,No,No Controls,3,0,No Injury,NA,41.8289,-71.43851,TRUE,FALSE,"70 Harold Street, Providence, RI, USA",FALSE,-71.4387332,41.8287858,street_address,rooftop,"70 harold st, providence, ri 02908, usa",NA,NA,NA,NA,41.8287858,-71.4387332,High,22.458532554530528,FALSE,FALSE
2361,2015-01-24,271002,02:14:00,Pedestrian,1,NA,1,Memorial Blvd,FRANCIS ST,2015-01-24,"Two-Way, Divided, Positive Median Barrier",Dry,Dark - Lighted,Cloudy,Other,"Yes, M/V and Driver Left Scene",Traffic Control Signal,2,1,Incapacitating,6,41.82595,-71.41517,FALSE,FALSE,"Memorial Blvd and Francis Street, Providence, RI, USA",FALSE,-71.4153098,41.8257791,intersection,geometric_center,"memorial blvd & francis st, providence, ri 02903, usa",NA,NA,NA,NA,41.8257791,-71.4153098,Med High,22.28040588815004,FALSE,FALSE
2362,2015-01-24,271010,00:07:00,Pedestrian,1,NA,1,UNION ST,WASHINGTON ST,2015-01-24,One-Way Trafficway,Dry,Dark - Lighted,Clear,Not a Collision Between Two Motor Vehicles in Transport,"Yes, M/V and Driver Left Scene",No Controls,2,1,Complains Of Pain,NA,41.82373,-71.41417,FALSE,FALSE,"Union Street and Washington Street, Providence, RI, USA",FALSE,-71.4128343,41.8239891,locality,approximate,"providence, ri, usa","Union Street & Washington Street, Providence, RI, USA",EjVVbmlvbiBTdHJlZXQgJiBXYXNoaW5ndG9uIFN0cmVldCwgUHJvdmlkZW5jZSwgUkksIFVTQSJmImQKFAoSCXvJS8cTReSJEcVp0B49EFpXEhQKEgl7yUvHE0XkiRHFadAePRBaVxoUChIJc0CzlRNF5IkRkkTXyjBrnRAaFAoSCanazZwSReSJERoH0JajEjT2IgoN_cbtGBWuFm_V,41.8236157,-71.4139986,41.8236157,-71.4139986,Med,19.08042438448894,FALSE,FALSE
2363,2015-01-24,271231,23:36:00,Pedestrian,1,NA,1,CHALKSTONE AVE,ROSEBANK AVE,2015-01-25,"Two-Way , Not Divided",Slush,Dark - Lighted,Cloudy,Not a Collision Between Two Motor Vehicles in Transport,No,No Controls,3,1,Incapacitating,NA,41.83397,-71.43384,FALSE,FALSE,"Chalkstone Ave and Rosebank Ave, Providence, RI, USA",FALSE,-71.4333511,41.8339277,intersection,geometric_center,"chalkstone ave & rosebank ave, providence, ri 02908, usa",NA,NA,NA,NA,41.8339277,-71.4333511,Med High,40.82284310458559,FALSE,FALSE
2364,2015-01-23,270880,09:35:00,Pedestrian,1,NA,1,WATERMAN AVENUE,IVES STREET,2015-01-23,"Two-Way , Not Divided",Dry,Daylight,Clear,Other,No,Stop Signs,4,1,Non-Incapacitating,2,41.83285,-71.41687,FALSE,FALSE,"Waterman Avenue and Ives Street, Providence, RI, USA",FALSE,-71.3929088,41.8277996,intersection,geometric_center,"ives st & waterman st, providence, ri 02906, usa",NA,NA,NA,NA,41.8277996,-71.3929088,Med High,2065.4893681898184,FALSE,FALSE
2365,2015-01-21,270710,16:04:00,Pedestrian,2,NA,1,Atwells Avenue,MONGENAIS ST,2015-01-21,"Two-Way , Not Divided",Dry,Daylight,Clear,Not a Collision Between Two Motor Vehicles in Transport,No,Other,3,2,Complains Of Pain,2,41.82502,-71.44786,FALSE,FALSE,"Atwells Avenue and Mongenais Street, Providence, RI, USA",FALSE,-71.4478498,41.8250356,intersection,geometric_center,"atwells ave & mongenais st, providence, ri 02909, usa",NA,NA,NA,NA,41.8250356,-71.4478498,Med High,1.9317490608244376,FALSE,FALSE
2366,2015-01-21,270730,23:45:00,Pedestrian,1,NA,1,MASHAPAUG ST,HUNTINGTON AVE,2015-01-22,"Two-Way , Not Divided",Dry,Dark - Lighted,Clear,Other,"Yes, M/V and Driver Left Scene",No Controls,2,1,Non-Incapacitating,NA,41.80044,-71.42927,FALSE,FALSE,"Mashapaug Street and Huntington Ave, Providence, RI, USA",FALSE,-71.4293744,41.7999436,intersection,geometric_center,"mashapaug st & huntington ave, providence, ri 02907, usa",NA,NA,NA,NA,41.7999436,-71.4293744,Med High,55.93403689474785,FALSE,FALSE
2367,2015-01-15,269721,17:45:00,Pedestrian,1,NA,1,North Main street,N MAIN ST,2015-01-15,"Two-Way, Divided, Positive Median Barrier",Wet,Dark - Lighted,Clear,Not a Collision Between Two Motor Vehicles in Transport,No,Traffic Control Signal,4,1,Complains Of Pain,NA,41.84199,-71.40798,FALSE,FALSE,"North Main Street and N Main Street, Providence, RI, USA",FALSE,-71.700964,41.9595187,intersection,geometric_center,"n main st & pascoag main st, burrillville, ri 02859, usa",NA,NA,NA,NA,41.9595187,-71.700964,Med High,27576.4449677853,FALSE,FALSE
2368,2015-01-13,269440,15:17:00,Pedestrian,1,NA,1,VALLEY ST,RILL ST,2015-01-13,"Two-Way, Divided, Unprotected (painted>4feet) Medium",Dry,Daylight,Clear,Not a Collision Between Two Motor Vehicles in Transport,No,No Controls,3,1,Complains Of Pain,NA,41.82661,-71.43815,FALSE,FALSE,"Valley Street and Rill Street, Providence, RI, USA",FALSE,-71.4381265,41.8266456,intersection,geometric_center,"valley st & rill st, providence, ri 02908, usa",NA,NA,NA,NA,41.8266456,-71.4381265,Med High,4.416465648186165,FALSE,FALSE
2369,2015-01-05,268346,11:30:00,Pedestrian,1,NA,1,BROADWAY,ALMY ST,2015-01-05,"Two-Way , Not Divided",Dry,Daylight,Clear,Other,"Yes, M/V and Driver Left Scene",Traffic Control Signal,2,1,Complains Of Pain,NA,41.81896,-71.43294,FALSE,FALSE,"Broadway and Almy Street, Providence, RI, USA",FALSE,-71.4332086,41.8196567,route,geometric_center,"almy st, providence, ri 02909, usa","Broadway & Almy Street, Providence, RI, USA",EitCcm9hZHdheSAmIEFsbXkgU3RyZWV0LCBQcm92aWRlbmNlLCBSSSwgVVNBImYiZAoUChIJf2wiiJ5F5IkRjn4qkn9k29gSFAoSCX9sIoieReSJEY5-KpJ_ZNvYGhQKEgmlteWGdUXkiREawjOx16RvsxoUChIJ51EWjJ5F5IkRlA-oyGoufZoiCg2qEe0YFbcybNU,41.81897379999999,-71.43294170000001,41.81897379999999,-71.43294170000001,Med,1.5426693494878854,FALSE,FALSE
2370,2014-12-29,267234,08:06:00,Pedestrian,1,NA,1,HOMER ST,BROAD ST,2014-12-29,"Two-Way, Divided, Unprotected (painted>4feet) Medium",Dry,Daylight,Clear,Not a Collision Between Two Motor Vehicles in Transport,"Yes, M/V and Driver Left Scene",No Controls,1,1,Complains Of Pain,NA,41.78884,-71.40402,FALSE,FALSE,"Homer Street and Broad Street, Providence, RI, USA",FALSE,-71.4040418,41.78885959999999,intersection,geometric_center,"homer st & broad st, providence, ri 02905, usa",NA,NA,NA,NA,41.78885959999999,-71.4040418,Med High,2.834516794873772,FALSE,FALSE
2371,2014-12-29,267258,09:59:00,Pedestrian,1,NA,1,206 Elmwood Avenue,PLENTY STREET,2014-12-29,"Two-Way , Not Divided",Dry,Daylight,Clear,Not a Collision Between Two Motor Vehicles in Transport,No,Traffic Control Signal,4,1,Complains Of Pain,NA,41.80723,-71.42485,TRUE,FALSE,"206 Elmwood Avenue, Providence, RI, USA",FALSE,-71.42372449999999,41.8076933,premise,rooftop,"206 elmwood ave, providence, ri 02907, usa",NA,NA,NA,NA,41.8076933,-71.42372449999999,High,106.68448582790327,FALSE,FALSE
2372,2014-12-29,267275,12:27:00,Bicycle,NA,1,1,CHALKSTONE AVE,LISBON ST,2014-12-29,"Two-Way , Not Divided",Dry,Daylight,Cloudy,Other,No,Pavement Markings,3,0,No Injury,2,41.83366,-71.43561,FALSE,FALSE,"Chalkstone Ave and Lisbon Street, Providence, RI, USA",FALSE,-71.4365256,41.833337,intersection,geometric_center,"chalkstone ave & lisbon st, providence, ri 02908, usa",NA,NA,NA,NA,41.833337,-71.4365256,Med High,84.02424913605059,FALSE,FALSE
2373,2014-12-26,267074,16:24:00,Bicycle,NA,1,1,Sprague St,HARRISON ST,2014-12-27,"Two-Way , Not Divided",Dry,Daylight,Clear,Not a Collision Between Two Motor Vehicles in Transport,"Yes, M/V and Driver Left Scene",No Controls,1,1,Complains Of Pain,NA,41.80968,-71.42746,FALSE,FALSE,"Sprague Street and Harrison Street, Providence, RI, USA",FALSE,-71.42729200000001,41.809669,intersection,geometric_center,"harrison st & sprague st, providence, ri 02907, usa",NA,NA,NA,NA,41.809669,-71.42729200000001,Med High,13.993224633275432,FALSE,FALSE
2374,2014-12-25,266950,14:21:00,Pedestrian,1,NA,1,ROCHAMBEAU AVENUE,HOPE STREET,2014-12-26,"Two-Way , Not Divided",Dry,Daylight,Clear,Unknown,"Yes, M/V and Driver Left Scene",Traffic Control Signal,2,0,No Injury,2,41.83349,-71.41682,FALSE,FALSE,"Rochambeau Avenue and Hope Street, Providence, RI, USA",FALSE,-71.3960532,41.8469319,intersection,geometric_center,"hope st & rochambeau ave, providence, ri 02906, usa",NA,NA,NA,NA,41.8469319,-71.3960532,Med High,2281.5062174701275,FALSE,FALSE
2375,2014-12-23,266641,15:45:00,Pedestrian,1,NA,1,Francis Street,MEMORIAL BLVD,2014-12-23,"Two-Way , Not Divided",Dry,Daylight,Clear,Not a Collision Between Two Motor Vehicles in Transport,"Yes, M/V and Driver Left Scene",No Controls,1,1,Complains Of Pain,NA,41.82657,-71.41551,FALSE,FALSE,"Francis Street and Memorial Blvd, Providence, RI, USA",FALSE,-71.4134258,41.8263996,route,geometric_center,"memorial blvd, providence, ri 02903, usa","Francis Street & Memorial Blvd, Providence, RI, USA",EjNGcmFuY2lzIFN0cmVldCAmIE1lbW9yaWFsIEJsdmQsIFByb3ZpZGVuY2UsIFJJLCBVU0EiZiJkChQKEgkDtc6dEUXkiRFK7mftfMbegBIUChIJA7XOnRFF5IkRSu5n7XzG3oAaFAoSCeMKJVkQReSJEQnXa5JsDkKbGhQKEgn3LDO1FkXkiRGsznR5eOTavSIKDRwg7hgVW-Bu1Q,41.8258972,-71.4153893,41.8258972,-71.4153893,Med,75.56202898306142,FALSE,FALSE
2376,2014-12-23,266645,17:43:00,Pedestrian,1,NA,1,HOPE ST,LAURISTON ST,2014-12-23,"Two-Way , Not Divided",Wet,Dark - Lighted,Rain,Head-On (Front - to - Front),No,Stop Signs,5,1,Non-Incapacitating,NA,41.84865,-71.39519,FALSE,FALSE,"Hope Street and Lauriston Street, Providence, RI, USA",FALSE,-71.39520089999999,41.8486643,intersection,geometric_center,"hope st & lauriston st, providence, ri 02906, usa",NA,NA,NA,NA,41.8486643,-71.39520089999999,Med High,1.830576288099587,FALSE,FALSE
2377,2014-12-20,266142,12:40:00,Pedestrian,1,NA,1,100 FRANCIS STREET,NA,2014-12-20,"Two-Way , Not Divided",Dry,Daylight,Clear,Other,No,No Controls,5,1,Non-Incapacitating,4,41.82955,-71.41802,TRUE,TRUE,"100 Francis Street, Providence, RI, USA",FALSE,-71.415882,41.8260966,street_address,rooftop,"100 francis st, providence, ri 02903, usa",NA,NA,NA,NA,41.8260966,-71.415882,High,423.3662187165878,FALSE,FALSE
2378,2014-12-20,266150,16:28:00,Bicycle,NA,1,1,Valley St,DELAINE ST,2014-12-20,"Two-Way , Not Divided",Wet,Daylight,Clear,Angle (Front - to - Side) Right Angle (Includes Broadside),No,Flashing Traffic Control Signal,3,0,No Injury,NA,41.81951,-71.4405,FALSE,FALSE,"Valley Street and Delaine Street, Providence, RI, USA",FALSE,-71.44050340000001,41.8195248,intersection,geometric_center,"delaine st & valley st, providence, ri 02909, usa",NA,NA,NA,NA,41.8195248,-71.44050340000001,Med High,1.6714997868991566,FALSE,FALSE
2379,2014-12-20,266280,17:35:00,Pedestrian,1,NA,1,CRANSTON ST,HOLLIS ST,2014-12-21,"Two-Way , Not Divided",Snow,Dark - Lighted,Snow,Not a Collision Between Two Motor Vehicles in Transport,No,No Controls,2,1,Complains Of Pain,2,41.81099,-71.43206,FALSE,FALSE,"Cranston Street and Hollis Street, Providence, RI, USA",FALSE,-71.4320632,41.8110018,intersection,geometric_center,"cranston st & hollis st, providence, ri 02907, usa",NA,NA,NA,NA,41.8110018,-71.4320632,Med High,1.340134881117945,FALSE,FALSE
2380,2014-12-17,265755,16:47:00,Pedestrian,1,NA,1,ATWELLS AVE,ACADEMY AVE,2014-12-17,"Two-Way , Not Divided",Dry,Dark - Lighted,Clear,Not a Collision Between Two Motor Vehicles in Transport,No,Traffic Control Signal,2,1,Complains Of Pain,NA,41.82478,-71.4434,FALSE,FALSE,"Atwells Ave and Academy Ave, Providence, RI, USA",FALSE,-71.4435191,41.8247997,intersection,geometric_center,"atwells ave & academy ave, providence, ri 02909, usa",NA,NA,NA,NA,41.8247997,-71.4435191,Med High,10.120269440065131,FALSE,FALSE
2381,2014-12-16,265560,08:25:00,Pedestrian,1,NA,1,DOUGLAS AVE,DOUGLAS AVE,2014-12-16,"Two-Way , Not Divided",Dry,Daylight,Clear,Not a Collision Between Two Motor Vehicles in Transport,No,No Controls,2,1,Complains Of Pain,NA,41.84762,-71.43084,FALSE,FALSE,"Douglas Ave and Douglas Ave, Providence, RI, USA",FALSE,-71.4649957,41.8715442,intersection,geometric_center,"douglas turnpike & douglas ave, north providence, ri 02904, usa",NA,NA,NA,NA,41.8715442,-71.4649957,Med High,3887.4066343738414,FALSE,FALSE
2382,2014-12-16,265641,20:04:00,Pedestrian,1,NA,1,Francis St,AMERICAN EXPRESS PLZ,2014-12-16,"Two-Way , Not Divided",Dry,Dark - Lighted,Clear,Not a Collision Between Two Motor Vehicles in Transport,No,Traffic Control Signal,7,1,Incapacitating,NA,41.82753,-71.41539,FALSE,FALSE,"Francis Street and American Express Plz, Providence, RI, USA",FALSE,-71.4128343,41.8239891,locality,approximate,"providence, ri, usa",NA,NA,NA,NA,41.8239891,-71.4128343,Med,447.56653037978793,FALSE,FALSE
2383,2014-12-15,265481,19:48:00,Pedestrian,1,NA,1,POINT ST,RICHMOND ST,2014-12-15,"Two-Way, Divided, Unprotected (painted>4feet) Medium",Dry,Dark - Lighted,Clear,Not a Collision Between Two Motor Vehicles in Transport,No,Traffic Control Signal,2,1,Complains Of Pain,NA,41.81655,-71.40729,FALSE,FALSE,"Point Street and Richmond Street, Providence, RI, USA",FALSE,-71.407245,41.8165589,intersection,geometric_center,"point st & richmond st, providence, ri 02903, usa",NA,NA,NA,NA,41.8165589,-71.407245,Med High,3.862627269912407,FALSE,FALSE
2384,2014-12-14,265317,01:33:00,Pedestrian,1,NA,1,ELMWOOD AVE,RESERVOIR AVE,2014-12-14,"Two-Way, Divided, Positive Median Barrier",Dry,Dark - Lighted,Clear,Head-On (Front - to - Front),"Yes, M/V and Driver Left Scene",Traffic Control Signal,3,1,Fatal,NA,41.79785,-71.42611,FALSE,FALSE,"Elmwood Ave and Reservoir Ave, Providence, RI, USA",FALSE,-71.4258248,41.7971616,intersection,geometric_center,"reservoir ave & elmwood ave, providence, ri 02907, usa",NA,NA,NA,NA,41.7971616,-71.4258248,Med High,80.20420498471373,FALSE,FALSE
2385,2014-12-13,265254,15:17:00,Bicycle,NA,1,1,BROADWAY,KNIGHT ST,2014-12-13,"Two-Way , Not Divided",Dry,Daylight,Clear,Not a Collision Between Two Motor Vehicles in Transport,No,Traffic Control Signal,3,0,No Injury,2,41.8198,-71.42936,FALSE,FALSE,"Broadway and Knight Street, Providence, RI, USA",FALSE,-71.4298401,41.8202496,route,geometric_center,"knight st, providence, ri, usa","Broadway & Knight Street, Providence, RI, USA",Ei1Ccm9hZHdheSAmIEtuaWdodCBTdHJlZXQsIFByb3ZpZGVuY2UsIFJJLCBVU0EiZiJkChQKEgmvZYGEdUXkiRHAVmwJ-u4XKRIUChIJr2WBhHVF5IkRwFZsCfruFykaFAoSCaW15YZ1ReSJERrCM7HXpG-zGhQKEgkPqvF6dUXkiRGsZxyELkktfCIKDcQy7RgVV79s1Q,41.8198212,-71.4293417,41.8198212,-71.4293417,Med,2.8061231257427877,FALSE,FALSE
2386,2014-12-12,265143,18:48:00,Pedestrian,1,NA,1,MEMORIAL BOULEVARD,COLLEGE ST,2014-12-12,"Two-Way , Not Divided",Dry,Dark - Lighted,Clear,Not a Collision Between Two Motor Vehicles in Transport,No,Traffic Control Signal,4,1,Complains Of Pain,NA,41.82529,-71.40895,FALSE,FALSE,"Memorial Boulevard and College Street, Providence, RI, USA",FALSE,-71.4088081,41.8253077,intersection,geometric_center,"memorial blvd & college st, providence, ri 02903, usa",NA,NA,NA,NA,41.8253077,-71.4088081,Med High,11.93483387030776,FALSE,FALSE
2387,2014-12-10,264553,08:09:00,Pedestrian,1,NA,1,STATE ST,ORMS ST EXIT 23,2014-12-10,"Two-Way , Not Divided",Wet,Daylight,Cloudy,Angle (Front - to - Side) Same Direction,No,Pavement Markings,3,1,Complains Of Pain,NA,41.83475,-71.41433,FALSE,FALSE,"State Street and Orms St Exit 23, Providence, RI, USA",FALSE,-71.4191013,41.8342191,route,geometric_center,"orms st, providence, ri, usa","State Street & Orms St, Providence, RI, USA",EitTdGF0ZSBTdHJlZXQgJiBPcm1zIFN0LCBQcm92aWRlbmNlLCBSSSwgVVNBImYiZAoUChIJgXSfcBxF5IkRpQWViS383hMSFAoSCYF0n3AcReSJEaUFlYkt_N4TGhQKEgm94rfqG0XkiRE8RkwHh4qxWBoUChIJJ2knvwRF5IkRzK6GSUqZqcEiCg2Seu8YFTUIb9U,41.83476659999999,-71.4143691,41.83476659999999,-71.4143691,Med,3.7325255584805177,FALSE,FALSE
2388,2014-12-10,264694,17:18:00,Pedestrian,1,NA,1,HOPE ST,ANGELL ST,2014-12-10,"Two-Way , Not Divided",Wet,Dark - Lighted,Rain,Not a Collision Between Two Motor Vehicles in Transport,No,Pavement Markings,2,1,Complains Of Pain,NA,41.82881,-71.39779,FALSE,FALSE,"Hope Street and Angell Street, Providence, RI, USA",FALSE,-71.3974982,41.8284083,intersection,geometric_center,"hope st & angell st, providence, ri 02906, usa",NA,NA,NA,NA,41.8284083,-71.3974982,Med High,50.84753292843689,FALSE,FALSE
2389,2014-12-10,264746,15:47:00,Pedestrian,2,NA,1,Hayward St,PEARL ST,2014-12-10,"Two-Way , Not Divided",Wet,Dusk,Rain,Not a Collision Between Two Motor Vehicles in Transport,"Yes, M/V and Driver Left Scene",Stop Signs,2,2,Complains Of Pain,2,41.8142,-71.41992,FALSE,FALSE,"Hayward Street and Pearl Street, Providence, RI, USA",FALSE,-71.4199237,41.8142232,intersection,geometric_center,"pearl st & hayward st, providence, ri 02907, usa",NA,NA,NA,NA,41.8142232,-71.4199237,Med High,2.6007926687217497,FALSE,FALSE
2390,2014-12-10,264780,21:21:00,Pedestrian,1,NA,1,WATERMAN ST,HOPE ST,2014-12-10,"Two-Way , Not Divided",Wet,Dark - Lighted,Rain,Not a Collision Between Two Motor Vehicles in Transport,No,Traffic Control Signal,2,1,Complains Of Pain,2,41.82758,-71.39723,FALSE,FALSE,"Waterman Street and Hope Street, Providence, RI, USA",FALSE,-71.39723049999999,41.82760140000001,intersection,geometric_center,"hope st & waterman st, providence, ri 02906, usa",NA,NA,NA,NA,41.82760140000001,-71.39723049999999,Med High,2.3825981219298624,FALSE,FALSE
2391,2014-12-09,264368,16:57:00,Bicycle,NA,1,1,Broadway,KNIGHT ST,2014-12-09,"Two-Way , Not Divided",Wet,Dark - Lighted,Rain,Not a Collision Between Two Motor Vehicles in Transport,No,No Controls,3,1,Complains Of Pain,2,41.8197,-71.42975,FALSE,FALSE,"Broadway and Knight Street, Providence, RI, USA",FALSE,-71.4298401,41.8202496,route,geometric_center,"knight st, providence, ri, usa","Broadway & Knight Street, Providence, RI, USA",Ei1Ccm9hZHdheSAmIEtuaWdodCBTdHJlZXQsIFByb3ZpZGVuY2UsIFJJLCBVU0EiZiJkChQKEgmvZYGEdUXkiRHAVmwJ-u4XKRIUChIJr2WBhHVF5IkRwFZsCfruFykaFAoSCaW15YZ1ReSJERrCM7HXpG-zGhQKEgkPqvF6dUXkiRGsZxyELkktfCIKDcQy7RgVV79s1Q,41.8198212,-71.4293417,41.8198212,-71.4293417,Med,36.46085949000639,FALSE,FALSE
2392,2014-12-05,263431,07:53:00,Pedestrian,1,NA,1,ORMS ST,SMITH ST,2014-12-06,"Two-Way, Divided, Unprotected (painted>4feet) Medium",Dry,Daylight,Clear,Head-On (Front - to - Front),No,Traffic Control Signal,2,2,Complains Of Pain,NA,41.83377,-71.42198,FALSE,FALSE,"Orms Street and Smith Street, Providence, RI, USA",FALSE,-71.4219437,41.8337775,intersection,geometric_center,"orms st & smith st, providence, ri 02904, usa",NA,NA,NA,NA,41.8337775,-71.4219437,Med High,3.124418663472993,FALSE,FALSE
2393,2014-12-04,263058,13:30:00,Pedestrian,1,NA,1,Washington St,GREENE ST,2014-12-04,"Two-Way , Not Divided",Dry,Daylight,Clear,Other,No,Traffic Control Signal,2,1,Non-Incapacitating,NA,41.82126,-71.4172,FALSE,FALSE,"Washington Street and Greene Street, Providence, RI, USA",FALSE,-71.4168727,41.8210088,route,geometric_center,"greene st, providence, ri 02903, usa","Washington Street & Greene Street, Providence, RI, USA",EjZXYXNoaW5ndG9uIFN0cmVldCAmIEdyZWVuZSBTdHJlZXQsIFByb3ZpZGVuY2UsIFJJLCBVU0EiZiJkChQKEgm34he7EkXkiRGsc_jDIc_nwRIUChIJt-IXuxJF5IkRrHP4wyHP58EaFAoSCanazZwSReSJERoH0JajEjT2GhQKEgn9APC2EkXkiRFL2JV2CXi6tSIKDatr7RgVkphu1Q,41.8212779,-71.417227,41.8212779,-71.417227,Med,2.9979301723737284,FALSE,FALSE
2394,2014-12-01,262587,12:00:00,Bicycle,NA,1,2,ORMS ST,CHARLES ST,2014-12-01,"Two-Way , Not Divided",Dry,Daylight,Clear,Head-On (Front - to - Front),No,Pavement Markings,6,3,Incapacitating,NA,41.83489,-71.41223,FALSE,FALSE,"Orms Street and Charles Street, Providence, RI, USA",FALSE,-71.41138579999999,41.8348611,intersection,geometric_center,"charles st & orms st, providence, ri 02904, usa",NA,NA,NA,NA,41.8348611,-71.41138579999999,Med High,70.09251776740805,FALSE,FALSE
2395,2014-11-30,262408,02:53:00,Pedestrian,1,NA,1,PINE ST,RICHMOND ST,2014-11-30,One-Way Trafficway,Dry,Dark - Lighted,Clear,Unknown,"Yes, M/V and Driver Left Scene",No Controls,6,1,Non-Incapacitating,NA,41.82027,-71.41213,FALSE,FALSE,"Pine Street and Richmond Street, Providence, RI, USA",FALSE,-71.4088649,41.8188298,route,geometric_center,"richmond st, providence, ri, usa","Pine Street & Richmond Street, Providence, RI, USA",EjJQaW5lIFN0cmVldCAmIFJpY2htb25kIFN0cmVldCwgUHJvdmlkZW5jZSwgUkksIFVTQSJmImQKFAoSCbP-c6EUReSJEYeVs9Zva_4EEhQKEgmz_nOhFEXkiRGHlbPWb2v-BBoUChIJOZMJU2xF5IkRoCks8G_vwjwaFAoSCbFeXiRrReSJEfWPLeMumlQUIgoNzlHtGBWXa2_V,41.8206158,-71.4118249,41.8206158,-71.4118249,Med,46.07009773669856,FALSE,FALSE
2396,2014-11-28,262259,18:30:00,Pedestrian,2,NA,1,POCASSET AVE,PLAINFIELD ST,2014-11-28,"Two-Way , Not Divided",Dry,Dark - Lighted,Clear,Other,"Yes, Driver Left Scene",No Controls,2,1,Complains Of Pain,NA,41.8137,-71.44794,FALSE,FALSE,"Pocasset Ave and Plainfield Street, Providence, RI, USA",FALSE,-71.44779419999999,41.8138447,intersection,geometric_center,"pocasset ave & plainfield st, providence, ri 02909, usa",NA,NA,NA,NA,41.8138447,-71.44779419999999,Med High,20.144403832388114,FALSE,FALSE
2397,2014-11-26,262032,16:24:00,Pedestrian,1,NA,1,WAVERLY ST,CRANSTON ST,2014-11-26,"Two-Way , Not Divided",Wet,Dark - Not Lighted,"Sleet, Hail (Freezing Rain or Drizzle)",Other,"Yes, M/V and Driver Left Scene",No Controls,1,1,Complains Of Pain,NA,41.80834,-71.43458,FALSE,FALSE,"Waverly Street and Cranston Street, Providence, RI, USA",FALSE,-71.43456739999999,41.8083361,intersection,geometric_center,"cranston st & waverly st, providence, ri 02907, usa",NA,NA,NA,NA,41.8083361,-71.43456739999999,Med High,1.1320455742974647,FALSE,FALSE