row_number,crash_date,crash_report_id,crash_time,collision_type,count_pedestrian,count_bicycle,number_of_vehicles,street_or_highway,nearest_intersection,report_date,type_of_roadway,road_surface_condition,light_condition,weather_condition,manner_of_impact,hit_and_run,traffic_control,person_count,injury_count,most_serious_injury,number_of_lanes,lat_raw,lon_raw,has_st_number,is_intersection_null,address_sent_to_geocoder,is_address_blank,lon_api_first_try,lat_api_first_try,type,loctype,address_returned_by_geocoder,address_returned_by_autocomplete,place_ids_autocompleted,lat_api_second_try,lon_api_second_try,lat_api_best,lon_api_best,api_coord_conf,distance_btwn_coords_meters,scooter,wheel_chair
2398,2014-11-26,262445,09:39:00,Pedestrian,1,NA,1,PLAINFIELD ST,DIKE ST,2014-11-30,"Two-Way , Not Divided",Dry,Daylight,Clear,Other,"Yes, M/V and Driver Left Scene",No Controls,3,1,Complains Of Pain,NA,41.81643,-71.44431,FALSE,FALSE,"Plainfield Street and Dike Street, Providence, RI, USA",FALSE,-71.444405,41.816372,intersection,geometric_center,"dike st & plainfield st, providence, ri 02909, usa",NA,NA,NA,NA,41.816372,-71.444405,Med High,10.188583612489923,FALSE,FALSE
2399,2014-11-24,261631,17:08:00,Pedestrian,1,NA,1,WEYBOSSET ST,SNOW ST,2014-11-24,"Two-Way, Divided, Unprotected (painted>4feet) Medium",Wet,Dark - Lighted,Cloudy,Not a Collision Between Two Motor Vehicles in Transport,No,Other,3,0,No Injury,NA,41.82068,-71.41328,FALSE,FALSE,"Weybosset Street and Snow Street, Providence, RI, USA",FALSE,-71.41327210000001,41.8207059,intersection,geometric_center,"weybosset st & snow st, providence, ri 02903, usa",NA,NA,NA,NA,41.8207059,-71.41327210000001,Med High,2.9567240240679586,FALSE,FALSE
2400,2014-11-24,261597,13:54:00,Pedestrian,1,NA,1,HOPE ST,WICKENDEN ST,2014-11-24,"Two-Way , Not Divided",Wet,Daylight,Rain,Other,No,No Controls,2,1,Complains Of Pain,NA,41.81982,-71.39543,FALSE,FALSE,"Hope Street and Wickenden Street, Providence, RI, USA",FALSE,-71.3953923,41.8198132,intersection,geometric_center,"wickenden st & hope st, providence, ri 02903, usa",NA,NA,NA,NA,41.8198132,-71.3953923,Med High,3.2179060907462125,FALSE,FALSE
2401,2014-11-24,261608,12:57:00,Bicycle,NA,1,1,WATERMAN ST,PROSPECT ST,2014-11-24,"Two-Way , Not Divided",Wet,Daylight,Rain,Angle (Front - to - Side) Right Angle (Includes Broadside),No,Stop Signs,2,0,No Injury,NA,41.82691,-71.40472,FALSE,FALSE,"Waterman Street and Prospect Street, Providence, RI, USA",FALSE,-71.40471029999999,41.8269107,intersection,geometric_center,"waterman st & prospect st, providence, ri 02906, usa",NA,NA,NA,NA,41.8269107,-71.40471029999999,Med High,0.8083905950673639,FALSE,FALSE
2402,2014-11-22,261424,13:07:00,Pedestrian,1,NA,1,871 ELMWOOD AVE,ROGER WILLIAMS CT,2014-11-22,"Two-Way , Not Divided",Dry,Daylight,Clear,Other,"Yes, M/V and Driver Left Scene",No Controls,3,1,Complains Of Pain,NA,41.78885,-71.4212,TRUE,FALSE,"871 Elmwood Ave, Providence, RI, USA",FALSE,-71.4214714,41.7886971,premise,rooftop,"871 elmwood ave, providence, ri 02907, usa",NA,NA,NA,NA,41.7886971,-71.4214714,High,28.233708398972972,FALSE,FALSE
2403,2014-11-21,261044,00:31:00,Bicycle,NA,1,1,WASHINGTON ST,EMPIRE ST,2014-11-21,"Two-Way , Not Divided",Dry,Dark - Lighted,Clear,Not a Collision Between Two Motor Vehicles in Transport,No,Traffic Control Signal,2,1,Incapacitating,NA,41.82182,-71.41645,FALSE,FALSE,"Washington Street and Empire Street, Providence, RI, USA",FALSE,-71.4157797,41.821349,route,geometric_center,"empire st, providence, ri 02903, usa","Washington Street & Empire Street, Providence, RI, USA",EjZXYXNoaW5ndG9uIFN0cmVldCAmIEVtcGlyZSBTdHJlZXQsIFByb3ZpZGVuY2UsIFJJLCBVU0EiZiJkChQKEgmNpp3sEkXkiRHnvAEsqcaDvRIUChIJjaad7BJF5IkR57wBLKnGg70aFAoSCanazZwSReSJERoH0JajEjT2GhQKEgnHPO_pEkXkiRGhxI4iuiomFSIKDWmC7RgVI7hu1Q,41.82186009999999,-71.4164189,41.82186009999999,-71.4164189,Med,5.155853917904554,FALSE,FALSE
2404,2014-11-18,260619,17:03:00,Pedestrian,1,NA,1,CHALKSTONE AVENUE,CANTON STREET,2014-11-18,"Two-Way , Not Divided",Dry,Dark - Lighted,Clear,Not a Collision Between Two Motor Vehicles in Transport,"Yes, M/V and Driver Left Scene",No Controls,2,0,Unknown,2,41.82937,-71.41803,FALSE,FALSE,"Chalkstone Avenue and Canton Street, Providence, RI, USA",FALSE,-71.44251179999999,41.83230959999999,intersection,geometric_center,"canton st & chalkstone ave, providence, ri 02908, usa",NA,NA,NA,NA,41.83230959999999,-71.44251179999999,Med High,2056.8661755321787,FALSE,FALSE
2405,2014-11-17,260487,14:15:00,Pedestrian,1,NA,1,100 HARTFORD AVE,EDNA ST,2014-11-17,"Two-Way, Divided, Unprotected (painted>4feet) Medium",Wet,Daylight,Rain,Other,No,No Controls,5,1,Complains Of Pain,NA,41.81688,-71.44587,TRUE,FALSE,"100 Hartford Ave, Providence, RI, USA",FALSE,-71.4461467,41.8167165,premise,rooftop,"100 hartford ave, providence, ri 02909, usa",NA,NA,NA,NA,41.8167165,-71.4461467,High,29.29597788274081,FALSE,FALSE
2406,2014-11-17,260499,17:34:00,Pedestrian,1,NA,1,CANDACE ST,ORMS ST,2014-11-17,"Two-Way , Not Divided",Wet,Dark - Unknown Lighting,Rain,Angle (Front - to - Side) Right Angle (Includes Broadside),No,Traffic Control Signal,2,1,Complains Of Pain,NA,41.8338,-71.4219,FALSE,FALSE,"Candace Street and Orms Street, Providence, RI, USA",FALSE,-71.42186199999999,41.8337901,intersection,geometric_center,"candace st & orms st, providence, ri 02908, usa",NA,NA,NA,NA,41.8337901,-71.42186199999999,Med High,3.338924347472467,FALSE,FALSE
2407,2014-11-17,260507,17:48:00,Pedestrian,1,NA,1,122 BATH ST,ORMS ST,2014-11-17,"Two-Way , Not Divided",Wet,Dark - Lighted,Rain,Not a Collision Between Two Motor Vehicles in Transport,No,No Controls,3,1,Complains Of Pain,NA,41.83354,-71.42555,TRUE,FALSE,"122 Bath Street, Providence, RI, USA",FALSE,-71.4256785,41.8335304,premise,rooftop,"122 bath st, providence, ri 02908, usa",NA,NA,NA,NA,41.8335304,-71.4256785,High,10.71156228779537,FALSE,FALSE
2408,2014-11-15,260188,17:33:00,Pedestrian,1,NA,1,Amherst Street,FLORENCE ST,2014-11-15,"Two-Way , Not Divided",Dry,Dark - Lighted,Clear,Angle (Front - to - Side) Same Direction,No,Stop Signs,4,1,Complains Of Pain,NA,41.82327,-71.44575,FALSE,FALSE,"Amherst Street and Florence Street, Providence, RI, USA",FALSE,-71.445702,41.823273,intersection,geometric_center,"florence st & amherst st, providence, ri 02909, usa",NA,NA,NA,NA,41.823273,-71.445702,Med High,3.995861458969256,FALSE,FALSE
2409,2014-11-14,259916,13:44:00,Pedestrian,1,NA,1,BRANCH AVE,DRYDEN LN,2014-11-14,Unknown,Dry,Daylight,Clear,Not a Collision Between Two Motor Vehicles in Transport,No,No Controls,2,1,Complains Of Pain,NA,41.84341,-71.40865,FALSE,FALSE,"Branch Ave and Dryden Ln, Providence, RI, USA",FALSE,-71.4084611,41.8429742,intersection,geometric_center,"branch ave & dryden ln, providence, ri 02904, usa",NA,NA,NA,NA,41.8429742,-71.4084611,Med High,50.97962288758013,FALSE,FALSE
2410,2014-11-13,259797,18:32:00,Pedestrian,1,NA,1,CLAVERICK ST,BROAD ST,2014-11-13,One-Way Trafficway,Dry,Dark - Not Lighted,Clear,Not a Collision Between Two Motor Vehicles in Transport,No,Traffic Control Signal,4,1,Complains Of Pain,NA,41.81936,-71.41492,FALSE,FALSE,"Claverick Street and Broad Street, Providence, RI, USA",FALSE,-71.41498299999999,41.8193579,intersection,geometric_center,"claverick st & broad st, providence, ri 02903, usa",NA,NA,NA,NA,41.8193579,-71.41498299999999,Med High,5.231764250796475,FALSE,FALSE
2411,2014-11-12,259622,19:00:00,Pedestrian,1,NA,1,CHALKSTONE AVENUE,HOME AVENUE,2014-11-12,"Two-Way , Not Divided",Dry,Dark - Lighted,Clear,Not a Collision Between Two Motor Vehicles in Transport,No,No Controls,2,1,Non-Incapacitating,2,41.81513,-71.41188,FALSE,FALSE,"Chalkstone Avenue and Home Avenue, Providence, RI, USA",FALSE,-71.4451081,41.8325367,intersection,geometric_center,"chalkstone ave & home ave, providence, ri 02908, usa",NA,NA,NA,NA,41.8325367,-71.4451081,Med High,3369.372431263101,FALSE,FALSE
2412,2014-11-11,259757,16:03:00,Pedestrian,1,NA,1,HARTFORD AVE,HARTFORD AVE,2014-11-13,"Two-Way, Divided, Unprotected (painted>4feet) Medium",Dry,Daylight,Clear,Other,"Yes, M/V and Driver Left Scene",No Controls,1,1,Complains Of Pain,NA,41.81755,-71.45283,FALSE,FALSE,"Hartford Ave and Hartford Ave, Providence, RI, USA",FALSE,-71.4587339,41.8185901,route,geometric_center,"hartford ave, providence, ri, usa","Hartford Ave Service Rd & Hartford Ave, Johnston, Providence, RI, USA",EkVIYXJ0Zm9yZCBBdmUgU2VydmljZSBSZCAmIEhhcnRmb3JkIEF2ZSwgSm9obnN0b24sIFByb3ZpZGVuY2UsIFJJLCBVU0EiZiJkChQKEgmP4Jty0EfkiRFZT82Cwq1hZxIUChIJj-CbctBH5IkRWU_NgsKtYWcaFAoSCUk2WRTQR-SJEffJJKBODzFaGhQKEgkvAx61JEbkiRGCwC0vu7gN1iIKDdap7hgVnoNc1Q,41.829423,-71.5357282,41.829423,-71.5357282,Med,7002.7281553780485,FALSE,FALSE
2413,2014-11-11,259876,17:22:00,Bicycle,NA,1,1,BLACKSTONE BLVD,HOPE ST,2014-11-11,"Two-Way, Divided, Unprotected (painted>4feet) Medium",Dry,Dark - Lighted,Clear,Angle (Front - to - Side) Right Angle (Includes Broadside),No,No Controls,3,0,No Injury,NA,41.85622,-71.39145,FALSE,FALSE,"Blackstone Blvd and Hope Street, Providence, RI, USA",FALSE,-71.3915342,41.8561535,intersection,geometric_center,"hope st & blackstone blvd, providence, ri 02906, usa",NA,NA,NA,NA,41.8561535,-71.3915342,Med High,10.17541589735755,FALSE,FALSE
2414,2014-11-10,260452,08:43:00,Pedestrian,1,NA,1,ANGELL ST,S ANGELL ST,2014-11-17,One-Way Trafficway,Dry,Daylight,Clear,Not a Collision Between Two Motor Vehicles in Transport,No,Traffic Control Signal,7,1,Non-Incapacitating,NA,41.83008,-71.38825,FALSE,FALSE,"Angell Street and S Angell Street, Providence, RI, USA",FALSE,-71.38795379999999,41.8300494,intersection,geometric_center,"s angell st & angell st, providence, ri 02906, usa",NA,NA,NA,NA,41.8300494,-71.38795379999999,Med High,24.803935978453037,FALSE,FALSE
2415,2014-11-09,258945,12:28:00,Bicycle,NA,1,1,STEEPLE STREET,MEMORIAL BLVD.,2014-11-09,"Two-Way , Not Divided",Dry,Daylight,Clear,Other,No,Traffic Control Signal,4,1,Non-Incapacitating,4,41.8317,-71.41732,FALSE,FALSE,"Steeple Street and Memorial Blvd., Providence, RI, USA",FALSE,-71.4134258,41.8263996,route,geometric_center,"memorial blvd, providence, ri 02903, usa",NA,NA,NA,NA,41.8263996,-71.4134258,Med,672.6700480478639,FALSE,FALSE
2416,2014-11-07,258311,07:47:00,Bicycle,NA,1,1,MOUNT HOPE AVE,HOPE ST,2014-11-07,"Two-Way, Divided, Unprotected (painted>4feet) Medium",Dry,Daylight,Clear,Angle (Front - to - Side) Right Angle (Includes Broadside),No,No Controls,3,2,Complains Of Pain,NA,41.84036,-71.39931,FALSE,FALSE,"Mount Hope Ave and Hope Street, Providence, RI, USA",FALSE,-71.39930160000002,41.8403661,intersection,geometric_center,"hope st & mt hope ave, providence, ri 02906, usa",NA,NA,NA,NA,41.8403661,-71.39930160000002,Med High,0.9728407832864152,FALSE,FALSE
2417,2014-11-07,258452,13:06:00,Bicycle,NA,1,1,FRANCIS STREET,FINANCE WAY,2014-11-07,"Two-Way , Not Divided",Dry,Daylight,Clear,Other,No,No Controls,5,1,Non-Incapacitating,4,41.82955,-71.41802,FALSE,FALSE,"Francis Street and Finance Way, Providence, RI, USA",FALSE,-71.4141847,41.8276529,route,geometric_center,"finance way, providence, ri 02903, usa","Francis Street & Finance Way, Providence, RI, USA",EjFGcmFuY2lzIFN0cmVldCAmIEZpbmFuY2UgV2F5LCBQcm92aWRlbmNlLCBSSSwgVVNBImYiZAoUChIJV0u8VBBF5IkRSbWudbN2R1USFAoSCVdLvFQQReSJEUm1rnWzdkdVGhQKEgnjCiVZEEXkiREJ12uSbA5CmxoUChIJTVXC7xBF5IkRh9pEKJ3E5UwiCg3zXO4YFdnfbtU,41.8274547,-71.4154023,41.8274547,-71.4154023,Med,318.6729837725802,FALSE,FALSE
2418,2014-11-02,257269,01:52:00,Pedestrian,1,NA,1,MORRIS AVE,CYPRESS ST,2014-11-02,"Two-Way , Not Divided",Dry,Dark - Lighted,Clear,Not a Collision Between Two Motor Vehicles in Transport,No,Stop Signs,2,1,Complains Of Pain,2,41.84058,-71.39733,FALSE,FALSE,"Morris Ave and Cypress Street, Providence, RI, USA",FALSE,-71.397331,41.8405799,intersection,geometric_center,"morris ave & cypress st, providence, ri 02906, usa",NA,NA,NA,NA,41.8405799,-71.397331,Med High,0.08367720781545017,FALSE,FALSE
2419,2014-11-01,257142,15:41:00,Pedestrian,1,NA,1,2 Tobey Street,PENN ST,2014-11-01,One-Way Trafficway,Wet,Daylight,Rain,Not a Collision Between Two Motor Vehicles in Transport,No,No Controls,3,1,Complains Of Pain,NA,41.82037,-71.43582,TRUE,FALSE,"2 Tobey Street, Providence, RI, USA",FALSE,-71.43556339999999,41.8203816,premise,rooftop,"2 tobey st, providence, ri 02909, usa",NA,NA,NA,NA,41.8203816,-71.43556339999999,High,21.326567321919505,FALSE,FALSE
2420,2014-10-29,256581,06:53:00,Pedestrian,1,NA,1,338 Hartford Ave,LAUREL HILL AVE,2014-10-29,"Two-Way, Divided, Unprotected (painted>4feet) Medium",Wet,Daylight,Clear,Head-On (Front - to - Front),No,No Controls,3,2,Complains Of Pain,2,41.81777,-71.45442,TRUE,FALSE,"338 Hartford Ave, Providence, RI, USA",FALSE,-71.4545421,41.8176486,street_address,rooftop,"338 hartford ave, providence, ri 02909, usa",NA,NA,NA,NA,41.8176486,-71.4545421,High,16.8892241881781,FALSE,FALSE
2421,2014-10-29,256729,22:15:00,Bicycle,NA,1,1,119 Atwells Ave,BRADFORD ST,2014-10-29,"Two-Way , Not Divided",Wet,Dark - Lighted,Rain,Not a Collision Between Two Motor Vehicles in Transport,"Yes, M/V and Driver Left Scene",No Controls,1,1,Non-Incapacitating,NA,41.82324,-71.42193,TRUE,FALSE,"119 Atwells Ave, Providence, RI, USA",FALSE,-71.4219054,41.8234197,street_address,rooftop,"119 atwells ave, providence, ri 02903, usa",NA,NA,NA,NA,41.8234197,-71.4219054,High,20.107934353489824,FALSE,FALSE
2422,2014-10-27,256430,18:15:00,Bicycle,NA,1,1,PRESCOTT ST,WOLCOTT ST,2014-10-27,"Two-Way, Divided, Unprotected (painted>4feet) Medium",Dry,Dark - Not Lighted,Clear,Head-On (Front - to - Front),No,No Controls,3,1,Complains Of Pain,NA,41.82999,-71.43421,FALSE,FALSE,"Prescott Street and Wolcott Street, Providence, RI, USA",FALSE,-71.434212,41.829994,intersection,geometric_center,"wolcott st & prescott st, providence, ri 02908, usa",NA,NA,NA,NA,41.829994,-71.434212,Med High,0.4751772177198245,FALSE,FALSE
2423,2014-10-27,256450,20:01:00,Pedestrian,1,NA,1,WASHINGTON ST,DORRANCE ST,2014-10-27,"Two-Way , Not Divided",Dry,Dark - Lighted,Clear,Not a Collision Between Two Motor Vehicles in Transport,No,Traffic Control Signal,3,1,Complains Of Pain,2,41.82445,-71.41277,FALSE,FALSE,"Washington Street and Dorrance Street, Providence, RI, USA",FALSE,-71.41277699999999,41.8244607,intersection,geometric_center,"washington st & dorrance st, providence, ri 02903, usa",NA,NA,NA,NA,41.8244607,-71.41277699999999,Med High,1.325123782231511,FALSE,FALSE
2424,2014-10-25,256155,03:23:00,Bicycle,NA,1,1,GROVE ST,KNIGHT ST,2014-10-25,"Two-Way , Not Divided",Dry,Dark - Lighted,Clear,Not a Collision Between Two Motor Vehicles in Transport,No,Stop Signs,5,1,Complains Of Pain,NA,41.82039,-71.43003,FALSE,FALSE,"Grove Street and Knight Street, Providence, RI, USA",FALSE,-71.4300307,41.8204053,intersection,geometric_center,"knight st & grove st, providence, ri 02909, usa",NA,NA,NA,NA,41.8204053,-71.4300307,Med High,1.7041779243328132,FALSE,FALSE
2425,2014-10-24,256195,19:05:00,Pedestrian,1,NA,1,PARK ST,SMITH ST,2014-10-25,"Two-Way , Not Divided",Dry,Dusk,Clear,Not a Collision Between Two Motor Vehicles in Transport,"Yes, M/V and Driver Left Scene",No Controls,1,0,Unknown,NA,41.83185,-71.4169,FALSE,FALSE,"Park Street and Smith Street, Providence, RI, USA",FALSE,-71.4168712,41.8319005,intersection,geometric_center,"park st & smith st, providence, ri 02903, usa",NA,NA,NA,NA,41.8319005,-71.4168712,Med High,6.1081236911914,FALSE,FALSE
2426,2014-10-22,255852,21:00:00,Pedestrian,1,NA,1,DOUGLAS AVE,DOUGLAS AVE,2014-10-22,"Two-Way , Not Divided",Wet,Dark - Not Lighted,Rain,Not a Collision Between Two Motor Vehicles in Transport,No,Stop Signs,3,1,Complains Of Pain,NA,41.84762,-71.43084,FALSE,FALSE,"Douglas Ave and Douglas Ave, Providence, RI, USA",FALSE,-71.4649957,41.8715442,intersection,geometric_center,"douglas turnpike & douglas ave, north providence, ri 02904, usa",NA,NA,NA,NA,41.8715442,-71.4649957,Med High,3887.4066343738414,FALSE,FALSE
2427,2014-10-22,255858,20:00:00,Pedestrian,1,NA,1,N MAIN ST,RANDALL ST,2014-10-22,"Two-Way, Divided, Positive Median Barrier",Wet,Dark - Lighted,Rain,Not a Collision Between Two Motor Vehicles in Transport,No,No Controls,3,1,Incapacitating,4,41.83815,-71.40958,FALSE,FALSE,"N Main Street and Randall Street, Providence, RI, USA",FALSE,-71.4107138,41.837311,route,geometric_center,"randall st, providence, ri, usa","North Main Street & Randall Street, Providence, RI, USA",EjdOb3J0aCBNYWluIFN0cmVldCAmIFJhbmRhbGwgU3RyZWV0LCBQcm92aWRlbmNlLCBSSSwgVVNBImYiZAoUChIJDY71Lh5F5IkRRD0q_3pm2QwSFAoSCQ2O9S4eReSJEUQ9Kv96ZtkMGhQKEgn5-kE93kTkiRFf162-DVwjPxoUChIJl4Ahbx5F5IkRBUfDXuGiS6oiCg2M9-8YFVXBb9U,41.837966,-71.4096299,41.837966,-71.4096299,Med,20.89669977163624,FALSE,FALSE
2428,2014-10-21,255787,08:17:00,Pedestrian,1,NA,1,CHARLES ST,GILLEN ST,2014-10-22,"Two-Way , Not Divided",Dry,Daylight,Clear,Not a Collision Between Two Motor Vehicles in Transport,No,No Controls,4,0,No Injury,NA,41.85245,-71.42032,FALSE,FALSE,"Charles Street and Gillen Street, Providence, RI, USA",FALSE,-71.42030419999999,41.8524898,intersection,geometric_center,"charles st & gillen st, providence, ri 02904, usa",NA,NA,NA,NA,41.8524898,-71.42030419999999,Med High,4.620156302663804,FALSE,FALSE
2429,2014-10-21,255809,18:17:00,Pedestrian,1,NA,1,BROADWAY,SUTTON ST,2014-10-22,"Two-Way, Divided, Unprotected (painted>4feet) Medium",Dry,Dawn,Clear,Not a Collision Between Two Motor Vehicles in Transport,No,No Controls,4,1,Non-Incapacitating,2,41.82019,-71.42767,FALSE,FALSE,"Broadway and Sutton Street, Providence, RI, USA",FALSE,-71.4285283,41.8223473,route,geometric_center,"sutton st, providence, ri 02903, usa",NA,NA,NA,NA,41.8223473,-71.4285283,Med,250.48293880592206,FALSE,FALSE
2430,2014-10-20,255625,12:03:00,Bicycle,NA,1,1,BRIDGHAM ST,CRANSTON ST,2014-10-20,"Two-Way , Not Divided",Dry,Daylight,Clear,Not a Collision Between Two Motor Vehicles in Transport,"Yes, M/V and Driver Left Scene",Traffic Control Signal,1,1,Complains Of Pain,NA,41.81398,-71.42695,FALSE,FALSE,"Bridgham Street and Cranston Street, Providence, RI, USA",FALSE,-71.426947,41.8139796,intersection,geometric_center,"cranston st & bridgham st, providence, ri 02907, usa",NA,NA,NA,NA,41.8139796,-71.426947,Med High,0.2528552560687815,FALSE,FALSE
2431,2014-10-18,255373,00:58:00,Bicycle,NA,1,1,WATERMAN ST,IVES ST,2014-10-18,One-Way Trafficway,Dry,Dark - Lighted,Clear,Angle (Front - to - Side) Right Angle (Includes Broadside),No,No Controls,3,1,Complains Of Pain,NA,41.82778,-71.39291,FALSE,FALSE,"Waterman Street and Ives Street, Providence, RI, USA",FALSE,-71.3929088,41.8277996,intersection,geometric_center,"ives st & waterman st, providence, ri 02906, usa",NA,NA,NA,NA,41.8277996,-71.3929088,Med High,2.184131425974228,FALSE,FALSE
2432,2014-10-18,255906,13:44:00,Pedestrian,1,NA,1,150 STAMFORD AVE,PARKING LOT,2014-10-23,Unknown,Dry,Daylight,Clear,Not a Collision Between Two Motor Vehicles in Transport,No,No Controls,5,1,Complains Of Pain,NA,41.77731,-71.41966,TRUE,FALSE,"150 Stamford Ave, Providence, RI, USA",FALSE,-71.4195634,41.77665320000001,premise,rooftop,"150 stamford ave, providence, ri 02907, usa",NA,NA,NA,NA,41.77665320000001,-71.4195634,High,73.55311291818626,FALSE,FALSE
2433,2014-10-17,255450,21:50:00,Bicycle,NA,1,1,CAMBRIDGE ST,Academy Ave,2014-10-18,"Two-Way , Not Divided",Dry,Dusk,Clear,Not a Collision Between Two Motor Vehicles in Transport,No,No Controls,4,1,Complains Of Pain,NA,41.82553,-71.44404,FALSE,FALSE,"Cambridge Street and Academy Ave, Providence, RI, USA",FALSE,-71.4434441,41.8254949,intersection,geometric_center,"academy ave & cambridge st, providence, ri 02908, usa",NA,NA,NA,NA,41.8254949,-71.4434441,Med High,49.58585582551809,FALSE,FALSE
2434,2014-10-16,255218,16:45:00,Pedestrian,1,NA,1,PRAIRIE AVE,OXFORD ST,2014-10-16,"Two-Way , Not Divided",Wet,Dusk,Rain,Not a Collision Between Two Motor Vehicles in Transport,No,No Controls,2,1,Complains Of Pain,NA,41.80164,-71.41315,FALSE,FALSE,"Prairie Ave and Oxford Street, Providence, RI, USA",FALSE,-71.413116,41.8015958,intersection,geometric_center,"oxford st & prairie ave, providence, ri 02905, usa",NA,NA,NA,NA,41.8015958,-71.413116,Med High,5.671874553307974,FALSE,FALSE
2435,2014-10-16,255272,23:30:00,Pedestrian,1,NA,1,Elmwood Avenue,Princeton Avenue,2014-10-17,"Two-Way , Not Divided",Wet,Dark - Lighted,Clear,Not a Collision Between Two Motor Vehicles in Transport,"Yes, M/V and Driver Left Scene",No Controls,3,1,Complains Of Pain,NA,41.8053,-71.42524,FALSE,FALSE,"Elmwood Avenue and Princeton Avenue, Providence, RI, USA",FALSE,-71.4252446,41.8053667,intersection,geometric_center,"princeton ave & elmwood ave, providence, ri 02907, usa",NA,NA,NA,NA,41.8053667,-71.4252446,Med High,7.434814851202711,FALSE,FALSE
2436,2014-10-15,255078,11:49:00,Bicycle,NA,1,1,ALLENS AVE,ERNEST ST,2014-10-15,"Two-Way , Not Divided",Dry,Daylight,Clear,Not a Collision Between Two Motor Vehicles in Transport,No,No Controls,3,1,Non-Incapacitating,NA,41.79481,-71.39793,FALSE,FALSE,"Allens Ave and Ernest Street, Providence, RI, USA",FALSE,-71.3979097,41.7948568,intersection,geometric_center,"allens ave & ernest st, providence, ri 02905, usa",NA,NA,NA,NA,41.7948568,-71.3979097,Med High,5.475390969127052,FALSE,FALSE
2437,2014-10-15,255100,21:11:00,Pedestrian,1,NA,1,DEAN ST,PROMENADE ST,2014-10-15,"Two-Way, Divided, Positive Median Barrier",Wet,Dark - Lighted,Rain,Not a Collision Between Two Motor Vehicles in Transport,No,Traffic Control Signal,4,1,Incapacitating,NA,41.82905,-71.42666,FALSE,FALSE,"Dean Street and Promenade Street, Providence, RI, USA",FALSE,-71.4267356,41.8292571,intersection,geometric_center,"promenade st & dean st, providence, ri 02908, usa",NA,NA,NA,NA,41.8292571,-71.4267356,Med High,23.89190726518097,FALSE,FALSE
2438,2014-10-15,255125,13:01:00,Pedestrian,1,NA,1,IVES ST,WICKENDEN ST,2014-10-16,"Two-Way , Not Divided",Dry,Daylight,Clear,Other,"Yes, Driver Left Scene",Stop Signs,1,1,Incapacitating,NA,41.82027,-71.3918,FALSE,FALSE,"Ives Street and Wickenden Street, Providence, RI, USA",FALSE,-71.3917681,41.8202605,intersection,geometric_center,"wickenden st & ives st, providence, ri 02903, usa",NA,NA,NA,NA,41.8202605,-71.3917681,Med High,2.849894750368457,FALSE,FALSE
2439,2014-10-14,254979,07:53:00,Pedestrian,1,NA,1,BROAD STREET,SERVICE ROAD 7,2014-10-14,"Two-Way , Not Divided",Dry,Daylight,Clear,Unknown,No,Traffic Control Signal,2,1,Complains Of Pain,2,41.82933,-71.41804,FALSE,FALSE,"Broad Street and Service Road 7, Providence, RI, USA",FALSE,-71.4200451,41.8199608,route,geometric_center,"service rd 1, providence, ri, usa","Broad Street & Service Road 7th, Providence, RI, USA",EjRCcm9hZCBTdHJlZXQgJiBTZXJ2aWNlIFJvYWQgN3RoLCBQcm92aWRlbmNlLCBSSSwgVVNBImYiZAoUChIJbbRukG1F5IkRg0XEjUgVvRgSFAoSCW20bpBtReSJEYNFxI1IFb0YGhQKEgmD3n3VjE_kiREsosqTmEsIoxoUChIJB3h0QnZF5IkRyxFdBkwhBUwiCg0k0-wYFUejbtU,41.8173732,-71.4169529,41.8173732,-71.4169529,Med,1334.0764226299138,FALSE,FALSE
2440,2014-10-11,254767,01:57:00,Bicycle,NA,1,2,WASHINGTON ST,MATHEWSON ST,2014-10-12,"Two-Way , Not Divided",Dry,Dark - Lighted,Cloudy,"Sideswipe, Same Direction","Yes, M/V and Driver Left Scene",No Controls,4,0,No Injury,NA,41.82296,-71.41492,FALSE,FALSE,"Washington Street and Mathewson Street, Providence, RI, USA",FALSE,-71.4147864,41.8230454,intersection,geometric_center,"mathewson st & washington st, providence, ri 02903, usa",NA,NA,NA,NA,41.8230454,-71.4147864,Med High,14.60167229673326,FALSE,FALSE
2441,2014-10-09,254482,08:11:00,Bicycle,NA,1,1,SMITH ST,HOLDEN ST,2014-10-09,"Two-Way , Not Divided",Dry,Daylight,Clear,Angle (Front - to - Side) Right Angle (Includes Broadside),No,No Controls,2,0,No Injury,2,41.83225,-71.41816,FALSE,FALSE,"Smith Street and Holden Street, Providence, RI, USA",FALSE,-71.41800549999999,41.8322069,intersection,geometric_center,"holden st & smith st, providence, ri 02908, usa",NA,NA,NA,NA,41.8322069,-71.41800549999999,Med High,13.683600209123599,FALSE,FALSE
2442,2014-10-09,254558,22:08:00,Bicycle,NA,1,1,CHALKSTONE AVE,CAMDEN AVE,2014-10-09,"Two-Way , Not Divided",Dry,Dark - Lighted,Clear,Other,No,No Controls,2,1,Incapacitating,NA,41.83529,-71.42536,FALSE,FALSE,"Chalkstone Ave and Camden Ave, Providence, RI, USA",FALSE,-71.4253488,41.835296,intersection,geometric_center,"chalkstone ave & camden ave, providence, ri 02908, usa",NA,NA,NA,NA,41.835296,-71.4253488,Med High,1.14412686236667,FALSE,FALSE