row_number,crash_date,crash_report_id,crash_time,collision_type,count_pedestrian,count_bicycle,number_of_vehicles,street_or_highway,nearest_intersection,report_date,type_of_roadway,road_surface_condition,light_condition,weather_condition,manner_of_impact,hit_and_run,traffic_control,person_count,injury_count,most_serious_injury,number_of_lanes,lat_raw,lon_raw,has_st_number,is_intersection_null,address_sent_to_geocoder,is_address_blank,lon_api_first_try,lat_api_first_try,type,loctype,address_returned_by_geocoder,address_returned_by_autocomplete,place_ids_autocompleted,lat_api_second_try,lon_api_second_try,lat_api_best,lon_api_best,api_coord_conf,distance_btwn_coords_meters,scooter,wheel_chair
2532,2014-07-09,241527,21:42:00,Bicycle,NA,1,1,N MAIN ST,OLNEY ST,2014-07-10,One-Way Trafficway,Dry,Dark - Lighted,Clear,Angle (Front - to - Side) Right Angle (Includes Broadside),No,Stop Signs,2,1,Complains Of Pain,NA,41.83639,-71.40965,FALSE,FALSE,"N Main Street and Olney Street, Providence, RI, USA",FALSE,-71.4030852,41.8356978,route,geometric_center,"olney st, providence, ri, usa","North Main Street & Olney Street, Providence, RI, USA",EjVOb3J0aCBNYWluIFN0cmVldCAmIE9sbmV5IFN0cmVldCwgUHJvdmlkZW5jZSwgUkksIFVTQSJmImQKFAoSCecyguceReSJEZoaCA_vhqGHEhQKEgnnMoLnHkXkiRGaGggP74ahhxoUChIJ-fpBPd5E5IkRX9etvg1cIz8aFAoSCQX4NfkgReSJEcWuz-GfMl1QIgoNEYfvGBVWum_V,41.8350865,-71.409809,41.8350865,-71.409809,Med,145.70297258195072,FALSE,FALSE
2533,2014-07-08,241405,23:13:00,Bicycle,NA,1,1,BROAD ST,STANWOOD ST,2014-07-09,"Two-Way , Not Divided",Dry,Dark - Lighted,Clear,Not a Collision Between Two Motor Vehicles in Transport,No,No Controls,2,1,Complains Of Pain,NA,41.80382,-71.41917,FALSE,FALSE,"Broad Street and Stanwood Street, Providence, RI, USA",FALSE,-71.4224823,41.8025269,route,geometric_center,"stanwood st, providence, ri 02907, usa","Broad Street & Stanwood Street, Providence, RI, USA",EjNCcm9hZCBTdHJlZXQgJiBTdGFud29vZCBTdHJlZXQsIFByb3ZpZGVuY2UsIFJJLCBVU0EiZiJkChQKEgl7bh0kfUXkiRHmUNEw7jz-axIUChIJe24dJH1F5IkR5lDRMO48_msaFAoSCYPefdWMT-SJESyiypOYSwijGhQKEgljUmPtfUXkiRE3RrR4ALggmiIKDUC86hgVl05u1Q,41.80368,-71.4191209,41.80368,-71.4191209,Med,16.108516294286837,FALSE,FALSE
2534,2014-07-07,241528,10:05:00,Bicycle,NA,1,1,CHARLES ST,BRANCH AVE,2014-07-10,"Two-Way , Not Divided",Dry,Daylight,Clear,Angle (Front - to - Side) Same Direction,"Yes, M/V and Driver Left Scene",Traffic Control Signal,1,0,No Injury,NA,41.85026,-71.41998,FALSE,FALSE,"Charles Street and Branch Ave, Providence, RI, USA",FALSE,-71.419991,41.8503047,intersection,geometric_center,"charles st & branch ave, providence, ri 02904, usa",NA,NA,NA,NA,41.8503047,-71.419991,Med High,5.058890141082714,FALSE,FALSE
2535,2014-07-06,240832,00:42:00,Bicycle,NA,1,1,108 Vinton St.,GROVE ST,2014-07-06,One-Way Trafficway,Dry,Dark - Lighted,Clear,Not a Collision Between Two Motor Vehicles in Transport,No,No Controls,4,1,Complains Of Pain,NA,41.82113,-71.42879,TRUE,FALSE,"108 Vinton St., Providence, RI, USA",FALSE,-71.4285551,41.8211147,premise,rooftop,"108 vinton st, providence, ri 02909, usa",NA,NA,NA,NA,41.8211147,-71.4285551,High,19.561275629712142,FALSE,FALSE
2536,2014-07-06,240882,02:03:00,Pedestrian,1,NA,1,Fountain St,Clemence St,2014-07-06,One-Way Trafficway,Dry,Dark - Lighted,Clear,Not a Collision Between Two Motor Vehicles in Transport,"Yes, M/V and Driver Left Scene",No Controls,5,1,Incapacitating,NA,41.82406,-71.41535,FALSE,FALSE,"Fountain Street and Clemence Street, Providence, RI, USA",FALSE,-71.4153357,41.8240637,intersection,geometric_center,"fountain st & clemence st, providence, ri 02903, usa",NA,NA,NA,NA,41.8240637,-71.4153357,Med High,1.2557252794891018,FALSE,FALSE
2537,2014-07-03,240508,14:43:00,Bicycle,NA,1,1,1055 WESTMINSTER ST,HOOD ST,2014-07-03,"Two-Way , Not Divided",Dry,Daylight,Clear,Not a Collision Between Two Motor Vehicles in Transport,No,No Controls,3,1,Complains Of Pain,NA,41.81715,-71.42596,TRUE,FALSE,"1055 Westminster Street, Providence, RI, USA",FALSE,-71.4259811,41.817341,premise,rooftop,"1055 westminster st, providence, ri 02903, usa",NA,NA,NA,NA,41.817341,-71.4259811,High,21.33396302952897,FALSE,FALSE
2538,2014-07-02,240185,11:51:00,Pedestrian,1,NA,1,Public Street,BROAD ST,2014-07-02,"Two-Way , Not Divided",Dry,Daylight,Clear,Not a Collision Between Two Motor Vehicles in Transport,No,Traffic Control Signal,2,1,Complains Of Pain,NA,41.80441,-71.41937,FALSE,FALSE,"Public Street and Broad Street, Providence, RI, USA",FALSE,-71.41935959999999,41.804449,intersection,geometric_center,"public st & broad st, providence, ri 02907, usa",NA,NA,NA,NA,41.804449,-71.41935959999999,Med High,4.426402177424916,FALSE,FALSE
2539,2014-07-02,240363,18:35:00,Pedestrian,1,NA,1,319 Lowell Ave,NYE ST,2014-07-02,"Two-Way , Not Divided",Dry,Daylight,Clear,Not a Collision Between Two Motor Vehicles in Transport,No,No Controls,4,1,Complains Of Pain,2,41.81858,-71.46092,TRUE,FALSE,"319 Lowell Ave, Providence, RI, USA",FALSE,-71.4606481,41.818535,street_address,rooftop,"319 lowell ave, providence, ri 02909, usa",NA,NA,NA,NA,41.818535,-71.4606481,High,23.106889921701896,FALSE,FALSE
2540,2014-07-01,240180,10:30:00,Pedestrian,1,NA,1,541 Smith St,Fredeick St,2014-07-02,"Two-Way , Not Divided",Dry,Daylight,Clear,Not a Collision Between Two Motor Vehicles in Transport,No,No Controls,4,1,Complains Of Pain,NA,41.83613,-71.42872,TRUE,FALSE,"541 Smith Street, Providence, RI, USA",FALSE,-71.42925869999999,41.8371192,premise,rooftop,"541 smith st, providence, ri 02908, usa",NA,NA,NA,NA,41.8371192,-71.42925869999999,High,118.8361055875876,FALSE,FALSE
2541,2014-06-30,239729,00:03:00,Pedestrian,1,NA,1,HARRIS AVE,SIMS AVE,2014-06-30,"Two-Way , Not Divided",Dry,Dark - Lighted,Clear,Not a Collision Between Two Motor Vehicles in Transport,No,No Controls,3,2,Non-Incapacitating,NA,41.82519,-71.43257,FALSE,FALSE,"Harris Ave and Sims Ave, Providence, RI, USA",FALSE,-71.43309459999999,41.8250598,intersection,geometric_center,"sims ave & harris ave, providence, ri 02909, usa",NA,NA,NA,NA,41.8250598,-71.43309459999999,Med High,45.86756108094013,FALSE,FALSE
2542,2014-06-30,240022,23:52:00,Pedestrian,1,NA,1,WESTMINSTER ST,BARTON ST,2014-07-01,"Two-Way, Divided, Unprotected (painted>4feet) Medium",Dry,Dark - Lighted,Clear,Not a Collision Between Two Motor Vehicles in Transport,"Yes, M/V and Driver Left Scene",No Controls,1,1,Non-Incapacitating,NA,41.81592,-71.43653,FALSE,FALSE,"Westminster Street and Barton Street, Providence, RI, USA",FALSE,-71.4365339,41.8159344,intersection,geometric_center,"barton st & westminster st, providence, ri 02909, usa",NA,NA,NA,NA,41.8159344,-71.4365339,Med High,1.6353303755184845,FALSE,FALSE
2543,2014-06-29,239555,01:47:00,Pedestrian,1,NA,1,ATWELLS AVE,WEEDEN ST,2014-06-29,"Two-Way, Divided, Unprotected (painted>4feet) Medium",Dry,Dark - Lighted,Clear,Not a Collision Between Two Motor Vehicles in Transport,"Yes, M/V and Driver Left Scene",Traffic Control Signal,4,1,Complains Of Pain,NA,41.8234,-71.42431,FALSE,FALSE,"Atwells Ave and Weeden Street, Providence, RI, USA",FALSE,-71.424769,41.8234469,intersection,geometric_center,"weeden st & atwells ave, providence, ri 02903, usa",NA,NA,NA,NA,41.8234469,-71.424769,Med High,38.43291612623889,FALSE,FALSE
2544,2014-06-28,239514,20:35:00,Pedestrian,1,NA,1,WESTMINSTER ST,CRANSTON ST,2014-06-28,"Two-Way, Divided, Positive Median Barrier",Dry,Dusk,Clear,Unknown,"Yes, M/V and Driver Left Scene",No Controls,1,1,Complains Of Pain,NA,41.81792,-71.42082,FALSE,FALSE,"Westminster Street and Cranston Street, Providence, RI, USA",FALSE,-71.42230959999999,41.817219,intersection,geometric_center,"cranston st & westminster st, providence, ri 02903, usa",NA,NA,NA,NA,41.817219,-71.42230959999999,Med High,146.1573848798804,FALSE,FALSE
2545,2014-06-28,239521,21:15:00,Bicycle,NA,1,2,PARADE ST,OAK ST,2014-06-28,"Two-Way, Divided, Unprotected (painted>4feet) Medium",Dry,Dark - Lighted,Clear,Unknown,"Yes, M/V and Driver Left Scene",No Controls,7,1,Complains Of Pain,NA,41.81537,-71.43277,FALSE,FALSE,"Parade Street and Oak Street, Providence, RI, USA",FALSE,-71.43283629999999,41.81544359999999,intersection,geometric_center,"parade st & oak st, providence, ri 02909, usa",NA,NA,NA,NA,41.81544359999999,-71.43283629999999,Med High,9.868346824901463,FALSE,FALSE
2546,2014-06-25,239150,09:00:00,Bicycle,NA,1,1,ADMIRAL ST,HAWKINS ST,2014-06-26,"Two-Way , Not Divided",Dry,Daylight,Clear,Not a Collision Between Two Motor Vehicles in Transport,No,No Controls,3,1,Complains Of Pain,NA,41.84592,-71.42839,FALSE,FALSE,"Admiral Street and Hawkins Street, Providence, RI, USA",FALSE,-71.4283351,41.8459297,intersection,geometric_center,"admiral st & hawkins st, providence, ri 02908, usa",NA,NA,NA,NA,41.8459297,-71.4283351,Med High,4.6789665426574985,FALSE,FALSE
2547,2014-06-24,238930,17:52:00,Pedestrian,1,NA,1,939 Manton Ave,FRUIT HILL AVE,2014-06-24,"Two-Way , Not Divided",Dry,Daylight,Clear,Not a Collision Between Two Motor Vehicles in Transport,No,No Controls,2,1,Fatal,2,41.83383,-71.46805,TRUE,FALSE,"939 Manton Ave, Providence, RI, USA",FALSE,-71.4685253,41.8337411,street_address,range_interpolated,"939 manton ave, providence, ri 02909, usa",NA,NA,NA,NA,41.8337411,-71.4685253,High,40.64561701691535,FALSE,FALSE
2548,2014-06-24,239019,14:21:00,Bicycle,NA,1,1,REDWING ST,BUCKLIN ST,2014-06-25,One-Way Trafficway,Dry,Daylight,Clear,Not a Collision Between Two Motor Vehicles in Transport,No,No Controls,2,1,Complains Of Pain,NA,41.79927,-71.4273,FALSE,FALSE,"Redwing Street and Bucklin Street, Providence, RI, USA",FALSE,-71.4277346,41.79924219999999,intersection,geometric_center,"bucklin st & redwing st, providence, ri 02907, usa",NA,NA,NA,NA,41.79924219999999,-71.4277346,Med High,36.198665292668444,FALSE,FALSE
2549,2014-06-23,238659,10:00:00,Bicycle,NA,1,1,FRIENDSHIP ST,DORRANCE ST,2014-06-23,"Two-Way , Not Divided",Dry,Daylight,Clear,Not a Collision Between Two Motor Vehicles in Transport,No,No Controls,2,1,Complains Of Pain,NA,41.82196,-71.4095,FALSE,FALSE,"Friendship Street and Dorrance Street, Providence, RI, USA",FALSE,-71.40944019999999,41.8220269,intersection,geometric_center,"friendship st & dorrance st, providence, ri 02903, usa",NA,NA,NA,NA,41.8220269,-71.40944019999999,Med High,8.948296966005778,FALSE,FALSE
2550,2014-06-21,238379,16:34:00,Pedestrian,1,NA,1,936 ATWELLS AVE,NA,2014-06-21,Unknown,Dry,Daylight,Clear,Not a Collision Between Two Motor Vehicles in Transport,No,No Controls,3,1,Complains Of Pain,NA,41.82506,-71.44853,TRUE,TRUE,"936 Atwells Ave, Providence, RI, USA",FALSE,-71.4483972,41.8249766,street_address,rooftop,"936 atwells ave, providence, ri 02909, usa",NA,NA,NA,NA,41.8249766,-71.4483972,High,14.406630728270521,FALSE,FALSE
2551,2014-06-20,238261,13:02:00,Pedestrian,1,NA,1,Broad st,SERVICE ROAD 7,2014-06-20,"Two-Way , Not Divided",Dry,Daylight,Clear,Other,"Yes, M/V and Driver Left Scene",Traffic Control Signal,2,0,No Injury,2,41.81735,-71.41698,FALSE,FALSE,"Broad Street and Service Road 7, Providence, RI, USA",FALSE,-71.4200451,41.8199608,route,geometric_center,"service rd 1, providence, ri, usa","Broad Street & Service Road 7th, Providence, RI, USA",EjRCcm9hZCBTdHJlZXQgJiBTZXJ2aWNlIFJvYWQgN3RoLCBQcm92aWRlbmNlLCBSSSwgVVNBImYiZAoUChIJbbRukG1F5IkRg0XEjUgVvRgSFAoSCW20bpBtReSJEYNFxI1IFb0YGhQKEgmD3n3VjE_kiREsosqTmEsIoxoUChIJB3h0QnZF5IkRyxFdBkwhBUwiCg0k0-wYFUejbtU,41.8173732,-71.4169529,41.8173732,-71.4169529,Med,3.4241480713974344,FALSE,FALSE
2552,2014-06-20,238297,18:43:00,Pedestrian,1,NA,1,ELMWOOD AVE,CONGRESS AVE,2014-06-20,"Two-Way , Not Divided",Dry,Daylight,Clear,Not a Collision Between Two Motor Vehicles in Transport,No,Stop Signs,3,1,Complains Of Pain,NA,41.79849,-71.42627,FALSE,FALSE,"Elmwood Ave and Congress Ave, Providence, RI, USA",FALSE,-71.4263157,41.7984872,intersection,geometric_center,"congress ave & elmwood ave, providence, ri 02907, usa",NA,NA,NA,NA,41.7984872,-71.4263157,Med High,3.8053369537010284,FALSE,FALSE
2553,2014-06-20,238617,07:48:00,Bicycle,1,NA,1,94 Colfax st,BURNSIDE ST,2014-06-23,"Two-Way , Not Divided",Dry,Daylight,Clear,Not a Collision Between Two Motor Vehicles in Transport,No,No Controls,7,1,Incapacitating,NA,41.79978,-71.41095,TRUE,FALSE,"94 Colfax Street, Providence, RI, USA",FALSE,-71.4109928,41.7996468,street_address,rooftop,"94 colfax st, providence, ri 02905, usa",NA,NA,NA,NA,41.7996468,-71.4109928,High,15.247221305783341,FALSE,FALSE
2554,2014-06-18,237938,07:42:00,Bicycle,NA,1,1,HARTFORD AVE,KING PHILIP ST,2014-06-18,"Two-Way, Divided, Unprotected (painted>4feet) Medium",Dry,Daylight,Clear,Angle (Front - to - Side) Right Angle (Includes Broadside),No,Stop Signs,3,1,Complains Of Pain,2,41.81955,-71.4656,FALSE,FALSE,"Hartford Ave and King Philip Street, Providence, RI, USA",FALSE,-71.4656029,41.8195761,intersection,geometric_center,"hartford ave & king philip st, providence, ri 02909, usa",NA,NA,NA,NA,41.8195761,-71.4656029,Med High,2.915382597568033,FALSE,FALSE
2555,2014-06-17,237812,15:22:00,Pedestrian,3,NA,1,ELMWOOD AVE,ADELAIDE AVE,2014-06-17,"Two-Way, Divided, Positive Median Barrier",Dry,Daylight,Clear,Other,"Yes, M/V and Driver Left Scene",No Controls,3,3,Complains Of Pain,NA,41.7959,-71.42512,FALSE,FALSE,"Elmwood Ave and Adelaide Ave, Providence, RI, USA",FALSE,-71.42499500000001,41.79588700000001,intersection,geometric_center,"adelaide ave & elmwood ave, providence, ri 02907, usa",NA,NA,NA,NA,41.79588700000001,-71.42499500000001,Med High,10.47436785196451,FALSE,FALSE
2556,2014-06-16,237564,15:20:00,Pedestrian,1,NA,1,BROAD ST,MONTGOMERY AVE,2014-06-16,"Two-Way , Not Divided",Dry,Daylight,Clear,Other,No,Traffic Control Signal,2,1,Complains Of Pain,NA,41.78589,-71.40166,FALSE,FALSE,"Broad Street and Montgomery Ave, Providence, RI, USA",FALSE,-71.4128343,41.8239891,locality,approximate,"providence, ri, usa","Broad Street & Montgomery Ave, Providence, RI, USA",EjJCcm9hZCBTdHJlZXQgJiBNb250Z29tZXJ5IEF2ZSwgUHJvdmlkZW5jZSwgUkksIFVTQSJmImQKFAoSCQsHYjjsT-SJESntnIULwXi8EhQKEgkLB2I47E_kiREp7ZyFC8F4vBoUChIJg9591YxP5IkRLKLKk5hLCKMaFAoSCWcDHSnsT-SJEccYl47_C14AIgoNiAXoGBVh-HDV,41.7858952,-71.4016671,41.7858952,-71.4016671,Med,0.8260694461121174,FALSE,FALSE
2557,2014-06-16,237602,16:11:00,Bicycle,NA,1,1,MEMORIAL BLVD,COLLEGE ST,2014-06-16,"Two-Way, Divided, Unprotected (painted>4feet) Medium",Dry,Daylight,Clear,Not a Collision Between Two Motor Vehicles in Transport,No,Traffic Control Signal,6,1,Complains Of Pain,4,41.82528,-71.40899,FALSE,FALSE,"Memorial Blvd and College Street, Providence, RI, USA",FALSE,-71.4088081,41.8253077,intersection,geometric_center,"memorial blvd & college st, providence, ri 02903, usa",NA,NA,NA,NA,41.8253077,-71.4088081,Med High,15.401041977714325,FALSE,FALSE
2558,2014-06-16,237616,20:02:00,Bicycle,NA,2,1,SALMON ST,SALMON ST,2014-06-16,"Two-Way, Divided, Unprotected (painted>4feet) Medium",Dry,Dusk,Clear,Head-On (Front - to - Front),"Yes, M/V and Driver Left Scene",No Controls,2,2,Complains Of Pain,NA,41.82359,-71.45531,FALSE,FALSE,"Salmon Street and Salmon Street, Providence, RI, USA",FALSE,-71.4546306,41.8242098,route,geometric_center,"salmon st, providence, ri 02909, usa",NA,NA,NA,NA,41.8242098,-71.4546306,Med,89.08891457007252,FALSE,FALSE
2559,2014-06-15,237392,16:50:00,Bicycle,NA,1,1,CRANSTON ST,HARRISON ST,2014-06-15,"Two-Way , Not Divided",Dry,Daylight,Clear,Not a Collision Between Two Motor Vehicles in Transport,No,No Controls,4,1,Complains Of Pain,NA,41.81307,-71.42866,FALSE,FALSE,"Cranston Street and Harrison Street, Providence, RI, USA",FALSE,-71.4286583,41.8130997,intersection,geometric_center,"cranston st & harrison st, providence, ri 02907, usa",NA,NA,NA,NA,41.8130997,-71.4286583,Med High,3.3091961646356496,FALSE,FALSE
2560,2014-06-15,237504,14:33:00,Pedestrian,1,NA,1,432 BRANCH AVENUE,NA,2014-06-16,"Two-Way , Not Divided",Dry,Daylight,Clear,Other,"Yes, M/V and Driver Left Scene",No Controls,1,1,Non-Incapacitating,2,41.82678,-71.41882,TRUE,TRUE,"432 Branch Avenue, Providence, RI, USA",FALSE,-71.4196422,41.8499436,street_address,range_interpolated,"432 branch ave, providence, ri 02904, usa",NA,NA,NA,NA,41.8499436,-71.4196422,High,2579.461647502154,FALSE,FALSE
2561,2014-06-14,237312,19:30:00,Bicycle,NA,1,1,ROGER WILLIAMS AVE,ELMWOOD AVE,2014-06-14,"Two-Way , Not Divided",Dry,Daylight,Clear,Not a Collision Between Two Motor Vehicles in Transport,No,Traffic Control Signal,3,1,Complains Of Pain,NA,41.7885,-71.42106,FALSE,FALSE,"Roger Williams Ave and Elmwood Ave, Providence, RI, USA",FALSE,-71.4209033,41.7885278,intersection,geometric_center,"roger williams ave & elmwood ave, providence, ri 02907, usa",NA,NA,NA,NA,41.7885278,-71.4209033,Med High,13.369341273875765,FALSE,FALSE
2562,2014-06-13,236992,08:11:00,Pedestrian,1,NA,1,EDDY ST,EUDORA ST,2014-06-13,"Two-Way, Divided, Unprotected (painted>4feet) Medium",Wet,Daylight,Rain,Other,No,No Controls,9,7,Complains Of Pain,NA,41.80791,-71.40724,FALSE,FALSE,"Eddy Street and Eudora Street, Providence, RI, USA",FALSE,-71.407232,41.807922,intersection,geometric_center,"eddy st & eudora st, providence, ri 02903, usa",NA,NA,NA,NA,41.807922,-71.407232,Med High,1.4916737768384054,FALSE,FALSE
2563,2014-06-11,237184,14:43:00,Bicycle,NA,1,1,1 RANDALL ST,CHARLES ST,2014-06-13,"Two-Way , Not Divided",Dry,Daylight,Clear,Not a Collision Between Two Motor Vehicles in Transport,No,No Controls,3,1,Complains Of Pain,2,41.83713,-71.41092,TRUE,FALSE,"1 Randall Street, Providence, RI, USA",FALSE,-71.4096299,41.837966,intersection,geometric_center,"us-1 & randall st, providence, ri 02904, usa",NA,NA,NA,NA,41.837966,-71.4096299,High,141.80692401202916,FALSE,FALSE
2564,2014-06-10,237452,21:10:00,Bicycle,NA,1,1,Oakland Ave,Chalkstone Ave,2014-06-15,"Two-Way , Not Divided",Wet,Dark - Lighted,Rain,Not a Collision Between Two Motor Vehicles in Transport,No,Traffic Control Signal,4,1,Complains Of Pain,NA,41.83421,-71.43024,FALSE,FALSE,"Oakland Ave and Chalkstone Ave, Providence, RI, USA",FALSE,-71.4302486,41.834203,intersection,geometric_center,"oakland ave & chalkstone ave, providence, ri 02908, usa",NA,NA,NA,NA,41.834203,-71.4302486,Med High,1.0564110463874716,FALSE,FALSE
2565,2014-06-09,236233,16:10:00,Bicycle,NA,1,1,THROOP ALY,N MAIN ST,2014-06-09,One-Way Trafficway,Dry,Daylight,Clear,Unknown,"Yes, M/V and Driver Left Scene",No Controls,2,1,Complains Of Pain,2,41.82813,-71.40945,FALSE,FALSE,"Throop Aly and N Main Street, Providence, RI, USA",FALSE,-71.37025750000001,41.8264716,establishment,rooftop,"105 wilmarth ave, east providence, ri 02914, usa","Throop Alley & North Main Street, Providence, RI, USA",EjVUaHJvb3AgQWxsZXkgJiBOb3J0aCBNYWluIFN0cmVldCwgUHJvdmlkZW5jZSwgUkksIFVTQSJmImQKFAoSCfd2QXcXReSJEa6fCi7euxRJEhQKEgn3dkF3F0XkiRGunwou3rsUSRoUChIJrYQbbhdF5IkR-wemYR04CtgaFAoSCfn6QT3eROSJEV_Xrb4NXCM_IgoNkHfuGBV6yG_V,41.828136,-71.409447,41.828136,-71.409447,Med,0.7127683498009851,FALSE,FALSE
2566,2014-06-07,235962,18:56:00,Bicycle,NA,1,1,SMITH ST,CHALKSTONE AVE,2014-06-07,"Two-Way , Not Divided",Dry,Daylight,Clear,Not a Collision Between Two Motor Vehicles in Transport,No,Traffic Control Signal,4,1,Complains Of Pain,NA,41.83521,-71.42565,FALSE,FALSE,"Smith Street and Chalkstone Ave, Providence, RI, USA",FALSE,-71.4256425,41.83522139999999,intersection,geometric_center,"chalkstone ave & smith st, providence, ri 02908, usa",NA,NA,NA,NA,41.83522139999999,-71.4256425,Med High,1.413300364710605,FALSE,FALSE
2567,2014-06-07,236139,01:43:00,Bicycle,NA,1,1,240 Atwells Ave,NA,2014-06-08,"Two-Way , Not Divided",Dry,Dark - Lighted,Clear,Not a Collision Between Two Motor Vehicles in Transport,No,No Controls,2,1,Complains Of Pain,NA,41.82353,-71.42608,TRUE,TRUE,"240 Atwells Ave, Providence, RI, USA",FALSE,-71.4246809,41.8233587,street_address,rooftop,"240 atwells ave, providence, ri 02903, usa",NA,NA,NA,NA,41.8233587,-71.4246809,High,117.6193139411605,FALSE,FALSE
2568,2014-06-06,235719,16:12:00,Bicycle,NA,1,1,Broadway,VALLEY ST,2014-06-06,"Two-Way , Not Divided",Dry,Daylight,Clear,Not a Collision Between Two Motor Vehicles in Transport,No,Traffic Control Signal,2,0,No Injury,4,41.81684,-71.44098,FALSE,FALSE,"Broadway and Valley Street, Providence, RI, USA",FALSE,-71.4361571,41.8275287,route,geometric_center,"valley st, providence, ri, usa","Broadway & Valley Street, Providence, RI, USA",Ei1Ccm9hZHdheSAmIFZhbGxleSBTdHJlZXQsIFByb3ZpZGVuY2UsIFJJLCBVU0EiZiJkChQKEglPQjeFmkXkiRFay9YdHmK0gBIUChIJT0I3hZpF5IkRWsvWHR5itIAaFAoSCaW15YZ1ReSJERrCM7HXpG-zGhQKEgn71PW-oUXkiRFACHbbKx7jfCIKDVm-7BgVgvdq1Q,41.8168409,-71.441011,41.8168409,-71.441011,Med,2.5738407522498963,FALSE,FALSE
2569,2014-06-06,235781,23:16:00,Bicycle,NA,1,1,SMITH ST,ORMS ST,2014-06-07,"Two-Way, Not Divided With a Continuous Left Turn Lane",Dry,Dark - Lighted,Clear,Head-On (Front - to - Front),No,Traffic Control Signal,2,1,Complains Of Pain,NA,41.83378,-71.42202,FALSE,FALSE,"Smith Street and Orms Street, Providence, RI, USA",FALSE,-71.4219437,41.8337775,intersection,geometric_center,"orms st & smith st, providence, ri 02904, usa",NA,NA,NA,NA,41.8337775,-71.4219437,Med High,6.334609942336382,FALSE,FALSE
2570,2014-06-03,235437,21:00:00,Bicycle,NA,1,1,Elmwood Ave,Sprague St,2014-06-04,"Two-Way , Not Divided",Dry,Dark - Lighted,Clear,Not a Collision Between Two Motor Vehicles in Transport,No,No Controls,4,1,Complains Of Pain,NA,41.80942,-71.42437,FALSE,FALSE,"Elmwood Ave and Sprague Street, Providence, RI, USA",FALSE,-71.42439689999999,41.8094159,intersection,geometric_center,"sprague st & elmwood ave, providence, ri 02907, usa",NA,NA,NA,NA,41.8094159,-71.42439689999999,Med High,2.278182176062569,FALSE,FALSE
2571,2014-05-29,234336,10:47:00,Pedestrian,1,NA,1,RT. 146 NORTH ON RAMP,BRANCH AVENUE,2014-05-29,One-Way Trafficway,Dry,Daylight,Clear,Other,"Yes, M/V and Driver Left Scene",No Controls,4,0,No Injury,NA,41.83618,-71.41545,FALSE,FALSE,"Rt. 146 North On Ramp and Branch Avenue, Providence, RI, USA",FALSE,-71.4228521,41.8515249,route,geometric_center,"branch ave, providence, ri 02904, usa",NA,NA,NA,NA,41.8515249,-71.4228521,Med,1815.1344357230319,FALSE,FALSE
2572,2014-05-28,234184,13:28:00,Pedestrian,1,NA,1,WASHINGTON STREET,EXCHANGE STREET,2014-05-28,One-Way Trafficway,Dry,Daylight,Cloudy,Other,No,Traffic Control Signal,4,1,Fatal,2,41.83601,-71.41599,FALSE,FALSE,"Washington Street and Exchange Street, Providence, RI, USA",FALSE,-71.4118704,41.8265115,route,geometric_center,"exchange st, providence, ri 02903, usa","Washington Street & Exchange Street, Providence, RI, USA",EjhXYXNoaW5ndG9uIFN0cmVldCAmIEV4Y2hhbmdlIFN0cmVldCwgUHJvdmlkZW5jZSwgUkksIFVTQSJmImQKFAoSCX8SrsYWReSJEW5MQFQ5jjSiEhQKEgl_Eq7GFkXkiRFuTEBUOY40ohoUChIJqdrNnBJF5IkRGgfQlqMSNPYaFAoSCdFSn9cWReSJERdKzs-n0Y0OIgoNZxnuGBVVim_V,41.8257255,-71.4110379,41.8257255,-71.4110379,Med,1216.32145159124,FALSE,FALSE
2573,2014-05-28,234192,19:30:00,Pedestrian,1,NA,1,Chalkstone Ave,Young Ave,2014-05-29,"Two-Way , Not Divided",Dry,Dusk,Cloudy,Not a Collision Between Two Motor Vehicles in Transport,No,No Controls,5,1,Complains Of Pain,NA,41.83481,-71.42731,FALSE,FALSE,"Chalkstone Ave and Young Ave, Providence, RI, USA",FALSE,-71.4272976,41.8348286,intersection,geometric_center,"young ave & chalkstone ave, providence, ri 02908, usa",NA,NA,NA,NA,41.8348286,-71.4272976,Med High,2.311902057455261,FALSE,FALSE
2574,2014-05-28,234525,16:25:00,Pedestrian,1,NA,1,N MAIN ST,N MAIN ST,2014-05-29,"Two-Way, Divided, Positive Median Barrier",Dry,Daylight,Clear,Angle (Front - to - Side) Right Angle (Includes Broadside),No,No Controls,2,0,No Injury,NA,41.83645,-71.40964,FALSE,FALSE,"N Main Street and N Main Street, Providence, RI, USA",FALSE,-71.2873641,41.7371398,route,geometric_center,"n main st, rhode island, usa",NA,NA,NA,NA,41.7371398,-71.2873641,Med,15007.476613727129,FALSE,FALSE
2575,2014-05-26,233936,13:11:00,Bicycle,NA,1,1,NEWARK ST,VALLEY ST,2014-05-26,"Two-Way , Not Divided",Wet,Daylight,Clear,Not a Collision Between Two Motor Vehicles in Transport,No,No Controls,3,1,Complains Of Pain,2,41.82521,-71.43932,FALSE,FALSE,"Newark Street and Valley Street, Providence, RI, USA",FALSE,-71.4393041,41.8252323,intersection,geometric_center,"valley st & newark st, providence, ri 02908, usa",NA,NA,NA,NA,41.8252323,-71.4393041,Med High,2.811064312721288,FALSE,FALSE