row_number,crash_date,crash_report_id,crash_time,collision_type,count_pedestrian,count_bicycle,number_of_vehicles,street_or_highway,nearest_intersection,report_date,type_of_roadway,road_surface_condition,light_condition,weather_condition,manner_of_impact,hit_and_run,traffic_control,person_count,injury_count,most_serious_injury,number_of_lanes,lat_raw,lon_raw,has_st_number,is_intersection_null,address_sent_to_geocoder,is_address_blank,lon_api_first_try,lat_api_first_try,type,loctype,address_returned_by_geocoder,address_returned_by_autocomplete,place_ids_autocompleted,lat_api_second_try,lon_api_second_try,lat_api_best,lon_api_best,api_coord_conf,distance_btwn_coords_meters,scooter,wheel_chair
2576,2014-05-25,233694,12:46:00,Pedestrian,1,NA,2,MANTON AVE,GREENWOOD ST,2014-05-25,"Two-Way, Divided, Unprotected (painted>4feet) Medium",Dry,Daylight,Clear,Not a Collision Between Two Motor Vehicles in Transport,No,Stop Signs,4,0,No Injury,2,41.82378,-71.45169,FALSE,FALSE,"Manton Ave and Greenwood Street, Providence, RI, USA",FALSE,-71.45181,41.8238806,intersection,geometric_center,"manton ave & greenwood st, providence, ri 02909, usa",NA,NA,NA,NA,41.8238806,-71.45181,Med High,14.98353074430016,TRUE,FALSE
2577,2014-05-23,233269,13:35:00,Pedestrian,1,NA,1,HAYWARD STREET,PORTLAND ST,2014-05-23,"Two-Way , Not Divided",Dry,Daylight,Cloudy,Other,"Yes, M/V and Driver Left Scene",No Controls,2,1,Complains Of Pain,NA,41.81359,-71.42049,FALSE,FALSE,"Hayward Street and Portland Street, Providence, RI, USA",FALSE,-71.4204254,41.8136836,intersection,geometric_center,"portland st & hayward st, providence, ri 02907, usa",NA,NA,NA,NA,41.8136836,-71.4204254,Med High,11.717211545443408,FALSE,FALSE
2578,2014-05-23,233285,13:30:00,Pedestrian,1,NA,1,BROADWAY,ATWELLS AVE,2014-05-23,"Two-Way , Not Divided",Dry,Daylight,Cloudy,Other,No,Traffic Control Signal,5,1,Complains Of Pain,NA,41.82248,-71.41856,FALSE,FALSE,"Broadway and Atwells Ave, Providence, RI, USA",FALSE,-71.4363598,41.8244829,route,geometric_center,"atwells ave, providence, ri, usa","Broadway & Atwells Ave, Providence, RI, USA",EitCcm9hZHdheSAmIEF0d2VsbHMgQXZlLCBQcm92aWRlbmNlLCBSSSwgVVNBImYiZAoUChIJTTRHew1F5IkRZCoShZCvLQ0SFAoSCU00R3sNReSJEWQqEoWQry0NGhQKEgmlteWGdUXkiREawjOx16RvsxoUChIJ7W1EBqJF5IkRRornUFgoCTQiCg3OmO0YFQVnbtU,41.8224334,-71.41849549999999,41.8224334,-71.41849549999999,Med,7.452533396941743,FALSE,FALSE
2579,2014-05-23,233382,13:00:00,Pedestrian,1,NA,1,186 FOUNTAIN STREET,EMPIRE STREET,2014-05-23,One-Way Trafficway,Dry,Daylight,Cloudy,Other,No,Traffic Control Signal,5,1,Non-Incapacitating,3,41.8358,-71.41573,TRUE,FALSE,"186 Fountain Street, Providence, RI, USA",FALSE,-71.41664229999999,41.82237970000001,subpremise,rooftop,"186 fountain st, providence, ri 02903, usa",NA,NA,NA,NA,41.82237970000001,-71.41664229999999,High,1495.856315436055,FALSE,FALSE
2580,2014-05-20,232705,07:56:00,Pedestrian,1,NA,1,PRAIRIE AVE,THURBERS AVE,2014-05-20,"Two-Way, Divided, Unprotected (painted>4feet) Medium",Dry,Daylight,Clear,Angle (Front - to - Side) Right Angle (Includes Broadside),No,No Controls,3,2,Incapacitating,NA,41.79855,-71.41183,FALSE,FALSE,"Prairie Ave and Thurbers Ave, Providence, RI, USA",FALSE,-71.41191049999999,41.7987434,intersection,geometric_center,"thurbers ave & prairie ave, providence, ri 02905, usa",NA,NA,NA,NA,41.7987434,-71.41191049999999,Med High,22.541856157264,FALSE,FALSE
2581,2014-05-20,232791,14:51:00,Pedestrian,1,NA,1,100 Atwells Ave,Enterprise Row,2014-05-20,"Two-Way , Not Divided",Dry,Daylight,Clear,Not a Collision Between Two Motor Vehicles in Transport,No,No Controls,6,1,Complains Of Pain,2,41.82318,-71.42099,TRUE,FALSE,"100 Atwells Ave, Providence, RI, USA",FALSE,-71.4212593,41.82277130000001,premise,rooftop,"the sister dominica manor, 100 atwells ave, providence, ri 02903, usa",NA,NA,NA,NA,41.82277130000001,-71.4212593,High,50.6852244721068,FALSE,FALSE
2582,2014-05-20,234136,19:05:00,Bicycle,NA,1,1,CHAMBERS ST,HUNTINGTON AVE,2014-05-27,"Two-Way , Not Divided",Dry,Daylight,Clear,Not a Collision Between Two Motor Vehicles in Transport,No,No Controls,2,1,Complains Of Pain,2,41.80234,-71.4339,FALSE,FALSE,"Chambers Street and Huntington Ave, Providence, RI, USA",FALSE,-71.4361117,41.8025522,route,geometric_center,"huntington ave, providence, ri, usa","Chambers Street & Huntington Ave, Providence, RI, USA",EjVDaGFtYmVycyBTdHJlZXQgJiBIdW50aW5ndG9uIEF2ZSwgUHJvdmlkZW5jZSwgUkksIFVTQSJmImQKFAoSCSs7-V5-T-SJEYQ-54cpSn-eEhQKEgkrO_lefk_kiRGEPueHKUp_nhoUChIJk0MxRn5P5IkRfxZMo3fC6QEaFAoSCSGUaQJ-T-SJEQaR7kPVcxtYIgoNWnXqGBX-AWzV,41.801865,-71.434189,41.801865,-71.434189,Med,58.061140273219586,FALSE,FALSE
2583,2014-05-15,231977,16:52:00,Pedestrian,2,NA,1,Fountain St,Sabin St,2014-05-15,One-Way Trafficway,Dry,Daylight,Cloudy,Not a Collision Between Two Motor Vehicles in Transport,No,No Controls,5,2,Complains Of Pain,1,41.82503,-71.4148,FALSE,FALSE,"Fountain Street and Sabin Street, Providence, RI, USA",FALSE,-71.4163184,41.8239955,route,geometric_center,"sabin st, providence, ri, usa",NA,NA,NA,NA,41.8239955,-71.4163184,Med,170.66687405912234,FALSE,FALSE
2584,2014-05-15,232707,09:52:00,Pedestrian,1,NA,1,Roger Williams Avenue,Elmwood Avenue,2014-05-20,"Two-Way , Not Divided",Dry,Daylight,Clear,Other,No,Traffic Control Signal,2,1,Non-Incapacitating,NA,41.80247,-71.40375,FALSE,FALSE,"Roger Williams Avenue and Elmwood Avenue, Providence, RI, USA",FALSE,-71.4209033,41.7885278,intersection,geometric_center,"roger williams ave & elmwood ave, providence, ri 02907, usa",NA,NA,NA,NA,41.7885278,-71.4209033,Med High,2106.042464702969,FALSE,FALSE
2585,2014-05-14,231754,14:47:00,Pedestrian,1,NA,1,S MAIN ST,COLLEGE ST,2014-05-14,One-Way Trafficway,Dry,Daylight,Clear,Not a Collision Between Two Motor Vehicles in Transport,No,Pavement Markings,4,1,Complains Of Pain,2,41.82625,-71.40831,FALSE,FALSE,"S Main Street and College Street, Providence, RI, USA",FALSE,-71.4078251,41.8256787,intersection,geometric_center,"s main st & college st, providence, ri 02903, usa",NA,NA,NA,NA,41.8256787,-71.4078251,Med High,75.24954979230041,FALSE,FALSE
2586,2014-05-14,232710,14:14:00,Bicycle,NA,NA,2,CANDACE ST,CHALKSTONE AVE,2014-05-15,One-Way Trafficway,Dry,Daylight,Clear,"Sidwswipe, Opposite Direction","Yes, M/V and Driver Left Scene",No Controls,3,0,No Injury,1,41.83596,-71.4226,FALSE,FALSE,"Candace Street and Chalkstone Ave, Providence, RI, USA",FALSE,-71.42263059999999,41.8360642,intersection,geometric_center,"candace st & chalkstone ave, providence, ri 02908, usa",NA,NA,NA,NA,41.8360642,-71.42263059999999,Med High,11.873893692767574,FALSE,FALSE
2587,2014-05-12,231321,15:51:00,Pedestrian,1,1,1,ELIZABETH ST,N MAIN ST,2014-05-12,One-Way Trafficway,Dry,Daylight,Clear,Not a Collision Between Two Motor Vehicles in Transport,NA,No Controls,2,2,Complains Of Pain,NA,41.82786,-71.40929,FALSE,FALSE,"Elizabeth Street and N Main Street, Providence, RI, USA",FALSE,-71.37025750000001,41.8264716,establishment,rooftop,"105 wilmarth ave, east providence, ri 02914, usa","Elizabeth Street & North Main Street, Providence, RI, USA",EjlFbGl6YWJldGggU3RyZWV0ICYgTm9ydGggTWFpbiBTdHJlZXQsIFByb3ZpZGVuY2UsIFJJLCBVU0EiZiJkChQKEgmvW2p2F0XkiRGatQxP9rB73hIUChIJr1tqdhdF5IkRmrUMT_awe94aFAoSCRmQ-nIXReSJESY5PG_thSzVGhQKEgn5-kE93kTkiRFf162-DVwjPyIKDfNt7hgVF85v1Q,41.8278899,-71.40930329999999,41.8278899,-71.40930329999999,Med,3.506525691661602,FALSE,FALSE
2588,2014-05-10,230866,00:45:00,Pedestrian,1,NA,1,ATWELLS AVE,BOND ST,2014-05-10,"Two-Way , Not Divided",Wet,Dark - Lighted,Cloudy,Not a Collision Between Two Motor Vehicles in Transport,"Yes, M/V and Driver Left Scene",No Controls,1,1,Complains Of Pain,NA,41.82333,-71.42318,FALSE,FALSE,"Atwells Ave and Bond Street, Providence, RI, USA",FALSE,-71.4231235,41.8233342,intersection,geometric_center,"bond st & atwells ave, providence, ri 02903, usa",NA,NA,NA,NA,41.8233342,-71.4231235,Med High,4.710263545365242,FALSE,FALSE
2589,2014-05-10,230939,13:43:00,Bicycle,NA,1,1,STAR ST,BENEFIT ST,2014-05-10,"Two-Way , Not Divided",Dry,Daylight,Clear,Not a Collision Between Two Motor Vehicles in Transport,"Yes, M/V and Driver Left Scene",Stop Signs,1,1,Complains Of Pain,2,41.83206,-71.40947,FALSE,FALSE,"Star Street and Benefit Street, Providence, RI, USA",FALSE,-71.40945970000001,41.8320889,intersection,geometric_center,"benefit st & star st, providence, ri 02904, usa",NA,NA,NA,NA,41.8320889,-71.40945970000001,Med High,3.328636775441692,FALSE,FALSE
2590,2014-05-10,230954,09:21:00,Pedestrian,1,NA,1,N MAIN ST,7TH ST,2014-05-10,Unknown,Dry,Daylight,Cloudy,Other,No,No Controls,5,1,Complains Of Pain,NA,41.85387,-71.40071,FALSE,FALSE,"N Main Street and 7th Street, Providence, RI, USA",FALSE,-71.3980641,41.8526572,route,geometric_center,"7th st, providence, ri 02906, usa","North Main Street & 7th Street, Providence, RI, USA",EjNOb3J0aCBNYWluIFN0cmVldCAmIDd0aCBTdHJlZXQsIFByb3ZpZGVuY2UsIFJJLCBVU0EiZiJkChQKEgkBX_oowUTkiRFs0OQsdn0PVxIUChIJAV_6KMFE5IkRbNDkLHZ9D1caFAoSCfn6QT3eROSJEV_Xrb4NXCM_GhQKEgmpxljvxkTkiRHimHB769eCliIKDVNa8hgV-Bdx1Q,41.8536019,-71.40085839999999,41.8536019,-71.40085839999999,Med,32.281841973691265,FALSE,FALSE
2591,2014-05-09,230897,14:13:00,Pedestrian,1,NA,1,VIRGINIA AVE,VERMONT AVE,2014-05-10,"Two-Way , Not Divided",Dry,Daylight,Cloudy,Not a Collision Between Two Motor Vehicles in Transport,No,No Controls,2,0,No Injury,NA,41.78826,-71.39899,FALSE,FALSE,"Virginia Ave and Vermont Ave, Providence, RI, USA",FALSE,-71.3973542,41.7885202,route,geometric_center,"vermont ave, providence, ri 02905, usa","Virginia Ave & Vermont Ave, Providence, RI, USA",Ei9WaXJnaW5pYSBBdmUgJiBWZXJtb250IEF2ZSwgUHJvdmlkZW5jZSwgUkksIFVTQSJmImQKFAoSCVvLGRnuT-SJER9DqdxZ8C_WEhQKEglbyxkZ7k_kiREfQ6ncWfAv1hoUChIJDZJNjfFP5IkRCwtVzQVwZ5kaFAoSCYGOkynuT-SJEfIqAdU5yIyEIgoNQGDoGBXTYHHV,41.7882176,-71.3989933,41.7882176,-71.3989933,Med,4.727887218324398,FALSE,FALSE
2592,2014-05-06,230204,07:06:00,Pedestrian,1,NA,1,HARTFORD AVENUE,KILLINGLY STREET,2014-05-06,"Two-Way , Not Divided",Dry,Daylight,Clear,Other,No,Traffic Control Signal,4,1,Complains Of Pain,2,41.83571,-71.41579,FALSE,FALSE,"Hartford Avenue and Killingly Street, Providence, RI, USA",FALSE,-71.46893519999999,41.8200273,intersection,geometric_center,"killingly st & hartford ave, providence, ri 02909, usa",NA,NA,NA,NA,41.8200273,-71.46893519999999,Med High,4741.485032197064,FALSE,FALSE
2593,2014-05-06,230225,09:51:00,Pedestrian,1,NA,1,HUNTINGTON AVENUE,NA,2014-05-06,"Two-Way , Not Divided",Dry,Daylight,Clear,Other,No,No Controls,4,1,Non-Incapacitating,2,41.83569,-71.4158,FALSE,TRUE,"Huntington Avenue, Providence, RI, USA",FALSE,-71.4361117,41.8025522,route,geometric_center,"huntington ave, providence, ri, usa",NA,NA,NA,NA,41.8025522,-71.4361117,Inaccurate,4055.5351429542607,FALSE,FALSE
2594,2014-05-06,230308,18:10:00,Bicycle,NA,1,1,HAROLD ST,REGENT AVE,2014-05-06,"Two-Way , Not Divided",Dry,Daylight,Clear,Not a Collision Between Two Motor Vehicles in Transport,No,Stop Signs,4,1,Complains Of Pain,2,41.8297,-71.4387,FALSE,FALSE,"Harold Street and Regent Ave, Providence, RI, USA",FALSE,-71.4387133,41.8297388,intersection,geometric_center,"harold st & regent ave, providence, ri 02908, usa",NA,NA,NA,NA,41.8297388,-71.4387133,Med High,4.457859419617784,FALSE,FALSE
2595,2014-05-03,229714,06:56:00,Bicycle,NA,1,1,PLAINFIELD STREET,SERVICE ROAD 1,2014-05-03,"Two-Way , Not Divided",Dry,Daylight,Clear,Other,No,Traffic Control Signal,3,1,Complains Of Pain,2,41.83583,-71.41601,FALSE,FALSE,"Plainfield Street and Service Road 1, Providence, RI, USA",FALSE,-71.4200451,41.8199608,route,geometric_center,"service rd 1, providence, ri, usa",NA,NA,NA,NA,41.8199608,-71.4200451,Med,1797.9807680296988,FALSE,FALSE
2596,2014-05-03,229731,11:23:00,Bicycle,NA,1,1,BRANCH AVENUE,WEST RIVER STREET,2014-05-03,"Two-Way , Not Divided",Dry,Daylight,Clear,Other,No,Traffic Control Signal,5,0,No Injury,2,41.83612,-71.42897,FALSE,FALSE,"Branch Avenue and West River Street, Providence, RI, USA",FALSE,-71.4126689,41.8468987,intersection,geometric_center,"w river st & branch ave, providence, ri 02904, usa",NA,NA,NA,NA,41.8468987,-71.4126689,Med High,1807.5696253982428,FALSE,FALSE
2597,2014-04-30,229453,21:54:00,Pedestrian,1,NA,1,POTTERS AVE,HAMILTON ST,2014-05-01,"Two-Way , Not Divided",Wet,Dark - Unknown Lighting,Rain,Not a Collision Between Two Motor Vehicles in Transport,"Yes, M/V and Driver Left Scene",Unknown,3,1,Complains Of Pain,NA,41.80188,-71.42265,FALSE,FALSE,"Potters Ave and Hamilton Street, Providence, RI, USA",FALSE,-71.4226249,41.8019071,intersection,geometric_center,"potters ave & hamilton st, providence, ri 02907, usa",NA,NA,NA,NA,41.8019071,-71.4226249,Med High,3.66595818519462,FALSE,FALSE
2598,2014-04-29,228898,07:36:00,Pedestrian,1,NA,1,780 CHALSTONE AVENUE,NA,2014-04-29,"Two-Way , Not Divided",Dry,Daylight,Clear,Other,No,Stop Signs,2,1,Complains Of Pain,2,41.83605,-71.41542,TRUE,TRUE,"780 Chalstone Avenue, Providence, RI, USA",FALSE,-71.4327558,41.8338414,street_address,range_interpolated,"780 chalkstone ave, providence, ri 02908, usa",NA,NA,NA,NA,41.8338414,-71.4327558,High,1458.7127103578716,FALSE,FALSE
2599,2014-04-25,228428,10:31:00,Other,NA,1,1,WOODARD ROAD,BRANCH AVENUE,2014-04-25,"Two-Way , Not Divided",Dry,Daylight,Clear,Other,No,Stop Signs,2,0,No Injury,2,41.83349,-71.41682,FALSE,FALSE,"Woodard Road and Branch Avenue, Providence, RI, USA",FALSE,-71.42806279999999,41.8534892,intersection,geometric_center,"woodward rd & branch ave, providence, ri 02904, usa",NA,NA,NA,NA,41.8534892,-71.42806279999999,Med High,2413.6514418388915,TRUE,FALSE
2600,2014-04-21,227963,15:56:00,Pedestrian,1,NA,1,FULTON ST,10 DORRANCE ST,2014-04-21,"Two-Way , Not Divided",Dry,Daylight,Clear,Other,No,No Controls,3,1,Complains Of Pain,NA,41.82413,-71.41236,FALSE,FALSE,"Fulton Street and 10 Dorrance Street, Providence, RI, USA",FALSE,-71.4118003,41.8239722,premise,rooftop,"10 dorrance st, providence, ri 02903, usa",NA,NA,NA,NA,41.8239722,-71.4118003,Med High,49.64172915480556,FALSE,FALSE
2601,2014-04-20,227839,17:48:00,Pedestrian,1,NA,1,221 MOUNT PLEASANT AVENUE,221 MOUNT PLEASANT AVENUE,2014-04-20,"Two-Way , Not Divided",Dry,Daylight,Clear,Angle (Front - to - Side) Right Angle (Includes Broadside),No,No Controls,2,1,Non-Incapacitating,NA,41.82485,-71.43178,TRUE,FALSE,"221 Mount Pleasant Avenue, Providence, RI, USA",FALSE,-71.4494172,41.8321039,street_address,rooftop,"221 mt pleasant ave, providence, ri 02908, usa",NA,NA,NA,NA,41.8321039,-71.4494172,High,1671.0467940850644,FALSE,FALSE
2602,2014-04-19,227685,14:30:00,Pedestrian,1,NA,1,COLLEGE ST,South Main ST,2014-04-19,"Two-Way , Not Divided",Dry,Daylight,Clear,Head-On (Front - to - Front),No,Traffic Control Signal,3,1,Complains Of Pain,NA,41.82563,-71.40787,FALSE,FALSE,"College Street and South Main Street, Providence, RI, USA",FALSE,-71.4037098,41.8208275,route,geometric_center,"s main st, providence, ri 02903, usa","College Street & South Main Street, Providence, RI, USA",EjdDb2xsZWdlIFN0cmVldCAmIFNvdXRoIE1haW4gU3RyZWV0LCBQcm92aWRlbmNlLCBSSSwgVVNBImYiZAoUChIJD1urSRZF5IkRzGbOghZosXsSFAoSCQ9bq0kWReSJEcxmzoIWaLF7GhQKEgnR5cstFkXkiRH1TvxbNfBkPhoUChIJxfz7Uz5F5IkRx3FZv-YChPQiCg2TF-4YFdUHcNU,41.8256787,-71.4078251,41.8256787,-71.4078251,Med,6.57742696718773,FALSE,FALSE
2603,2014-04-16,227103,12:12:00,Pedestrian,1,NA,1,11 SOUTH ANGELL STREET,ANGELL STREET,2014-04-16,One-Way Trafficway,Dry,Daylight,Clear,Other,No,Traffic Control Signal,3,1,Non-Incapacitating,2,41.83578,-71.4154,TRUE,FALSE,"11 South Angell Street, Providence, RI, USA",FALSE,-71.3876097,41.8297034,subpremise,rooftop,"11 s angell st, providence, ri 02906, usa",NA,NA,NA,NA,41.8297034,-71.3876097,High,2402.233889014604,FALSE,FALSE
2604,2014-04-16,227174,09:17:00,Pedestrian,1,NA,1,MAGNOLIA ST,HULDAH ST,2014-04-16,"Two-Way , Not Divided",Dry,Daylight,Clear,Not a Collision Between Two Motor Vehicles in Transport,"Yes, M/V and Driver Left Scene",No Controls,3,1,Complains Of Pain,NA,41.8135,-71.44539,FALSE,FALSE,"Magnolia Street and Huldah Street, Providence, RI, USA",FALSE,-71.445366,41.8135238,route,geometric_center,"huldah st, providence, ri 02909, usa","Magnolia Street & Huldah Street, Providence, RI, USA",EjRNYWdub2xpYSBTdHJlZXQgJiBIdWxkYWggU3RyZWV0LCBQcm92aWRlbmNlLCBSSSwgVVNBImYiZAoUChIJvezaUI5F5IkRSLu4j1N1nSQSFAoSCb3s2lCOReSJEUi7uI9TdZ0kGhQKEgmPFs9XjkXkiRGWhqtMiimdoxoUChIJCXErV45F5IkRR_TYFNCC4ckiCg3GPOwYFWRNatU,41.8135238,-71.44536599999999,41.8135238,-71.44536599999999,Med,3.3142713232873127,FALSE,FALSE
2605,2014-04-15,226896,07:29:00,Bicycle,NA,1,1,SORRENTO ST,WALDO ST,2014-04-15,"Two-Way , Not Divided",Wet,Daylight,Rain,Not a Collision Between Two Motor Vehicles in Transport,No,Stop Signs,4,1,Complains Of Pain,NA,41.80718,-71.43796,FALSE,FALSE,"Sorrento Street and Waldo Street, Providence, RI, USA",FALSE,-71.4379723,41.8071955,intersection,geometric_center,"sorrento st & waldo st, providence, ri 02909, usa",NA,NA,NA,NA,41.8071955,-71.4379723,Med High,2.0047036444199953,FALSE,FALSE
2606,2014-04-14,226829,15:47:00,Pedestrian,1,NA,1,DUDLEY STREET,PLAIN ST,2014-04-14,"Two-Way , Not Divided",Dry,Daylight,Clear,Not a Collision Between Two Motor Vehicles in Transport,No,Stop Signs,4,1,Complains Of Pain,NA,41.81022,-71.41121,FALSE,FALSE,"Dudley Street and Plain Street, Providence, RI, USA",FALSE,-71.4112111,41.8102339,intersection,geometric_center,"plain st & dudley st, providence, ri 02903, usa",NA,NA,NA,NA,41.8102339,-71.4112111,Med High,1.5500303704310852,FALSE,FALSE
2607,2014-04-13,226714,01:17:00,Pedestrian,1,NA,1,CORINA ST,FERNANDO ST,2014-04-13,"Two-Way , Not Divided",Dry,Dark - Lighted,Clear,Not a Collision Between Two Motor Vehicles in Transport,"Yes, M/V and Driver Left Scene",No Controls,2,1,Complains Of Pain,NA,41.84674,-71.42949,FALSE,FALSE,"Corina Street and Fernando Street, Providence, RI, USA",FALSE,-71.42913490000001,41.8469989,intersection,geometric_center,"fernando st & corina st, providence, ri 02908, usa",NA,NA,NA,NA,41.8469989,-71.42913490000001,Med High,41.203641861467744,FALSE,FALSE
2608,2014-04-10,226095,09:04:00,Bicycle,NA,1,1,ELMWOOD AVENUE,POTTERS AVENUE,2014-04-10,"Two-Way , Not Divided",Dry,Daylight,Clear,Other,No,Traffic Control Signal,3,0,No Injury,4,41.83618,-71.41545,FALSE,FALSE,"Elmwood Avenue and Potters Avenue, Providence, RI, USA",FALSE,-71.4263655,41.8015172,intersection,geometric_center,"potters ave & elmwood ave, providence, ri 02907, usa",NA,NA,NA,NA,41.8015172,-71.4263655,Med High,3963.48270669369,FALSE,FALSE
2609,2014-04-10,226191,15:42:00,Pedestrian,1,NA,1,10 GORDON AVE,NA,2014-04-10,"Two-Way , Not Divided",Dry,Daylight,Clear,Not a Collision Between Two Motor Vehicles in Transport,No,No Controls,3,1,Complains Of Pain,2,41.805,-71.41628,TRUE,TRUE,"10 Gordon Ave, Providence, RI, USA",FALSE,-71.4161827,41.8050142,premise,rooftop,"10 gordon ave, providence, ri 02905, usa",NA,NA,NA,NA,41.8050142,-71.4161827,High,8.227193586153135,FALSE,FALSE
2610,2014-04-09,225909,12:12:00,Bicycle,NA,1,1,BRANCH AVE,LANGDON ST,2014-04-09,"Two-Way , Not Divided",Dry,Daylight,Clear,Not a Collision Between Two Motor Vehicles in Transport,No,No Controls,3,0,No Injury,2,41.85221,-71.42447,FALSE,FALSE,"Branch Ave and Langdon Street, Providence, RI, USA",FALSE,-71.4244214,41.8521995,intersection,geometric_center,"langdon st & branch ave, providence, ri 02904, usa",NA,NA,NA,NA,41.8521995,-71.4244214,Med High,4.195923389373712,FALSE,FALSE
2611,2014-04-08,225796,18:27:00,Pedestrian,2,NA,1,HARTFORD AVE,HARTFORD AVE,2014-04-08,"Two-Way, Divided, Positive Median Barrier",Dry,Dawn,Clear,Head-On (Front - to - Front),No,No Controls,3,2,Complains Of Pain,NA,41.81765,-71.4538,FALSE,FALSE,"Hartford Ave and Hartford Ave, Providence, RI, USA",FALSE,-71.4587339,41.8185901,route,geometric_center,"hartford ave, providence, ri, usa","Hartford Ave Service Rd & Hartford Ave, Johnston, Providence, RI, USA",EkVIYXJ0Zm9yZCBBdmUgU2VydmljZSBSZCAmIEhhcnRmb3JkIEF2ZSwgSm9obnN0b24sIFByb3ZpZGVuY2UsIFJJLCBVU0EiZiJkChQKEgmP4Jty0EfkiRFZT82Cwq1hZxIUChIJj-CbctBH5IkRWU_NgsKtYWcaFAoSCUk2WRTQR-SJEffJJKBODzFaGhQKEgkvAx61JEbkiRGCwC0vu7gN1iIKDdap7hgVnoNc1Q,41.829423,-71.5357282,41.829423,-71.5357282,Med,6921.602524619518,FALSE,FALSE
2612,2014-04-08,226672,08:31:00,Pedestrian,1,NA,1,BROADWAY,BARTON ST,2014-04-13,"Two-Way , Not Divided",Wet,Daylight,Rain,Not a Collision Between Two Motor Vehicles in Transport,No,Person,6,0,No Injury,NA,41.81797,-71.43714,FALSE,FALSE,"Broadway and Barton Street, Providence, RI, USA",FALSE,-71.4368007,41.8169951,route,geometric_center,"barton st, providence, ri 02909, usa","Broadway & Barton Street, Providence, RI, USA",Ei1Ccm9hZHdheSAmIEJhcnRvbiBTdHJlZXQsIFByb3ZpZGVuY2UsIFJJLCBVU0EiZiJkChQKEgkNmJTrm0XkiRHslVr8d0NRVRIUChIJDZiU65tF5IkR7JVa_HdDUVUaFAoSCaW15YZ1ReSJERrCM7HXpG-zGhQKEglJVAebm0XkiRGSE0xz-e4zKyIKDdzr7BgVCpJr1Q,41.818006,-71.437055,41.818006,-71.437055,Med,8.111003701715553,FALSE,FALSE
2613,2014-04-07,225568,14:22:00,Bicycle,NA,1,1,1206 Broad St,CASS ST,2014-04-07,"Two-Way, Divided, Unprotected (painted>4feet) Medium",Dry,Daylight,Clear,Other,No,No Controls,2,1,Non-Incapacitating,NA,41.79309,-71.40832,TRUE,FALSE,"1206 Broad Street, Providence, RI, USA",FALSE,-71.4084113,41.7935059,premise,rooftop,"1206 broad st, providence, ri 02905, usa",NA,NA,NA,NA,41.7935059,-71.4084113,High,46.91376450756261,FALSE,FALSE
2614,2014-04-06,225509,14:44:00,Bicycle,NA,1,1,Power St,HOPE ST,2014-04-06,"Two-Way , Not Divided",Dry,Daylight,Clear,Angle (Front - to - Side) Right Angle (Includes Broadside),No,Stop Signs,2,0,No Injury,2,41.82318,-71.39702,FALSE,FALSE,"Power Street and Hope Street, Providence, RI, USA",FALSE,-71.3970049,41.82320250000001,intersection,geometric_center,"hope st & power st, providence, ri 02912, usa",NA,NA,NA,NA,41.82320250000001,-71.3970049,Med High,2.80045701277693,FALSE,FALSE
2615,2014-04-03,225231,15:25:00,Pedestrian,2,NA,1,Broad St,PEARL ST,2014-04-03,"Two-Way , Not Divided",Dry,Daylight,Clear,Not a Collision Between Two Motor Vehicles in Transport,No,Traffic Control Signal,8,1,Complains Of Pain,2,41.81474,-71.42096,FALSE,FALSE,"Broad Street and Pearl Street, Providence, RI, USA",FALSE,-71.4128343,41.8239891,locality,approximate,"providence, ri, usa","Broad Street & Pearl Street, Providence, RI, USA",EjBCcm9hZCBTdHJlZXQgJiBQZWFybCBTdHJlZXQsIFByb3ZpZGVuY2UsIFJJLCBVU0EiZiJkChQKEgk1O0-ncUXkiRHr2v1gzR_JJxIUChIJNTtPp3FF5IkR69r9YM0fyScaFAoSCYPefdWMT-SJESyiypOYSwijGhQKEgkNm4U0bkXkiRG6oe115UpVCiIKDYVt7BgVkQZu1Q,41.8147717,-71.4209647,41.8147717,-71.4209647,Med,3.550307409322138,FALSE,FALSE
2616,2014-04-03,225260,12:20:00,Bicycle,NA,1,1,ATWELLS AVE,DE PASQUALE AVE,2014-04-03,"Two-Way , Not Divided",Dry,Daylight,Clear,Not a Collision Between Two Motor Vehicles in Transport,No,No Controls,2,1,Complains Of Pain,NA,41.82359,-71.42685,FALSE,FALSE,"Atwells Ave and De Pasquale Ave, Providence, RI, USA",FALSE,-71.4270169,41.8235993,intersection,geometric_center,"de pasquale ave & atwells ave, providence, ri 02903, usa",NA,NA,NA,NA,41.8235993,-71.4270169,Med High,13.883915971754286,FALSE,FALSE
2617,2014-04-02,225118,15:13:00,Pedestrian,1,NA,1,LUBEC ST,SMITHFIELD RD,2014-04-02,"Two-Way , Not Divided",Dry,Daylight,Clear,Head-On (Front - to - Front),No,No Controls,2,1,Complains Of Pain,NA,41.85432,-71.44628,FALSE,FALSE,"Lubec Street and Smithfield Rd, Providence, RI, USA",FALSE,-71.4467775,41.8542478,intersection,geometric_center,"smithfield rd & lubec st, north providence, ri 02904, usa",NA,NA,NA,NA,41.8542478,-71.4467775,Med High,42.02624597205174,FALSE,FALSE
2618,2014-04-02,225123,14:47:00,Bicycle,NA,1,1,Allens Ave,ERNEST ST,2014-04-02,"Two-Way , Not Divided",Sand,Daylight,Clear,Not a Collision Between Two Motor Vehicles in Transport,No,Traffic Control Signal,3,1,Complains Of Pain,2,41.79561,-71.39819,FALSE,FALSE,"Allens Ave and Ernest Street, Providence, RI, USA",FALSE,-71.3979097,41.7948568,intersection,geometric_center,"allens ave & ernest st, providence, ri 02905, usa",NA,NA,NA,NA,41.7948568,-71.3979097,Med High,87.01309421198833,FALSE,FALSE