row_number,crash_date,crash_report_id,crash_time,collision_type,count_pedestrian,count_bicycle,number_of_vehicles,street_or_highway,nearest_intersection,report_date,type_of_roadway,road_surface_condition,light_condition,weather_condition,manner_of_impact,hit_and_run,traffic_control,person_count,injury_count,most_serious_injury,number_of_lanes,lat_raw,lon_raw,has_st_number,is_intersection_null,address_sent_to_geocoder,is_address_blank,lon_api_first_try,lat_api_first_try,type,loctype,address_returned_by_geocoder,address_returned_by_autocomplete,place_ids_autocompleted,lat_api_second_try,lon_api_second_try,lat_api_best,lon_api_best,api_coord_conf,distance_btwn_coords_meters,scooter,wheel_chair
2619,2014-04-01,224913,08:20:00,Pedestrian,1,NA,1,CANAL STREET,SMITH STREET,2014-04-01,"Two-Way , Not Divided",Dry,Daylight,Clear,Other,"Yes, M/V and Driver Left Scene",Traffic Control Signal,1,1,Non-Incapacitating,3,41.83741,-71.41499,FALSE,FALSE,"Canal Street and Smith Street, Providence, RI, USA",FALSE,-71.41132979999999,41.8314185,intersection,geometric_center,"canal st & smith st, providence, ri 02903, usa",NA,NA,NA,NA,41.8314185,-71.41132979999999,Med High,732.8111029570732,FALSE,FALSE
2620,2014-04-01,224931,09:31:00,Pedestrian,1,NA,1,100 BROAD STREET,NA,2014-04-01,"Two-Way , Not Divided",Dry,Daylight,Clear,Other,No,No Controls,3,1,Complains Of Pain,2,41.83052,-71.4179,TRUE,TRUE,"100 Broad Street, Providence, RI, USA",FALSE,-71.4150911,41.818123,street_address,rooftop,"100 broad st, providence, ri 02903, usa",NA,NA,NA,NA,41.818123,-71.4150911,High,1399.5608636773195,FALSE,FALSE
2621,2014-04-01,224933,12:37:00,Pedestrian,1,NA,1,FRANCIS STREET,MEMORIAL BLVD.,2014-04-01,"Two-Way , Not Divided",Dry,Daylight,Clear,Other,No,Traffic Control Signal,5,1,Complains Of Pain,4,41.82804,-71.41829,FALSE,FALSE,"Francis Street and Memorial Blvd., Providence, RI, USA",FALSE,-71.4134258,41.8263996,route,geometric_center,"memorial blvd, providence, ri 02903, usa","Francis Street & Memorial Blvd, Providence, RI, USA",EjNGcmFuY2lzIFN0cmVldCAmIE1lbW9yaWFsIEJsdmQsIFByb3ZpZGVuY2UsIFJJLCBVU0EiZiJkChQKEgkDtc6dEUXkiRFK7mftfMbegBIUChIJA7XOnRFF5IkRSu5n7XzG3oAaFAoSCeMKJVkQReSJEQnXa5JsDkKbGhQKEgn3LDO1FkXkiRGsznR5eOTavSIKDRwg7hgVW-Bu1Q,41.8258972,-71.4153893,41.8258972,-71.4153893,Med,338.8145321480837,FALSE,FALSE
2622,2014-03-21,223479,21:43:00,Pedestrian,1,NA,1,TUXEDO AVE,ATWELLS AVE,2014-03-22,"Two-Way , Not Divided",Dry,Dark - Lighted,Clear,Angle (Front - to - Side) Right Angle (Includes Broadside),No,No Controls,1,1,Complains Of Pain,NA,41.82448,-71.43863,FALSE,FALSE,"Tuxedo Ave and Atwells Ave, Providence, RI, USA",FALSE,-71.4386196,41.8245303,intersection,geometric_center,"atwells ave & tuxedo ave, providence, ri 02909, usa",NA,NA,NA,NA,41.8245303,-71.4386196,Med High,5.665442795749613,FALSE,FALSE
2623,2014-03-19,222876,08:07:00,Pedestrian,1,NA,1,BROAD STREET,MONTGOMERY AVENUE,2014-03-19,"Two-Way , Not Divided",Dry,Daylight,Clear,Other,No,Traffic Control Signal,2,1,Complains Of Pain,2,41.8347,-71.41607,FALSE,FALSE,"Broad Street and Montgomery Avenue, Providence, RI, USA",FALSE,-71.4016671,41.7858952,route,geometric_center,"montgomery ave, providence, ri 02905, usa","Broad Street & Montgomery Avenue, Providence, RI, USA",EjVCcm9hZCBTdHJlZXQgJiBNb250Z29tZXJ5IEF2ZW51ZSwgUHJvdmlkZW5jZSwgUkksIFVTQSJmImQKFAoSCQsHYjjsT-SJESntnIULwXi8EhQKEgkLB2I47E_kiREp7ZyFC8F4vBoUChIJg9591YxP5IkRLKLKk5hLCKMaFAoSCWcDHSnsT-SJEccYl47_C14AIgoNiAXoGBVh-HDV,41.7858952,-71.4016671,41.7858952,-71.4016671,Med,5562.806538449058,FALSE,FALSE
2624,2014-03-13,222041,07:59:00,Pedestrian,2,NA,1,EDDY ST,NEW YORK AVE,2014-03-13,"Two-Way , Not Divided",Ice/Frost,Daylight,Snow,Not a Collision Between Two Motor Vehicles in Transport,"Yes, M/V and Driver Left Scene",No Controls,3,2,Complains Of Pain,NA,41.7898,-71.40302,FALSE,FALSE,"Eddy Street and New York Ave, Providence, RI, USA",FALSE,-71.4030355,41.7898402,intersection,geometric_center,"eddy st & new york ave, providence, ri 02905, usa",NA,NA,NA,NA,41.7898402,-71.4030355,Med High,4.6562930060105305,FALSE,FALSE
2625,2014-03-06,220941,14:35:00,Bicycle,NA,1,1,UNION AVE,WHITEHALL ST,2014-03-06,"Two-Way, Divided, Unprotected (painted>4feet) Medium",Dry,Daylight,Clear,Angle (Front - to - Side) Right Angle (Includes Broadside),No,No Controls,4,1,Complains Of Pain,2,41.80778,-71.4439,FALSE,FALSE,"Union Ave and Whitehall Street, Providence, RI, USA",FALSE,-71.445114,41.8103179,route,geometric_center,"whitehall st, providence, ri, usa","Union Ave & Whitehall Street, Providence, RI, USA",EjFVbmlvbiBBdmUgJiBXaGl0ZWhhbGwgU3RyZWV0LCBQcm92aWRlbmNlLCBSSSwgVVNBImYiZAoUChIJ-VAjWohF5IkRu98HnY0tfOASFAoSCflQI1qIReSJEbvfB52NLXzgGhQKEgkjges4ikXkiRGe1Z8wsMWILxoUChIJ0XzJ2IhF5IkRe7M5a8Uv5H4iCg1gXesYFW6GatU,41.8078048,-71.4439058,41.8078048,-71.4439058,Med,2.8023570487791383,FALSE,FALSE
2626,2014-03-03,220501,13:07:00,Pedestrian,1,NA,1,BROAD ST,OXFORD ST,2014-03-03,"Two-Way , Not Divided",Dry,Daylight,Clear,Not a Collision Between Two Motor Vehicles in Transport,No,No Controls,5,1,Complains Of Pain,2,41.80043,-71.41742,FALSE,FALSE,"Broad Street and Oxford Street, Providence, RI, USA",FALSE,-71.4098094,41.8023702,route,geometric_center,"oxford st, providence, ri 02905, usa","Broad Street & Oxford Street, Providence, RI, USA",EjFCcm9hZCBTdHJlZXQgJiBPeGZvcmQgU3RyZWV0LCBQcm92aWRlbmNlLCBSSSwgVVNBImYiZAoUChIJh-FuDohP5IkRI2IsCmv-T0ESFAoSCYfhbg6IT-SJESNiLApr_k9BGhQKEgmD3n3VjE_kiREsosqTmEsIoxoUChIJGaMJqWFF5IkRUr1E8WrWZNciCg0WPuoYFfqPbtU,41.8004502,-71.417447,41.8004502,-71.417447,Med,3.1743916834567165,FALSE,FALSE
2627,2014-02-26,219699,14:26:00,Bicycle,NA,1,1,601 North Main St,N MAIN ST,2014-02-26,"Two-Way , Not Divided",Sand,Daylight,Clear,Not a Collision Between Two Motor Vehicles in Transport,No,No Controls,3,1,Complains Of Pain,2,41.83644,-71.40964,TRUE,FALSE,"601 North Main Street, Providence, RI, USA",FALSE,-71.40832139999999,41.83723930000001,subpremise,rooftop,"601 n main st, providence, ri 02904, usa",NA,NA,NA,NA,41.83723930000001,-71.40832139999999,High,140.98639940423598,FALSE,FALSE
2628,2014-02-26,219701,14:49:00,Pedestrian,1,NA,1,Broad St,FRICKER ST,2014-02-26,"Two-Way , Not Divided",Sand,Daylight,Clear,Not a Collision Between Two Motor Vehicles in Transport,No,No Controls,5,1,Complains Of Pain,2,41.8153,-71.42065,FALSE,FALSE,"Broad Street and Fricker Street, Providence, RI, USA",FALSE,-71.42173,41.8165575,route,geometric_center,"fricker st, providence, ri, usa","Broad Street & Fricker Street, Providence, RI, USA",EjJCcm9hZCBTdHJlZXQgJiBGcmlja2VyIFN0cmVldCwgUHJvdmlkZW5jZSwgUkksIFVTQSJmImQKFAoSCcsO7ptxReSJEe1RgLr0NWTvEhQKEgnLDu6bcUXkiRHtUYC69DVk7xoUChIJg9591YxP5IkRLKLKk5hLCKMaFAoSCaG8FtZzReSJESAHFPqNHvDOIgoNcoXsGBU0FG7V,41.8153842,-71.42061559999999,41.8153842,-71.42061559999999,Med,9.797986591175363,FALSE,FALSE
2629,2014-02-24,219317,01:22:00,Pedestrian,1,NA,1,ATWELLS AVE,DEAN ST,2014-02-24,"Two-Way , Not Divided",Dry,Dark - Lighted,Clear,Not a Collision Between Two Motor Vehicles in Transport,"Yes, M/V and Driver Left Scene",Traffic Control Signal,2,1,Incapacitating,NA,41.82337,-71.42391,FALSE,FALSE,"Atwells Ave and Dean Street, Providence, RI, USA",FALSE,-71.4242155,41.8234078,intersection,geometric_center,"atwells ave & dean st, providence, ri 02903, usa",NA,NA,NA,NA,41.8234078,-71.4242155,Med High,25.689927472162605,FALSE,FALSE
2630,2014-02-21,219089,19:11:00,Pedestrian,1,NA,1,450 CRANSTON ST,SUPERIOR ST,2014-02-21,"Two-Way , Not Divided",Wet,Dark - Lighted,Rain,Not a Collision Between Two Motor Vehicles in Transport,No,No Controls,2,1,Incapacitating,NA,41.81068,-71.43237,TRUE,FALSE,"450 Cranston Street, Providence, RI, USA",FALSE,-71.43228739999999,41.8105432,street_address,range_interpolated,"450 cranston st, providence, ri 02907, usa",NA,NA,NA,NA,41.8105432,-71.43228739999999,High,16.699640489083706,FALSE,FALSE
2631,2014-02-21,219110,14:45:00,Bicycle,NA,1,1,PARADE ST,HOLLYWOOD RD,2014-02-21,"Two-Way , Not Divided",Wet,Daylight,Rain,Not a Collision Between Two Motor Vehicles in Transport,No,Stop Signs,3,1,Complains Of Pain,NA,41.81577,-71.433090000000007,FALSE,FALSE,"Parade Street and Hollywood Rd, Providence, RI, USA",FALSE,-71.4330967,41.8157933,intersection,geometric_center,"hollywood rd & parade st, providence, ri 02909, usa",NA,NA,NA,NA,41.8157933,-71.4330967,Med High,2.65264006804772,FALSE,FALSE
2632,2014-02-21,219587,17:16:00,Bicycle,NA,1,1,Broad St,Saratoga St,2014-02-26,"Two-Way , Not Divided",Wet,Dusk,Rain,Not a Collision Between Two Motor Vehicles in Transport,No,No Controls,3,1,Complains Of Pain,NA,41.8041,-71.41926,FALSE,FALSE,"Broad Street and Saratoga Street, Providence, RI, USA",FALSE,-71.4146448,41.8051685,route,geometric_center,"saratoga st, providence, ri 02905, usa","Broad Street & Saratoga Street, Providence, RI, USA",EjNCcm9hZCBTdHJlZXQgJiBTYXJhdG9nYSBTdHJlZXQsIFByb3ZpZGVuY2UsIFJJLCBVU0EiZiJkChQKEgk9wSLffEXkiRGh07v6PhzK7hIUChIJPcEi33xF5IkRodO7-j4cyu4aFAoSCYPefdWMT-SJESyiypOYSwijGhQKEgl5kzdxY0XkiRGIVGzOCenbQiIKDZXN6hgVGklu1Q,41.8041237,-71.4192614,41.8041237,-71.4192614,Med,2.6408284574611685,FALSE,FALSE
2633,2014-02-12,217573,13:45:00,Pedestrian,1,NA,1,601 NORTH MAIN STREET,NA,2014-02-12,"Two-Way , Not Divided",Dry,Daylight,Clear,Unknown,"Yes, M/V and Driver Left Scene",No Controls,1,0,No Injury,4,41.83588,-71.416,TRUE,TRUE,"601 North Main Street, Providence, RI, USA",FALSE,-71.40832139999999,41.83723930000001,subpremise,rooftop,"601 n main st, providence, ri 02904, usa",NA,NA,NA,NA,41.83723930000001,-71.40832139999999,High,654.5823580499258,FALSE,FALSE
2634,2014-02-11,217274,15:25:00,Pedestrian,1,NA,1,MARIETTA ST,CHARLES ST,2014-02-11,"Two-Way , Not Divided",Dry,Daylight,Clear,"Sidwswipe, Opposite Direction","Yes, M/V and Driver Left Scene",No Controls,3,1,Complains Of Pain,2,41.85192,-71.41982,FALSE,FALSE,"Marietta Street and Charles Street, Providence, RI, USA",FALSE,-71.420204,41.8517803,intersection,geometric_center,"charles st & marietta st, providence, ri 02904, usa",NA,NA,NA,NA,41.8517803,-71.420204,Med High,35.43560955041598,FALSE,FALSE
2635,2014-02-08,216626,15:59:00,Pedestrian,1,NA,1,ACADEMY AVENUE,BELOMNT STREET,2014-02-08,"Two-Way , Not Divided",Dry,Daylight,Cloudy,Not a Collision Between Two Motor Vehicles in Transport,"Yes, M/V and Driver Left Scene",No Controls,1,1,Complains Of Pain,2,41.82545,-71.42914,FALSE,FALSE,"Academy Avenue and Belomnt Street, Providence, RI, USA",FALSE,-71.4445179,41.8322837,intersection,geometric_center,"academy ave & belmont ave, providence, ri 02908, usa",NA,NA,NA,NA,41.8322837,-71.4445179,Med High,1485.1915348464556,FALSE,FALSE
2636,2014-02-08,217146,18:23:00,Pedestrian,1,NA,1,1222 BROAD STREET,CASS STREET,2014-02-09,"Two-Way , Not Divided",Dry,Dark - Lighted,Clear,Not a Collision Between Two Motor Vehicles in Transport,"Yes, M/V and Driver Left Scene",No Controls,2,0,Unknown,NA,41.79299,-71.4082,TRUE,FALSE,"1222 Broad Street, Providence, RI, USA",FALSE,-71.407809,41.793124,street_address,rooftop,"1222 broad st, providence, ri 02905, usa",NA,NA,NA,NA,41.793124,-71.407809,High,35.71528490816396,FALSE,FALSE
2637,2014-02-07,216462,17:15:00,Bicycle,NA,1,1,BLACKSTONE ST,ALLENS AVE,2014-02-07,"Two-Way , Not Divided",Wet,Dark - Lighted,Clear,Not a Collision Between Two Motor Vehicles in Transport,No,No Controls,2,1,Complains Of Pain,2,41.8105,-71.4047,FALSE,FALSE,"Blackstone Street and Allens Ave, Providence, RI, USA",FALSE,-71.40470359999999,41.8105079,intersection,geometric_center,"allens ave & blackstone st, providence, ri 02903, usa",NA,NA,NA,NA,41.8105079,-71.40470359999999,Med High,0.9287672542843323,FALSE,FALSE
2638,2014-01-30,214760,15:29:00,Pedestrian,1,NA,1,Broad St,PEARL ST,2014-01-30,"Two-Way , Not Divided",Sand,Daylight,Clear,Not a Collision Between Two Motor Vehicles in Transport,No,Traffic Control Signal,3,1,Complains Of Pain,2,41.81475,-71.42095,FALSE,FALSE,"Broad Street and Pearl Street, Providence, RI, USA",FALSE,-71.4128343,41.8239891,locality,approximate,"providence, ri, usa","Broad Street & Pearl Street, Providence, RI, USA",EjBCcm9hZCBTdHJlZXQgJiBQZWFybCBTdHJlZXQsIFByb3ZpZGVuY2UsIFJJLCBVU0EiZiJkChQKEgk1O0-ncUXkiRHr2v1gzR_JJxIUChIJNTtPp3FF5IkR69r9YM0fyScaFAoSCYPefdWMT-SJESyiypOYSwijGhQKEgkNm4U0bkXkiRG6oe115UpVCiIKDYVt7BgVkQZu1Q,41.8147717,-71.4209647,41.8147717,-71.4209647,Med,2.7060560111306167,FALSE,FALSE
2639,2014-01-29,214498,18:21:00,Pedestrian,1,NA,1,FRANCIS ST,MEMORIAL BLVD,2014-01-29,"Two-Way, Divided, Positive Median Barrier",Dry,Dark - Lighted,Clear,Not a Collision Between Two Motor Vehicles in Transport,No,Traffic Control Signal,3,1,Complains Of Pain,NA,41.82586,-71.41533,FALSE,FALSE,"Francis Street and Memorial Blvd, Providence, RI, USA",FALSE,-71.4134258,41.8263996,route,geometric_center,"memorial blvd, providence, ri 02903, usa","Francis Street & Memorial Blvd, Providence, RI, USA",EjNGcmFuY2lzIFN0cmVldCAmIE1lbW9yaWFsIEJsdmQsIFByb3ZpZGVuY2UsIFJJLCBVU0EiZiJkChQKEgkDtc6dEUXkiRFK7mftfMbegBIUChIJA7XOnRFF5IkRSu5n7XzG3oAaFAoSCeMKJVkQReSJEQnXa5JsDkKbGhQKEgn3LDO1FkXkiRGsznR5eOTavSIKDRwg7hgVW-Bu1Q,41.8258972,-71.4153893,41.8258972,-71.4153893,Med,6.430082281529447,FALSE,FALSE
2640,2014-01-27,213977,14:41:00,Pedestrian,1,NA,1,250 Benefit St,COLLEGE ST,2014-01-27,"Two-Way , Not Divided",Sand,Daylight,Cloudy,Not a Collision Between Two Motor Vehicles in Transport,No,No Controls,2,1,Complains Of Pain,2,41.82571,-71.40664,TRUE,FALSE,"250 Benefit Street, Providence, RI, USA",FALSE,-71.4072983,41.8256994,premise,rooftop,"providence county courthouse, 250 benefit st, providence, ri 02903, usa",NA,NA,NA,NA,41.8256994,-71.4072983,High,54.620518118776054,FALSE,FALSE
2641,2014-01-21,212812,08:50:00,Bicycle,NA,1,1,PARK ROW E,CANAL ST,2014-01-21,One-Way Trafficway,Dry,Daylight,Cloudy,"Sideswipe, Same Direction","Yes, M/V and Driver Left Scene",No Controls,1,1,Non-Incapacitating,NA,41.82847,-71.41069,FALSE,FALSE,"Park Row E and Canal Street, Providence, RI, USA",FALSE,-71.4106907,41.8284695,intersection,geometric_center,"park row w & canal st, providence, ri 02903, usa",NA,NA,NA,NA,41.8284695,-71.4106907,Med High,0.0804330830517588,FALSE,FALSE
2642,2014-01-21,212846,10:30:00,Pedestrian,1,NA,1,FRIENDSHIP ST,DORRANCE ST,2014-01-21,One-Way Trafficway,Dry,Daylight,Clear,Not a Collision Between Two Motor Vehicles in Transport,No,No Controls,2,1,Non-Incapacitating,NA,41.822,-71.40946,FALSE,FALSE,"Friendship Street and Dorrance Street, Providence, RI, USA",FALSE,-71.40944019999999,41.8220269,intersection,geometric_center,"friendship st & dorrance st, providence, ri 02903, usa",NA,NA,NA,NA,41.8220269,-71.40944019999999,Med High,3.4154054275149006,FALSE,FALSE
2643,2014-01-18,212386,09:18:00,Pedestrian,1,NA,1,WASHINGTON PLACE,CANAL STREET,2014-01-18,One-Way Trafficway,Wet,Daylight,Rain,Other,No,No Controls,2,1,Non-Incapacitating,3,41.8371,-71.41609,FALSE,FALSE,"Washington Place and Canal Street, Providence, RI, USA",FALSE,-71.4128343,41.8239891,locality,approximate,"providence, ri, usa","Washington Place & Canal Walk, Providence, RI, USA",EjJXYXNoaW5ndG9uIFBsYWNlICYgQ2FuYWwgV2FsaywgUHJvdmlkZW5jZSwgUkksIFVTQSJmImQKFAoSCQO3VQEXReSJEaaslP5mwOZBEhQKEgkDt1UBF0XkiRGmrJT-ZsDmQRoUChIJlU-04xZF5IkR2aQ0TGVX_FUaFAoSCT_pRQAXReSJEdvUlIP6o_nAIgoNIz_uGBW8xW_V,41.8266915,-71.4095172,41.8266915,-71.4095172,Med,1280.520853643695,FALSE,FALSE
2644,2014-01-16,211999,17:19:00,Pedestrian,1,NA,1,PLAINFIELD STREET,LOWELL AVE,2014-01-16,"Two-Way, Divided, Unprotected (painted>4feet) Medium",Dry,Dark - Lighted,Clear,"Sidwswipe, Opposite Direction",No,Pavement Markings,2,1,Complains Of Pain,1,41.81265,-71.45897,FALSE,FALSE,"Plainfield Street and Lowell Ave, Providence, RI, USA",FALSE,-71.4589726,41.8126703,intersection,geometric_center,"lowell ave & plainfield st, providence, ri 02909, usa",NA,NA,NA,NA,41.8126703,-71.4589726,Med High,2.2700587636793,FALSE,FALSE
2645,2014-01-16,212296,22:26:00,Bicycle,NA,1,1,Atwells Ave,Cutler Ave,2014-01-17,"Two-Way , Not Divided",Dry,Dark - Lighted,Clear,Not a Collision Between Two Motor Vehicles in Transport,"Yes, M/V and Driver Left Scene",Stop Signs,1,1,Complains Of Pain,NA,41.82468,-71.44157,FALSE,FALSE,"Atwells Ave and Cutler Ave, Providence, RI, USA",FALSE,-71.4415532,41.82469529999999,intersection,geometric_center,"cutler st & atwells ave, providence, ri 02908, usa",NA,NA,NA,NA,41.82469529999999,-71.4415532,Med High,2.200692679519113,FALSE,FALSE
2646,2014-01-15,211755,13:32:00,Pedestrian,1,NA,1,North MAIN ST,Smith ST,2014-01-15,"Two-Way , Not Divided",Dry,Daylight,Clear,Other,No,Traffic Control Signal,5,1,Complains Of Pain,NA,41.83153,-71.41064,FALSE,FALSE,"North Main Street and Smith Street, Providence, RI, USA",FALSE,-71.4433053,41.8418141,route,geometric_center,"smith st, providence, ri, usa","North Main Street & Smith Street, Providence, RI, USA",EjVOb3J0aCBNYWluIFN0cmVldCAmIFNtaXRoIFN0cmVldCwgUHJvdmlkZW5jZSwgUkksIFVTQSJmImQKFAoSCS8d1QoZReSJEdRbsQ43I3PBEhQKEgkvHdUKGUXkiRHUW7EONyNzwRoUChIJ-fpBPd5E5IkRX9etvg1cIz8aFAoSCbWucExLROSJESG1ozC4jKuEIgoN4_zuGBVEmm_V,41.8315491,-71.41063,41.8315491,-71.41063,Med,2.2822633370411487,FALSE,FALSE
2647,2014-01-15,211802,16:15:00,Pedestrian,1,NA,1,Hartford Ave,LAUREL HILL AVE,2014-01-15,"Two-Way , Not Divided",Sand,Daylight,Clear,Not a Collision Between Two Motor Vehicles in Transport,"Yes, M/V and Driver Left Scene",No Controls,1,1,Complains Of Pain,2,41.81796,-71.4554,FALSE,FALSE,"Hartford Ave and Laurel Hill Ave, Providence, RI, USA",FALSE,-71.4553076,41.8179635,intersection,geometric_center,"laurel hill ave & hartford ave, providence, ri 02909, usa",NA,NA,NA,NA,41.8179635,-71.4553076,Med High,7.67565249935788,FALSE,FALSE
2648,2014-01-14,211568,17:11:00,Pedestrian,1,NA,1,Memorial blvd,COLLEGE ST,2014-01-14,"Two-Way , Not Divided",Wet,Dark - Lighted,Rain,Not a Collision Between Two Motor Vehicles in Transport,No,Traffic Control Signal,2,1,Complains Of Pain,4,41.8253,-71.40882,FALSE,FALSE,"Memorial Blvd and College Street, Providence, RI, USA",FALSE,-71.4088081,41.8253077,intersection,geometric_center,"memorial blvd & college st, providence, ri 02903, usa",NA,NA,NA,NA,41.8253077,-71.4088081,Med High,1.3073544342189873,FALSE,FALSE
2649,2014-01-14,211584,19:03:00,Pedestrian,1,NA,1,CRANSTON ST,BRIDGHAM ST,2014-01-14,"Two-Way , Not Divided",Wet,Dark - Lighted,Rain,Not a Collision Between Two Motor Vehicles in Transport,No,Traffic Control Signal,3,1,Complains Of Pain,NA,41.81396,-71.42694,FALSE,FALSE,"Cranston Street and Bridgham Street, Providence, RI, USA",FALSE,-71.426947,41.8139796,intersection,geometric_center,"cranston st & bridgham st, providence, ri 02907, usa",NA,NA,NA,NA,41.8139796,-71.426947,Med High,2.2578356769984347,FALSE,FALSE
2650,2014-01-13,211425,08:30:00,Pedestrian,1,NA,1,DORRANCE STREET,WESTMINISTER STREET,2014-01-13,"Two-Way , Not Divided",Dry,Daylight,Clear,Other,"Yes, M/V and Driver Left Scene",Traffic Control Signal,1,1,Complains Of Pain,2,41.8347,-71.41607,FALSE,FALSE,"Dorrance Street and Westminister Street, Providence, RI, USA",FALSE,-71.4116693,41.8236083,intersection,geometric_center,"westminster st & dorrance st, providence, ri 02903, usa",NA,NA,NA,NA,41.8236083,-71.4116693,Med High,1287.5505965947352,FALSE,FALSE
2651,2014-01-11,211112,10:05:00,Bicycle,NA,1,1,CHARLES ST,BRANCH AVE,2014-01-11,"Two-Way , Not Divided",Wet,Daylight,Clear,Angle - Direction Not Specified,No,Traffic Control Signal,4,0,No Injury,NA,41.85026,-71.41998,FALSE,FALSE,"Charles Street and Branch Ave, Providence, RI, USA",FALSE,-71.419991,41.8503047,intersection,geometric_center,"charles st & branch ave, providence, ri 02904, usa",NA,NA,NA,NA,41.8503047,-71.419991,Med High,5.058890141082714,FALSE,FALSE
2652,2014-01-11,211122,18:23:00,Pedestrian,1,NA,1,BROAD ST,CONGRESS AVE,2014-01-11,"Two-Way , Not Divided",Wet,Dark - Lighted,Rain,Not a Collision Between Two Motor Vehicles in Transport,No,No Controls,2,1,Complains Of Pain,NA,41.80105,-71.41806,FALSE,FALSE,"Broad Street and Congress Ave, Providence, RI, USA",FALSE,-71.4222346,41.7997464,route,geometric_center,"congress ave, providence, ri 02907, usa","Broad Street & Congress Ave, Providence, RI, USA",EjBCcm9hZCBTdHJlZXQgJiBDb25ncmVzcyBBdmUsIFByb3ZpZGVuY2UsIFJJLCBVU0EiZiJkChQKEgkTAl4HiE_kiRGOSqLtY4AGdxIUChIJEwJeB4hP5IkRjkqi7WOABncaFAoSCYPefdWMT-SJESyiypOYSwijGhQKEgnxtw0eh0_kiRFEhJ-gQKz1iyIKDeRU6hgV-Xhu1Q,41.801034,-71.41803589999999,41.801034,-71.41803589999999,Med,2.6780740453287804,FALSE,FALSE
2653,2014-01-09,210570,10:26:00,Pedestrian,1,NA,1,MOUNT PLEASANT AVE,CHALKSTONE AVE,2014-01-09,"Two-Way , Not Divided",Dry,Daylight,Clear,Other,"Yes, M/V and Driver Left Scene",Traffic Control Signal,5,1,Complains Of Pain,NA,41.83272,-71.44975,FALSE,FALSE,"Mount Pleasant Ave and Chalkstone Ave, Providence, RI, USA",FALSE,-71.4497544,41.83271,intersection,geometric_center,"mt pleasant ave & chalkstone ave, providence, ri 02908, usa",NA,NA,NA,NA,41.83271,-71.4497544,Med High,1.1714917177541428,FALSE,FALSE
2654,2014-01-09,210615,12:13:00,Pedestrian,1,NA,1,601 N MAIN ST,N MAIN ST,2014-01-09,"Two-Way , Not Divided",Dry,Daylight,Clear,Not a Collision Between Two Motor Vehicles in Transport,No,No Controls,2,0,No Injury,NA,41.83753,-71.4094,TRUE,FALSE,"601 N Main Street, Providence, RI, USA",FALSE,-71.40832139999999,41.83723930000001,subpremise,rooftop,"601 n main st, providence, ri 02904, usa",NA,NA,NA,NA,41.83723930000001,-71.40832139999999,High,95.12973863112393,FALSE,FALSE
2655,2014-01-08,210519,17:23:00,Pedestrian,1,NA,1,HOPE ST,GEORGE ST,2014-01-08,"Two-Way , Not Divided",Dry,Dark - Lighted,Clear,Not a Collision Between Two Motor Vehicles in Transport,No,Stop Signs,2,1,Complains Of Pain,2,41.82579,-71.39727,FALSE,FALSE,"Hope Street and George Street, Providence, RI, USA",FALSE,-71.3972697,41.8257801,intersection,geometric_center,"hope st & george st, providence, ri 02906, usa",NA,NA,NA,NA,41.8257801,-71.3972697,Med High,1.1023438967859456,FALSE,FALSE
2656,2013-12-30,208942,22:30:00,Bicycle,NA,1,1,Service Road 8 / EXIT (RT),ATWELLS AVE,2013-12-31,One-Way Trafficway,Dry,Dark - Lighted,Clear,Angle (Front - to - Side) Right Angle (Includes Broadside),No,Traffic Control Signal,6,1,Incapacitating,2,41.82312,-71.41948,FALSE,FALSE,"Service Road 8 / Exit (Rt) and Atwells Ave, Providence, RI, USA",FALSE,-71.4363598,41.8244829,route,geometric_center,"atwells ave, providence, ri, usa",NA,NA,NA,NA,41.8244829,-71.4363598,Med,1408.4620414607887,FALSE,FALSE
2657,2013-12-27,208453,19:07:00,Bicycle,NA,1,1,N MAIN ST,CEMETERY ST,2013-12-27,One-Way Trafficway,Dry,Dark - Lighted,Clear,Other,No,Stop Signs,2,1,Complains Of Pain,NA,41.84906,-71.40375,FALSE,FALSE,"N Main Street and Cemetery Street, Providence, RI, USA",FALSE,-71.4043938,41.851482,route,geometric_center,"cemetery st, providence, ri 02904, usa","North Main Street & Cemetery Street, Providence, RI, USA",EjhOb3J0aCBNYWluIFN0cmVldCAmIENlbWV0ZXJ5IFN0cmVldCwgUHJvdmlkZW5jZSwgUkksIFVTQSJmImQKFAoSCQXq4fjCROSJEWmmy9KX7dmWEhQKEgkF6uH4wkTkiRFppsvSl-3ZlhoUChIJ-fpBPd5E5IkRX9etvg1cIz8aFAoSCf3n8BbCROSJEatTgueuydGOIgoNAqnxGBX-pnDV,41.8490626,-71.4037506,41.8490626,-71.4037506,Med,0.2936758819498841,FALSE,FALSE
2658,2013-12-26,208341,20:07:00,Pedestrian,2,NA,1,1055 Westminster St,KNIGHT ST,2013-12-26,"Two-Way , Not Divided",Ice/Frost,Dark - Lighted,Clear,Not a Collision Between Two Motor Vehicles in Transport,"Yes, M/V and Driver Left Scene",No Controls,5,2,Incapacitating,2,41.81713,-71.42626,TRUE,FALSE,"1055 Westminster Street, Providence, RI, USA",FALSE,-71.4259811,41.817341,premise,rooftop,"1055 westminster st, providence, ri 02903, usa",NA,NA,NA,NA,41.817341,-71.4259811,High,32.97118478744094,FALSE,FALSE
2659,2013-12-23,208059,18:12:00,Pedestrian,1,NA,1,MEMORIAL BLVD,FRANCIS STREET,2013-12-23,"Two-Way, Divided, Positive Median Barrier",Wet,Dark - Lighted,Rain,Not a Collision Between Two Motor Vehicles in Transport,No,Traffic Control Signal,2,0,No Injury,NA,41.82577,-71.41524,FALSE,FALSE,"Memorial Blvd and Francis Street, Providence, RI, USA",FALSE,-71.4153098,41.8257791,intersection,geometric_center,"memorial blvd & francis st, providence, ri 02903, usa",NA,NA,NA,NA,41.8257791,-71.4153098,Med High,5.8780405968214176,FALSE,FALSE