row_number,crash_date,crash_report_id,crash_time,collision_type,count_pedestrian,count_bicycle,number_of_vehicles,street_or_highway,nearest_intersection,report_date,type_of_roadway,road_surface_condition,light_condition,weather_condition,manner_of_impact,hit_and_run,traffic_control,person_count,injury_count,most_serious_injury,number_of_lanes,lat_raw,lon_raw,has_st_number,is_intersection_null,address_sent_to_geocoder,is_address_blank,lon_api_first_try,lat_api_first_try,type,loctype,address_returned_by_geocoder,address_returned_by_autocomplete,place_ids_autocompleted,lat_api_second_try,lon_api_second_try,lat_api_best,lon_api_best,api_coord_conf,distance_btwn_coords_meters,scooter,wheel_chair
2841,2013-06-03,181653,13:49:00,Pedestrian,1,NA,1,HARTFORD AVE,HARTFORD AVE,2013-06-05,"Two-Way, Divided, Unprotected (painted>4feet) Medium",Dry,Daylight,Clear,"Sidwswipe, Opposite Direction",No,No Controls,2,0,No Injury,NA,41.81846,-71.45798,FALSE,FALSE,"Hartford Ave and Hartford Ave, Providence, RI, USA",FALSE,-71.4587339,41.8185901,route,geometric_center,"hartford ave, providence, ri, usa","Hartford Ave Service Rd & Hartford Ave, Johnston, Providence, RI, USA",EkVIYXJ0Zm9yZCBBdmUgU2VydmljZSBSZCAmIEhhcnRmb3JkIEF2ZSwgSm9obnN0b24sIFByb3ZpZGVuY2UsIFJJLCBVU0EiZiJkChQKEgmP4Jty0EfkiRFZT82Cwq1hZxIUChIJj-CbctBH5IkRWU_NgsKtYWcaFAoSCUk2WRTQR-SJEffJJKBODzFaGhQKEgkvAx61JEbkiRGCwC0vu7gN1iIKDdap7hgVnoNc1Q,41.829423,-71.5357282,41.829423,-71.5357282,Med,6564.047862710187,FALSE,FALSE
2842,2013-06-01,181201,12:46:00,Bicycle,NA,1,1,BYFIELD ST,BROAD ST,2013-06-02,"Two-Way , Not Divided",Dry,Daylight,Clear,Angle (Front - to - Side) Right Angle (Includes Broadside),No,Stop Signs,3,1,Non-Incapacitating,2,41.79439,-71.40993,FALSE,FALSE,"Byfield Street and Broad Street, Providence, RI, USA",FALSE,-71.4099112,41.794379,intersection,geometric_center,"byfield st & broad st, providence, ri 02905, usa",NA,NA,NA,NA,41.794379,-71.4099112,Med High,1.983403499254194,FALSE,FALSE
2843,2013-05-31,181003,17:18:00,Pedestrian,1,NA,1,Smith Street,River Avenue,2013-05-31,"Two-Way , Not Divided",Dry,Daylight,Clear,Unknown,No,No Controls,2,0,No Injury,NA,41.84063,-71.44055,FALSE,FALSE,"Smith Street and River Avenue, Providence, RI, USA",FALSE,-71.44058749999999,41.8406638,intersection,geometric_center,"river ave & smith st, providence, ri 02908, usa",NA,NA,NA,NA,41.8406638,-71.44058749999999,Med High,4.881521642005936,FALSE,FALSE
2844,2013-05-31,181047,16:34:00,Pedestrian,1,NA,1,160 Pine St,RICHMOND ST,2013-05-31,One-Way Trafficway,Other,Daylight,Clear,Not a Collision Between Two Motor Vehicles in Transport,No,Flashing Traffic Control Signal,10,2,Complains Of Pain,1,41.82051,-71.41189,TRUE,FALSE,"160 Pine Street, Providence, RI, USA",FALSE,-71.4117639,41.8204248,street_address,rooftop,"160 pine st, providence, ri 02903, usa",NA,NA,NA,NA,41.8204248,-71.4117639,High,14.120580276173985,FALSE,FALSE
2845,2013-05-30,180742,07:03:00,Pedestrian,1,NA,1,EDDY STREET,DUDLEY STREET,2013-05-30,"Two-Way , Not Divided",Dry,Daylight,Clear,Other,No,Traffic Control Signal,2,1,Complains Of Pain,2,41.82602,-71.41884,FALSE,FALSE,"Eddy Street and Dudley Street, Providence, RI, USA",FALSE,-71.4071917,41.8108122,intersection,geometric_center,"eddy st & dudley st, providence, ri 02905, usa",NA,NA,NA,NA,41.8108122,-71.4071917,Med High,1949.323158954494,FALSE,FALSE
2846,2013-05-30,180771,10:59:00,Pedestrian,1,NA,1,WASHINGTON STREET,GREENE STREET,2013-05-30,"Two-Way , Not Divided",Dry,Daylight,Clear,Other,No,No Controls,2,1,Non-Incapacitating,2,41.82762,-71.41844,FALSE,FALSE,"Washington Street and Greene Street, Providence, RI, USA",FALSE,-71.4168727,41.8210088,route,geometric_center,"greene st, providence, ri 02903, usa","Washington Street & Greene Street, Providence, RI, USA",EjZXYXNoaW5ndG9uIFN0cmVldCAmIEdyZWVuZSBTdHJlZXQsIFByb3ZpZGVuY2UsIFJJLCBVU0EiZiJkChQKEgm34he7EkXkiRGsc_jDIc_nwRIUChIJt-IXuxJF5IkRrHP4wyHP58EaFAoSCanazZwSReSJERoH0JajEjT2GhQKEgn9APC2EkXkiRFL2JV2CXi6tSIKDatr7RgVkphu1Q,41.8212779,-71.417227,41.8212779,-71.417227,Med,713.1340570843853,FALSE,FALSE
2847,2013-05-29,180709,17:27:00,Pedestrian,1,NA,1,WAYLAND AVE,S ANGELL ST,2013-05-29,"Two-Way , Not Divided",Dry,Daylight,Clear,Other,No,Traffic Control Signal,2,1,Complains Of Pain,2,41.83003,-71.38795,FALSE,FALSE,"Wayland Ave and S Angell Street, Providence, RI, USA",FALSE,-71.38795379999999,41.8300494,intersection,geometric_center,"wayland ave & s angell st, providence, ri 02906, usa",NA,NA,NA,NA,41.8300494,-71.38795379999999,Med High,2.1824789644756226,FALSE,FALSE
2848,2013-05-28,180549,04:18:00,Pedestrian,1,NA,1,BATH ST,W PARK ST,2013-05-28,"Two-Way , Not Divided",Dry,Dark - Lighted,Clear,Not a Collision Between Two Motor Vehicles in Transport,No,No Controls,4,1,Fatal,NA,41.83186,-71.4246,FALSE,FALSE,"Bath Street and W Park Street, Providence, RI, USA",FALSE,-71.4246869,41.8320131,intersection,geometric_center,"bath st & w park st, providence, ri 02908, usa",NA,NA,NA,NA,41.8320131,-71.4246869,Med High,18.50453976629822,FALSE,FALSE
2849,2013-05-26,180345,01:11:00,Bicycle,NA,1,1,SABIN ST,MATHEWSON ST,2013-05-27,One-Way Trafficway,Wet,Dark - Lighted,Cloudy,Angle (Front - to - Side) Right Angle (Includes Broadside),No,No Controls,2,1,Complains Of Pain,NA,41.82397,-71.4163,FALSE,FALSE,"Sabin Street and Mathewson Street, Providence, RI, USA",FALSE,-71.4142678,41.8226533,route,geometric_center,"mathewson st, providence, ri 02903, usa",NA,NA,NA,NA,41.8226533,-71.4142678,Med,223.39249908639513,FALSE,FALSE
2850,2013-05-22,179747,19:48:00,Bicycle,NA,1,1,11 Sackett St,NA,2013-05-22,"Two-Way , Not Divided",Dry,Dusk,Clear,Not a Collision Between Two Motor Vehicles in Transport,No,No Controls,2,1,Complains Of Pain,NA,41.79594,-71.41283,TRUE,TRUE,"11 Sackett Street, Providence, RI, USA",FALSE,-71.4129971,41.7960386,street_address,rooftop,"11 sackett st, providence, ri 02907, usa",NA,NA,NA,NA,41.7960386,-71.4129971,High,17.685912952816345,FALSE,FALSE
2851,2013-05-20,179494,17:30:00,Bicycle,NA,1,1,Somerset,NA,2013-05-20,"Two-Way , Not Divided",Dry,Daylight,Clear,Not a Collision Between Two Motor Vehicles in Transport,No,No Controls,3,1,Complains Of Pain,NA,41.81255,-71.41833,FALSE,TRUE,"Somerset, Providence, RI, USA",FALSE,-71.4189293,41.8120584,route,geometric_center,"somerset st, providence, ri, usa",NA,NA,NA,NA,41.8120584,-71.4189293,Inaccurate,73.94093085266012,FALSE,FALSE
2852,2013-05-19,179425,20:52:00,Bicycle,NA,1,1,A ST,PERKINS ST,2013-05-19,"Two-Way , Not Divided",Wet,Dark - Lighted,Rain,Not a Collision Between Two Motor Vehicles in Transport,"Yes, M/V and Driver Left Scene",No Controls,4,1,Complains Of Pain,2,41.81459,-71.42379,FALSE,FALSE,"A Street and Perkins Street, Providence, RI, USA",FALSE,-71.4221804,41.8155693,route,geometric_center,"perkins st, providence, ri 02907, usa","A Street & Perkins Street, Providence, RI, USA",Ei5BIFN0cmVldCAmIFBlcmtpbnMgU3RyZWV0LCBQcm92aWRlbmNlLCBSSSwgVVNBImYiZAoUChIJBd0rKnFF5IkRMQJGvqQ75LsSFAoSCQXdKypxReSJETECRr6kO-S7GhQKEgmfisgrcUXkiRG8N4VriIPn-hoUChIJOS51PHFF5IkRbg3yVfYPWrEiCg1OYuwYFd2dbdU,41.8144846,-71.4236451,41.8144846,-71.4236451,Med,16.79857674436805,FALSE,FALSE
2853,2013-05-18,179281,09:49:00,Bicycle,NA,1,1,550 Hartford ave,HARTFORD AVE,2013-05-18,"Two-Way , Not Divided",Dry,Daylight,Clear,Head-On (Front - to - Front),"Yes, M/V and Driver Left Scene",No Controls,2,1,Complains Of Pain,NA,41.81913,-71.4627,TRUE,FALSE,"550 Hartford Ave, Providence, RI, USA",FALSE,-71.4621452,41.8181477,premise,rooftop,"550 hartford ave, providence, ri 02909, usa",NA,NA,NA,NA,41.8181477,-71.4621452,High,118.64122670073488,FALSE,FALSE
2854,2013-05-18,179364,19:39:00,Pedestrian,2,NA,1,AUDREY ST,BOWDOIN ST,2013-05-18,"Two-Way , Not Divided",Dry,Daylight,Clear,Head-On (Front - to - Front),"Yes, M/V and Driver Left Scene",No Controls,2,2,Complains Of Pain,NA,41.82033,-71.44318,FALSE,FALSE,"Audrey Street and Bowdoin Street, Providence, RI, USA",FALSE,-71.4434359,41.820457,intersection,geometric_center,"bowdoin st & audrey st, providence, ri 02909, usa",NA,NA,NA,NA,41.820457,-71.4434359,Med High,25.506014288815873,FALSE,FALSE
2855,2013-05-17,179246,11:57:00,Bicycle,NA,1,1,153 BROAD STREET,CLAVERICK STREET,2013-05-17,"Two-Way , Not Divided",Dry,Daylight,Clear,Other,No,No Controls,2,1,Complains Of Pain,2,41.82955,-71.41802,TRUE,FALSE,"153 Broad Street, Providence, RI, USA",FALSE,-71.4167938,41.8174696,street_address,range_interpolated,"153 broad st, providence, ri 02903, usa",NA,NA,NA,NA,41.8174696,-71.4167938,High,1348.6255681106566,FALSE,FALSE
2856,2013-05-16,179105,16:25:00,Bicycle,NA,1,1,Governor Street,ANGELL ST,2013-05-16,One-Way Trafficway,Dry,Daylight,Clear,Not a Collision Between Two Motor Vehicles in Transport,No,No Controls,3,1,Complains Of Pain,1,41.82835,-71.39391,FALSE,FALSE,"Governor Street and Angell Street, Providence, RI, USA",FALSE,-71.393911,41.8290246,intersection,geometric_center,"governor st & angell st, providence, ri 02906, usa",NA,NA,NA,NA,41.8290246,-71.393911,Med High,75.09617429972646,FALSE,FALSE
2857,2013-05-15,179030,21:46:00,Bicycle,NA,1,1,KILLINGLY ST,DUXBURY ST,2013-05-15,"Two-Way, Divided, Positive Median Barrier",Dry,Dark - Lighted,Cloudy,Head-On (Front - to - Front),No,No Controls,2,1,Complains Of Pain,NA,41.81381,-71.46094,FALSE,FALSE,"Killingly Street and Duxbury Street, Providence, RI, USA",FALSE,-71.4608763,41.8138145,intersection,geometric_center,"killingly st & duxbury st, providence, ri 02909, usa",NA,NA,NA,NA,41.8138145,-71.4608763,Med High,5.308756455615179,FALSE,FALSE
2858,2013-05-15,179032,23:08:00,Pedestrian,1,NA,1,Dorrance St,Westminster St,2013-05-16,"Two-Way, Divided, Unprotected (painted>4feet) Medium",Dry,Dark - Lighted,Clear,Not a Collision Between Two Motor Vehicles in Transport,"Yes, M/V and Driver Left Scene",Traffic Control Signal,2,1,Complains Of Pain,NA,41.82361,-71.41167,FALSE,FALSE,"Dorrance Street and Westminster Street, Providence, RI, USA",FALSE,-71.4116693,41.8236083,intersection,geometric_center,"westminster st & dorrance st, providence, ri 02903, usa",NA,NA,NA,NA,41.8236083,-71.4116693,Med High,0.1979518866131529,FALSE,FALSE
2859,2013-05-14,178826,11:04:00,Pedestrian,1,NA,1,MANTON AVE,GREENWOOD ST,2013-05-14,"Two-Way , Not Divided",Dry,Daylight,Clear,Not a Collision Between Two Motor Vehicles in Transport,No,No Controls,2,1,Complains Of Pain,NA,41.82377,-71.45168,FALSE,FALSE,"Manton Ave and Greenwood Street, Providence, RI, USA",FALSE,-71.45181,41.8238806,intersection,geometric_center,"manton ave & greenwood st, providence, ri 02909, usa",NA,NA,NA,NA,41.8238806,-71.45181,Med High,16.367103154927065,FALSE,FALSE
2860,2013-05-14,178875,16:45:00,Bicycle,NA,1,1,35 Hollis St,PARADE ST,2013-05-14,"Two-Way , Not Divided",Dry,Daylight,Cloudy,Not a Collision Between Two Motor Vehicles in Transport,No,No Controls,5,1,Complains Of Pain,2,41.81071,-71.43095,TRUE,FALSE,"35 Hollis Street, Providence, RI, USA",FALSE,-71.431209,41.8109338,premise,rooftop,"35 hollis st, providence, ri 02907, usa",NA,NA,NA,NA,41.8109338,-71.431209,High,32.90109128693296,FALSE,FALSE
2861,2013-05-09,178267,10:29:00,Pedestrian,1,NA,1,HAWTHORNE ST,BUCKLIN ST,2013-05-09,"Two-Way , Not Divided",Wet,Daylight,Cloudy,Not a Collision Between Two Motor Vehicles in Transport,No,No Controls,2,1,Complains Of Pain,NA,41.80097,-71.42778,FALSE,FALSE,"Hawthorne Street and Bucklin Street, Providence, RI, USA",FALSE,-71.4277045,41.8035437,route,geometric_center,"bucklin st, providence, ri 02907, usa","Hawthorne Street & Bucklin Street, Providence, RI, USA",EjZIYXd0aG9ybmUgU3RyZWV0ICYgQnVja2xpbiBTdHJlZXQsIFByb3ZpZGVuY2UsIFJJLCBVU0EiZiJkChQKEgm34RNOgE_kiREkAntf55WMBhIUChIJt-ETToBP5IkRJAJ7X-eVjAYaFAoSCRkJjlGAT-SJEaG242pb1vv4GhQKEgm15Kfaf0XkiRFsHk5-ys5MQSIKDaBS6hgVWPxs1Q,41.800976,-71.42778,41.800976,-71.42778,Med,0.6679169445681254,FALSE,FALSE
2862,2013-05-09,178332,15:37:00,Pedestrian,1,NA,1,PRUDENCE AVE,NA,2013-05-09,"Two-Way , Not Divided",Dry,Daylight,Clear,Not a Collision Between Two Motor Vehicles in Transport,No,No Controls,2,1,Complains Of Pain,NA,41.80626,-71.45955,FALSE,TRUE,"Prudence Ave, Providence, RI, USA",FALSE,-71.4607274,41.8067587,route,geometric_center,"prudence ave, providence, ri 02909, usa",NA,NA,NA,NA,41.8067587,-71.4607274,Inaccurate,112.36894088849206,FALSE,FALSE
2863,2013-05-05,177913,17:52:00,Pedestrian,1,NA,1,98/ 100 Rosedale St,ELLERY ST,2013-05-05,"Two-Way , Not Divided",Dry,Daylight,Clear,Not a Collision Between Two Motor Vehicles in Transport,No,No Controls,7,1,Fatal,2,41.81055,-71.43911,TRUE,FALSE,"98/ 100 Rosedale Street, Providence, RI, USA",FALSE,-71.4390447,41.8104132,street_address,rooftop,"98 rosedale st, providence, ri 02909, usa",NA,NA,NA,NA,41.8104132,-71.4390447,High,16.163638577372843,FALSE,FALSE
2864,2013-05-04,177797,18:35:00,Bicycle,NA,NA,2,WILLIAMS ST,BROOK ST,2013-05-04,"Two-Way , Not Divided",Dry,Daylight,Clear,Not a Collision Between Two Motor Vehicles in Transport,No,Stop Signs,3,2,Non-Incapacitating,NA,41.82245,-71.39859,FALSE,FALSE,"Williams Street and Brook Street, Providence, RI, USA",FALSE,-71.3989869,41.825126,route,geometric_center,"brook st, providence, ri, usa","Williams Street & Brook Street, Providence, RI, USA",EjNXaWxsaWFtcyBTdHJlZXQgJiBCcm9vayBTdHJlZXQsIFByb3ZpZGVuY2UsIFJJLCBVU0EiZiJkChQKEglDtn3eO0XkiRGjnWxp6ydaBhIUChIJQ7Z93jtF5IkRo51saesnWgYaFAoSCc8VZi06ReSJEdbRK1lrMSoLGhQKEgmbZn1yO0XkiRF1hochEHgAaCIKDeWZ7RgVg3Bx1Q,41.8224613,-71.3985917,41.8224613,-71.3985917,Med,1.26579095196663,FALSE,FALSE
2865,2013-05-03,177669,15:32:00,Pedestrian,1,NA,1,CHARLESFIELD ST,HOPE ST,2013-05-03,"Two-Way , Not Divided",Dry,Daylight,Clear,Not a Collision Between Two Motor Vehicles in Transport,"Yes, M/V and Driver Left Scene",Traffic Control Signal,1,1,Complains Of Pain,NA,41.82414,-71.3972,FALSE,FALSE,"Charlesfield Street and Hope Street, Providence, RI, USA",FALSE,-71.39718309999999,41.8241348,intersection,geometric_center,"hope st & charlesfield st, providence, ri 02912, usa",NA,NA,NA,NA,41.8241348,-71.39718309999999,Med High,1.5167408042862152,FALSE,FALSE
2866,2013-05-03,177718,20:31:00,Bicycle,NA,1,1,Washington St,Greene St,2013-05-04,"Two-Way , Not Divided",Dry,Dark - Lighted,Clear,Not a Collision Between Two Motor Vehicles in Transport,"Yes, M/V and Driver Left Scene",Traffic Control Signal,2,1,Complains Of Pain,NA,41.82126,-71.4172,FALSE,FALSE,"Washington Street and Greene Street, Providence, RI, USA",FALSE,-71.4168727,41.8210088,route,geometric_center,"greene st, providence, ri 02903, usa","Washington Street & Greene Street, Providence, RI, USA",EjZXYXNoaW5ndG9uIFN0cmVldCAmIEdyZWVuZSBTdHJlZXQsIFByb3ZpZGVuY2UsIFJJLCBVU0EiZiJkChQKEgm34he7EkXkiRGsc_jDIc_nwRIUChIJt-IXuxJF5IkRrHP4wyHP58EaFAoSCanazZwSReSJERoH0JajEjT2GhQKEgn9APC2EkXkiRFL2JV2CXi6tSIKDatr7RgVkphu1Q,41.8212779,-71.417227,41.8212779,-71.417227,Med,2.9979301723737284,FALSE,FALSE
2867,2013-05-01,177367,10:36:00,Pedestrian,1,NA,1,1473 broad st,BROAD ST,2013-05-01,"Two-Way, Divided, Positive Median Barrier",Dry,Daylight,Clear,Not a Collision Between Two Motor Vehicles in Transport,No,No Controls,2,1,Complains Of Pain,1,41.78732,-71.40273,TRUE,FALSE,"1473 Broad Street, Providence, RI, USA",FALSE,-71.402941,41.7871376,premise,rooftop,"1473 broad st, providence, ri 02905, usa",NA,NA,NA,NA,41.7871376,-71.402941,High,26.814246441952893,FALSE,FALSE
2868,2013-04-30,177281,09:31:00,Pedestrian,1,NA,1,PLAINFIELD STREET,ELDER PL,2013-04-30,"Two-Way, Divided, Unprotected (painted>4feet) Medium",Dry,Daylight,Clear,Not a Collision Between Two Motor Vehicles in Transport,"Yes, M/V and Driver Left Scene",Person,3,1,Complains Of Pain,NA,41.81293,-71.4574,FALSE,FALSE,"Plainfield Street and Elder Pl, Providence, RI, USA",FALSE,-71.45681069999999,41.8130438,intersection,geometric_center,"plainfield st & elder pl, providence, ri 02909, usa",NA,NA,NA,NA,41.8130438,-71.45681069999999,Med High,50.50822024771565,FALSE,FALSE
2869,2013-04-30,177345,23:31:00,Pedestrian,1,NA,1,DORRANCE STREET,WASHINGTON ST,2013-05-01,One-Way Trafficway,Dry,Dark - Lighted,Clear,Not a Collision Between Two Motor Vehicles in Transport,No,Traffic Control Signal,3,1,Incapacitating,NA,41.82458,-71.41297,FALSE,FALSE,"Dorrance Street and Washington Street, Providence, RI, USA",FALSE,-71.41277699999999,41.8244607,intersection,geometric_center,"washington st & dorrance st, providence, ri 02903, usa",NA,NA,NA,NA,41.8244607,-71.41277699999999,Med High,20.801321196970413,FALSE,FALSE
2870,2013-04-28,177006,14:53:00,Bicycle,NA,1,1,WATERMAN ST,HENDERSON BRIDGE,2013-04-28,One-Way Trafficway,Dry,Daylight,Clear,"Sideswipe, Same Direction",No,No Controls,4,1,Complains Of Pain,NA,41.82759,-71.38289,FALSE,FALSE,"Waterman Street and Henderson Bridge, Providence, RI, USA",FALSE,-71.3827639,41.8276052,intersection,geometric_center,"waterman st & henderson bridge, providence, ri 02906, usa",NA,NA,NA,NA,41.8276052,-71.3827639,Med High,10.596000947729449,FALSE,FALSE
2871,2013-04-28,177674,21:37:00,Pedestrian,1,NA,1,44 WARREN ST,FULLER ST,2013-05-03,"Two-Way , Not Divided",Dry,Dark - Lighted,Cloudy,"Sideswipe, Same Direction","Yes, M/V and Driver Left Scene",No Controls,2,1,Complains Of Pain,NA,41.81081,-71.42593,TRUE,FALSE,"44 Warren Street, Providence, RI, USA",FALSE,-71.4269111,41.8107374,premise,rooftop,"44 warren st, providence, ri 02907, usa",NA,NA,NA,NA,41.8107374,-71.4269111,High,81.80408087427269,FALSE,FALSE
2872,2013-04-27,176807,23:39:00,Pedestrian,1,NA,1,338 Manton Ave,AMHERST ST,2013-04-27,"Two-Way , Not Divided",Dry,Dark - Lighted,Clear,Not a Collision Between Two Motor Vehicles in Transport,No,No Controls,3,1,Complains Of Pain,2,41.82336,-71.45111,TRUE,FALSE,"338 Manton Ave, Providence, RI, USA",FALSE,-71.4512225,41.8232639,street_address,rooftop,"338 manton ave, providence, ri 02909, usa",NA,NA,NA,NA,41.8232639,-71.4512225,High,14.196446277467675,FALSE,FALSE
2873,2013-04-24,176607,18:09:00,Pedestrian,1,NA,1,plain st,BORDEN ST,2013-04-24,"Two-Way , Not Divided",Dry,Daylight,Clear,Not a Collision Between Two Motor Vehicles in Transport,"Yes, M/V and Driver Left Scene",Stop Signs,1,1,Complains Of Pain,2,41.81334,-71.41232,FALSE,FALSE,"Plain Street and Borden Street, Providence, RI, USA",FALSE,-71.4122769,41.8132938,intersection,geometric_center,"borden st & plain st, providence, ri 02903, usa",NA,NA,NA,NA,41.8132938,-71.4122769,Med High,6.263983285698831,FALSE,FALSE
2874,2013-04-24,176613,18:45:00,Bicycle,NA,1,1,160 JULIAN STREET,AMHERST ST,2013-04-24,"Two-Way , Not Divided",Dry,Daylight,Clear,Angle - Direction Not Specified,No,No Controls,2,1,Complains Of Pain,2,41.82379,-71.44476,TRUE,FALSE,"160 Julian Street, Providence, RI, USA",FALSE,-71.44486429999999,41.8237963,street_address,rooftop,"160 julian st, providence, ri 02909, usa",NA,NA,NA,NA,41.8237963,-71.44486429999999,High,8.680602442739827,FALSE,FALSE
2875,2013-04-22,176372,08:04:00,Pedestrian,1,NA,1,CUTLER STREET,ATWELLS AVENUE,2013-04-22,"Two-Way , Not Divided",Dry,Daylight,Clear,Other,"Yes, M/V and Driver Left Scene",No Controls,1,1,Complains Of Pain,2,41.82435,-71.41963,FALSE,FALSE,"Cutler Street and Atwells Avenue, Providence, RI, USA",FALSE,-71.4415532,41.82469529999999,intersection,geometric_center,"cutler st & atwells ave, providence, ri 02908, usa",NA,NA,NA,NA,41.82469529999999,-71.4415532,Med High,1819.0286586962509,FALSE,FALSE
2876,2013-04-22,176392,11:30:00,Bicycle,NA,1,1,1500 BROAD STREET,NA,2013-04-22,"Two-Way , Not Divided",Dry,Daylight,Clear,Head-On (Front - to - Front),No,No Controls,4,1,Non-Incapacitating,2,41.83116,-71.41751,TRUE,TRUE,"1500 Broad Street, Providence, RI, USA",FALSE,-71.4017784,41.7865493,premise,rooftop,"1500 broad st, providence, ri 02905, usa",NA,NA,NA,NA,41.7865493,-71.4017784,High,5134.727189549102,FALSE,FALSE
2877,2013-04-20,176125,02:10:00,Pedestrian,2,NA,1,548 Atwells Ave,EAGLE ST,2013-04-20,"Two-Way , Not Divided",Wet,Dark - Lighted,Rain,Not a Collision Between Two Motor Vehicles in Transport,No,No Controls,4,2,Complains Of Pain,NA,41.82439,-71.43469,TRUE,FALSE,"548 Atwells Ave, Providence, RI, USA",FALSE,-71.43540949999999,41.82404880000001,premise,geometric_center,"548 atwells ave, providence, ri 02909, usa",NA,NA,NA,NA,41.82404880000001,-71.43540949999999,High,70.74638046845895,FALSE,FALSE
2878,2013-04-19,176091,18:09:00,Pedestrian,1,NA,1,N MAIN ST,N MAIN ST,2013-04-19,"Two-Way, Divided, Positive Median Barrier",Wet,Dusk,Cloudy,Head-On (Front - to - Front),No,No Controls,2,1,Complains Of Pain,NA,41.8434,-71.40715,FALSE,FALSE,"N Main Street and N Main Street, Providence, RI, USA",FALSE,-71.2873641,41.7371398,route,geometric_center,"n main st, rhode island, usa",NA,NA,NA,NA,41.7371398,-71.2873641,Med,15452.046945573251,FALSE,FALSE
2879,2013-04-18,176056,23:29:00,Bicycle,NA,1,1,COLLEGE ST,WESTMINSTER ST,2013-04-19,"Two-Way , Not Divided",Dry,Dark - Lighted,Cloudy,Not a Collision Between Two Motor Vehicles in Transport,No,Traffic Control Signal,5,1,Incapacitating,2,41.8253,-71.40888,FALSE,FALSE,"College Street and Westminster Street, Providence, RI, USA",FALSE,-71.4257801,41.8171825,route,geometric_center,"westminster st, providence, ri, usa","College Street & Westminster Street, Providence, RI, USA",EjhDb2xsZWdlIFN0cmVldCAmIFdlc3RtaW5zdGVyIFN0cmVldCwgUHJvdmlkZW5jZSwgUkksIFVTQSJmImQKFAoSCUV3k14WReSJET5l5hZnxlyjEhQKEglFd5NeFkXkiRE-ZeYWZ8ZcoxoUChIJ0eXLLRZF5IkR9U78WzXwZD4aFAoSCf17EuZ0ReSJEcWGNOX-huwAIgoNFQnuGBVv4W_V,41.8253077,-71.4088081,41.8253077,-71.4088081,Med,6.025615642534212,FALSE,FALSE
2880,2013-04-16,175739,10:32:00,Bicycle,NA,1,1,BENEVOLENT ST,BROOK ST,2013-04-16,"Two-Way , Not Divided",Dry,Daylight,Clear,Angle (Front - to - Side) Right Angle (Includes Broadside),No,Stop Signs,3,1,Complains Of Pain,NA,41.8249,-71.39897,FALSE,FALSE,"Benevolent Street and Brook Street, Providence, RI, USA",FALSE,-71.39895160000002,41.8248965,intersection,geometric_center,"benevolent st & brook st, providence, ri 02906, usa",NA,NA,NA,NA,41.8248965,-71.39895160000002,Med High,1.5752917344780915,FALSE,FALSE
2881,2013-04-16,175782,14:18:00,Bicycle,NA,1,1,VALLEY ST,EAGLE ST,2013-04-16,"Two-Way , Not Divided",Dry,Daylight,Clear,Other,No,Flashing Traffic Control Signal,3,1,Complains Of Pain,NA,41.82741,-71.4364,FALSE,FALSE,"Valley Street and Eagle Street, Providence, RI, USA",FALSE,-71.4364099,41.8274251,intersection,geometric_center,"valley st & eagle st, providence, ri 02908, usa",NA,NA,NA,NA,41.8274251,-71.4364099,Med High,1.870799885975158,FALSE,FALSE
2882,2013-04-15,175589,06:46:00,Pedestrian,1,NA,1,WESTMINISTER STREET,SERVICE ROAD # 3,2013-04-15,"Two-Way , Not Divided",Dry,Daylight,Clear,Other,"Yes, M/V and Driver Left Scene",No Controls,1,1,Complains Of Pain,2,41.82477,-71.41987,FALSE,FALSE,"Westminister Street and Service Road # 3, Providence, RI, USA",FALSE,-71.44060990000001,41.816332,intersection,geometric_center,"service rd & westminster st, providence, ri 02909, usa",NA,NA,NA,NA,41.816332,-71.44060990000001,Med High,1960.272870780332,FALSE,FALSE
2883,2013-04-15,175845,17:40:00,Pedestrian,1,NA,1,RAYMOND STREET,CHALKSTONE AVENUE,2013-04-15,"Two-Way , Not Divided",Dry,Daylight,Clear,Not a Collision Between Two Motor Vehicles in Transport,No,Traffic Control Signal,2,1,Non-Incapacitating,2,41.82609,-71.42328,FALSE,FALSE,"Raymond Street and Chalkstone Avenue, Providence, RI, USA",FALSE,-71.4417437,41.8322912,route,geometric_center,"chalkstone ave, providence, ri, usa","Raymond Street & Chalkstone Avenue, Providence, RI, USA",EjdSYXltb25kIFN0cmVldCAmIENoYWxrc3RvbmUgQXZlbnVlLCBQcm92aWRlbmNlLCBSSSwgVVNBImYiZAoUChIJp43aKKhF5IkRAO9FcVWHqsQSFAoSCaeN2iioReSJEQDvRXFVh6rEGhQKEglNsK7xB0XkiRFE20j-Blhv0RoUChIJdzMxm69F5IkRFM5IhAG4zqsiCg2OZO8YFeqbbNU,41.834203,-71.4302486,41.834203,-71.4302486,Med,1072.270869118929,FALSE,FALSE