row_number,crash_date,crash_report_id,crash_time,collision_type,count_pedestrian,count_bicycle,number_of_vehicles,street_or_highway,nearest_intersection,report_date,type_of_roadway,road_surface_condition,light_condition,weather_condition,manner_of_impact,hit_and_run,traffic_control,person_count,injury_count,most_serious_injury,number_of_lanes,lat_raw,lon_raw,has_st_number,is_intersection_null,address_sent_to_geocoder,is_address_blank,lon_api_first_try,lat_api_first_try,type,loctype,address_returned_by_geocoder,address_returned_by_autocomplete,place_ids_autocompleted,lat_api_second_try,lon_api_second_try,lat_api_best,lon_api_best,api_coord_conf,distance_btwn_coords_meters,scooter,wheel_chair
2929,2013-02-03,167689,00:51:00,Pedestrian,1,NA,1,BROAD ST,SERVICE ROAD 7,2013-02-03,One-Way Trafficway,Dry,Dark - Lighted,Clear,Not a Collision Between Two Motor Vehicles in Transport,"Yes, M/V and Driver Left Scene",No Controls,1,1,Incapacitating,NA,41.81736,-71.41696,FALSE,FALSE,"Broad Street and Service Road 7, Providence, RI, USA",FALSE,-71.4200451,41.8199608,route,geometric_center,"service rd 1, providence, ri, usa","Broad Street & Service Road 7th, Providence, RI, USA",EjRCcm9hZCBTdHJlZXQgJiBTZXJ2aWNlIFJvYWQgN3RoLCBQcm92aWRlbmNlLCBSSSwgVVNBImYiZAoUChIJbbRukG1F5IkRg0XEjUgVvRgSFAoSCW20bpBtReSJEYNFxI1IFb0YGhQKEgmD3n3VjE_kiREsosqTmEsIoxoUChIJB3h0QnZF5IkRyxFdBkwhBUwiCg0k0-wYFUejbtU,41.8173732,-71.4169529,41.8173732,-71.4169529,Med,1.583084453358004,FALSE,FALSE
2930,2013-02-02,167619,19:00:00,Pedestrian,1,NA,1,CHALKSTONE AVENUE,BILTMORE AVENUE,2013-02-02,"Two-Way , Not Divided",Dry,Dark - Lighted,Clear,Not a Collision Between Two Motor Vehicles in Transport,No,No Controls,3,1,Complains Of Pain,2,41.8217,-71.45485,FALSE,FALSE,"Chalkstone Avenue and Biltmore Avenue, Providence, RI, USA",FALSE,-71.4378466,41.8328452,intersection,geometric_center,"chalkstone ave & biltmore ave, providence, ri 02908, usa",NA,NA,NA,NA,41.8328452,-71.4378466,Med High,1878.4656055925454,FALSE,FALSE
2931,2013-01-30,167471,21:25:00,Pedestrian,1,NA,1,Washington St.,Exchange St.,2013-01-30,One-Way Trafficway,Wet,Dark - Lighted,Cloudy,Not a Collision Between Two Motor Vehicles in Transport,No,Flashing Traffic Control Signal,3,1,Complains Of Pain,2,41.82565,-71.41111,FALSE,FALSE,"Washington St. and Exchange St., Providence, RI, USA",FALSE,-71.4118704,41.8265115,route,geometric_center,"exchange st, providence, ri 02903, usa","Washington St & Exchange St, Providence, RI, USA",EjBXYXNoaW5ndG9uIFN0ICYgRXhjaGFuZ2UgU3QsIFByb3ZpZGVuY2UsIFJJLCBVU0EiZiJkChQKEgl_Eq7GFkXkiRFuTEBUOY40ohIUChIJfxKuxhZF5IkRbkxAVDmONKIaFAoSCanazZwSReSJERoH0JajEjT2GhQKEgnRUp_XFkXkiREXSs7Pp9GNDiIKDWcZ7hgVVYpv1Q,41.8257255,-71.4110379,41.8257255,-71.4110379,Med,10.31546095146224,FALSE,FALSE
2932,2013-01-30,167581,12:53:00,Bicycle,1,NA,1,ATWOOD ST,PLAINFIELD ST,2013-02-02,One-Way Trafficway,Dry,Daylight,Clear,Not a Collision Between Two Motor Vehicles in Transport,No,Traffic Control Signal,3,0,No Injury,NA,41.81596,-71.44507,FALSE,FALSE,"Atwood Street and Plainfield Street, Providence, RI, USA",FALSE,-71.44504909999999,41.8159764,intersection,geometric_center,"atwood st & plainfield st, providence, ri 02909, usa",NA,NA,NA,NA,41.8159764,-71.44504909999999,Med High,2.5178623002670872,FALSE,FALSE
2933,2013-01-28,167091,12:43:00,Pedestrian,1,NA,1,356 SMITH STREET,NA,2013-01-28,"Two-Way , Not Divided",Dry,Daylight,Clear,Other,No,No Controls,2,1,Complains Of Pain,2,41.82678,-71.41875,TRUE,TRUE,"356 Smith Street, Providence, RI, USA",FALSE,-71.42363929999999,41.8342601,premise,rooftop,"356 smith st, providence, ri 02908, usa",NA,NA,NA,NA,41.8342601,-71.42363929999999,High,926.1903030803416,FALSE,FALSE
2934,2013-01-28,167092,18:32:00,Pedestrian,1,NA,1,FRANCIS ST,MEMORIAL BLVD,2013-01-28,"Two-Way , Not Divided",Dry,Dark - Lighted,Rain,Not a Collision Between Two Motor Vehicles in Transport,"Yes, M/V and Driver Left Scene",No Controls,1,0,No Injury,NA,41.82691,-71.41548,FALSE,FALSE,"Francis Street and Memorial Blvd, Providence, RI, USA",FALSE,-71.4134258,41.8263996,route,geometric_center,"memorial blvd, providence, ri 02903, usa","Francis Street & Memorial Blvd, Providence, RI, USA",EjNGcmFuY2lzIFN0cmVldCAmIE1lbW9yaWFsIEJsdmQsIFByb3ZpZGVuY2UsIFJJLCBVU0EiZiJkChQKEgkDtc6dEUXkiRFK7mftfMbegBIUChIJA7XOnRFF5IkRSu5n7XzG3oAaFAoSCeMKJVkQReSJEQnXa5JsDkKbGhQKEgn3LDO1FkXkiRGsznR5eOTavSIKDRwg7hgVW-Bu1Q,41.8258972,-71.4153893,41.8258972,-71.4153893,Med,112.9951405171741,FALSE,FALSE
2935,2013-01-27,166959,19:14:00,Pedestrian,1,NA,1,CHALKSTONE AVE,RUGGLES ST,2013-01-27,"Two-Way , Not Divided",Dry,Dark - Lighted,Clear,Head-On (Front - to - Front),"Yes, M/V and Driver Left Scene",No Controls,2,1,Complains Of Pain,2,41.83461,-71.42819,FALSE,FALSE,"Chalkstone Ave and Ruggles Street, Providence, RI, USA",FALSE,-71.42813550000001,41.834637,intersection,geometric_center,"chalkstone ave & ruggles st, providence, ri 02908, usa",NA,NA,NA,NA,41.834637,-71.42813550000001,Med High,5.428336579853826,FALSE,FALSE
2936,2013-01-25,166932,22:58:00,Pedestrian,1,NA,1,WESTMINSTER ST,MEMORIAL BLVD,2013-01-27,"Two-Way , Not Divided",Wet,Dark - Lighted,Cloudy,Not a Collision Between Two Motor Vehicles in Transport,No,Traffic Control Signal,3,1,Complains Of Pain,NA,41.82529,-71.40898,FALSE,FALSE,"Westminster Street and Memorial Blvd, Providence, RI, USA",FALSE,-71.4088081,41.8253077,intersection,geometric_center,"memorial blvd & westminster st, providence, ri 02903, usa",NA,NA,NA,NA,41.8253077,-71.4088081,Med High,14.395146782042232,FALSE,FALSE
2937,2013-01-23,166548,14:46:00,Pedestrian,1,NA,1,LENOX AVE,NIAGARA ST,2013-01-23,"Two-Way , Not Divided",Dry,Daylight,Clear,Other,"Yes, M/V and Driver Left Scene",No Controls,1,1,Complains Of Pain,2,41.79732,-71.41794,FALSE,FALSE,"Lenox Ave and Niagara Street, Providence, RI, USA",FALSE,-71.41793059999999,41.7973363,intersection,geometric_center,"lenox ave & niagara st, providence, ri 02907, usa",NA,NA,NA,NA,41.7973363,-71.41793059999999,Med High,1.9750938637303053,FALSE,FALSE
2938,2013-01-22,166276,10:11:00,Pedestrian,1,NA,1,425 DEXTER ST,WALDO ST,2013-01-22,"Two-Way , Not Divided",Slush,Daylight,Clear,Not a Collision Between Two Motor Vehicles in Transport,"Yes, M/V and Driver Left Scene",No Controls,1,1,Complains Of Pain,NA,41.80458,-71.42994,TRUE,FALSE,"425 Dexter Street, Providence, RI, USA",FALSE,-71.4301943,41.8050009,premise,rooftop,"425 dexter st, providence, ri 02907, usa",NA,NA,NA,NA,41.8050009,-71.4301943,High,51.38693210462301,FALSE,FALSE
2939,2013-01-20,166079,04:42:00,Pedestrian,1,NA,1,EDDY ST,VERMONT AVE,2013-01-20,"Two-Way , Not Divided",Dry,Dark - Lighted,Clear,Not a Collision Between Two Motor Vehicles in Transport,"Yes, M/V and Driver Left Scene",Stop Signs,2,1,Complains Of Pain,NA,41.78756,-71.40242,FALSE,FALSE,"Eddy Street and Vermont Ave, Providence, RI, USA",FALSE,-71.4024104,41.7875793,intersection,geometric_center,"vermont ave & eddy st, providence, ri 02905, usa",NA,NA,NA,NA,41.7875793,-71.4024104,Med High,2.2914688139058015,FALSE,FALSE
2940,2013-01-19,166047,18:16:00,Bicycle,NA,1,1,IVES ST,PRESTON ST,2013-01-19,"Two-Way , Not Divided",Dry,Dark - Lighted,Clear,Angle - Direction Not Specified,No,No Controls,4,1,Complains Of Pain,NA,41.82438,-71.39242,FALSE,FALSE,"Ives Street and Preston Street, Providence, RI, USA",FALSE,-71.39236389999999,41.8243449,intersection,geometric_center,"ives st & preston st, providence, ri 02906, usa",NA,NA,NA,NA,41.8243449,-71.39236389999999,Med High,6.076548678820301,FALSE,FALSE
2941,2013-01-19,166075,22:02:00,Pedestrian,1,NA,1,Empire St.,Westminster St.,2013-01-19,"Two-Way , Not Divided",Dry,Dark - Lighted,Clear,Not a Collision Between Two Motor Vehicles in Transport,No,Traffic Control Signal,5,1,Complains Of Pain,3,41.82092,-71.41525,FALSE,FALSE,"Empire St. and Westminster St., Providence, RI, USA",FALSE,-71.41532459999999,41.82098879999999,intersection,geometric_center,"empire st & westminster st, providence, ri 02903, usa",NA,NA,NA,NA,41.82098879999999,-71.41532459999999,Med High,9.846690984247019,FALSE,FALSE
2942,2013-01-13,165282,14:56:00,Bicycle,NA,1,1,CUMERFORD ST,DORA ST,2013-01-13,"Two-Way , Not Divided",Dry,Daylight,Clear,Not a Collision Between Two Motor Vehicles in Transport,No,Stop Signs,4,1,Complains Of Pain,2,41.80928,-71.44364,FALSE,FALSE,"Cumerford Street and Dora Street, Providence, RI, USA",FALSE,-71.443642,41.809284,intersection,geometric_center,"dora st & cumerford st, providence, ri 02909, usa",NA,NA,NA,NA,41.809284,-71.443642,Med High,0.47519595365701806,FALSE,FALSE
2943,2013-01-12,165201,07:38:00,Pedestrian,1,NA,1,FRANCIS STREET,GASPEE STREET,2013-01-12,"Two-Way, Divided, Positive Median Barrier",Wet,Daylight,Rain,Head-On (Front - to - Front),No,Traffic Control Signal,3,1,Complains Of Pain,4,41.82678,-71.41875,FALSE,FALSE,"Francis Street and Gaspee Street, Providence, RI, USA",FALSE,-71.413218,41.8298918,route,geometric_center,"gaspee st, providence, ri 02903, usa",NA,NA,NA,NA,41.8298918,-71.413218,Med,574.9456433644589,FALSE,FALSE
2944,2013-01-12,165286,22:57:00,Pedestrian,1,NA,1,Parade St.,CHAPIN AVE,2013-01-13,"Two-Way , Not Divided",Wet,Dark - Lighted,"Sleet, Hail (Freezing Rain or Drizzle)",Not a Collision Between Two Motor Vehicles in Transport,No,Stop Signs,2,1,Complains Of Pain,2,41.81192,-71.43118,FALSE,FALSE,"Parade St. and Chapin Ave, Providence, RI, USA",FALSE,-71.4311711,41.8119296,intersection,geometric_center,"chapin ave & parade st, providence, ri 02909, usa",NA,NA,NA,NA,41.8119296,-71.4311711,Med High,1.2989765607837622,FALSE,FALSE
2945,2013-01-10,165885,10:41:00,Pedestrian,1,NA,1,FRANCIS ST,AMERICAN EXPRESS PLZ,2013-01-17,"Two-Way, Divided, Unprotected (painted>4feet) Medium",Dry,Dark - Lighted,Clear,Other,No,Traffic Control Signal,3,1,Complains Of Pain,NA,41.82745,-71.41541,FALSE,FALSE,"Francis Street and American Express Plz, Providence, RI, USA",FALSE,-71.4128343,41.8239891,locality,approximate,"providence, ri, usa",NA,NA,NA,NA,41.8239891,-71.4128343,Med,440.5459489815115,FALSE,FALSE
2946,2013-01-08,164684,11:35:00,Pedestrian,1,NA,1,1075 CHALKSTONE AVE,GENEVA ST,2013-01-08,Unknown,Dry,Daylight,Clear,Other,No,No Controls,2,1,Complains Of Pain,NA,41.83228,-71.44072,TRUE,FALSE,"1075 Chalkstone Ave, Providence, RI, USA",FALSE,-71.4435246,41.8324241,street_address,rooftop,"1075 chalkstone ave, providence, ri 02908, usa",NA,NA,NA,NA,41.8324241,-71.4435246,High,233.1774405542161,FALSE,FALSE
2947,2013-01-08,164685,13:17:00,Pedestrian,1,NA,1,617 HARTFORD AVE,KING PHILIP ST,2013-01-08,Unknown,Dry,Daylight,Clear,Other,No,No Controls,3,1,Complains Of Pain,NA,41.81954,-71.46551,TRUE,FALSE,"617 Hartford Ave, Providence, RI, USA",FALSE,-71.4652789,41.8197116,street_address,rooftop,"617 hartford ave, providence, ri 02909, usa",NA,NA,NA,NA,41.8197116,-71.4652789,High,27.064285905403732,FALSE,FALSE
2948,2013-01-07,164565,18:25:00,Pedestrian,1,NA,1,MANTON AVE,CHALKSTONE AVE,2013-01-07,"Two-Way , Not Divided",Dry,Dark - Lighted,Clear,Not a Collision Between Two Motor Vehicles in Transport,"Yes, M/V and Driver Left Scene",No Controls,1,1,Complains Of Pain,2,41.83391,-71.46733,FALSE,FALSE,"Manton Ave and Chalkstone Ave, Providence, RI, USA",FALSE,-71.4669005,41.8339433,intersection,geometric_center,"chalkstone ave & manton ave, providence, ri 02909, usa",NA,NA,NA,NA,41.8339433,-71.4669005,Med High,35.81596430831038,FALSE,FALSE
2949,2013-01-03,164302,19:36:00,Pedestrian,1,NA,1,731 Eddy st.,NA,2013-01-03,Unknown,Dry,Dark - Lighted,Clear,Not a Collision Between Two Motor Vehicles in Transport,"Yes, M/V and Driver Left Scene",No Controls,1,1,Complains Of Pain,NA,41.82849,-71.40959,TRUE,TRUE,"731 Eddy St., Providence, RI, USA",FALSE,-71.4075635,41.80781959999999,premise,rooftop,"731 eddy st, providence, ri 02903, usa",NA,NA,NA,NA,41.80781959999999,-71.4075635,High,2307.1521832924327,FALSE,FALSE
2950,2013-01-02,164257,19:00:00,Pedestrian,1,NA,1,DOUGLAS AVE,DOUGLAS AVE,2013-01-02,"Two-Way , Not Divided",Dry,Dark - Lighted,Clear,Unknown,"Yes, M/V and Driver Left Scene",No Controls,1,1,Complains Of Pain,NA,41.84915,-71.43258,FALSE,FALSE,"Douglas Ave and Douglas Ave, Providence, RI, USA",FALSE,-71.4649957,41.8715442,intersection,geometric_center,"douglas turnpike & douglas ave, north providence, ri 02904, usa",NA,NA,NA,NA,41.8715442,-71.4649957,Med High,3665.697798888095,FALSE,FALSE
2951,2013-01-01,163984,06:01:00,Pedestrian,1,NA,1,VALLEY ST,JEWETT ST,2013-01-01,"Two-Way , Not Divided",Wet,Dark - Lighted,Clear,Other,"Yes, M/V and Driver Left Scene",No Controls,1,1,Complains Of Pain,NA,41.83221,-71.42769,FALSE,FALSE,"Valley Street and Jewett Street, Providence, RI, USA",FALSE,-71.4277108,41.8321931,intersection,geometric_center,"valley st & jewett st, providence, ri 02908, usa",NA,NA,NA,NA,41.8321931,-71.4277108,Med High,2.5525957473111047,FALSE,FALSE
2952,2012-12-28,163569,15:06:00,Pedestrian,1,NA,1,GLENBRIDGE AVE,MANTON AVE,2012-12-28,"Two-Way , Not Divided",Dry,Daylight,Clear,Not a Collision Between Two Motor Vehicles in Transport,No,Traffic Control Signal,2,1,Complains Of Pain,NA,41.82597,-71.45822,FALSE,FALSE,"Glenbridge Ave and Manton Ave, Providence, RI, USA",FALSE,-71.4582318,41.8259774,intersection,geometric_center,"glenbridge ave & manton ave, providence, ri 02909, usa",NA,NA,NA,NA,41.8259774,-71.4582318,Med High,1.2793401188497675,FALSE,FALSE
2953,2012-12-28,163829,06:34:00,Pedestrian,1,NA,1,Thackery St,ELMWOOD AVE,2012-12-29,"Two-Way , Not Divided",Dry,Dawn,Clear,Not a Collision Between Two Motor Vehicles in Transport,No,No Controls,2,1,Incapacitating,2,41.79218,-71.42255,FALSE,FALSE,"Thackery Street and Elmwood Ave, Providence, RI, USA",FALSE,-71.4229658,41.7920613,intersection,geometric_center,"thackery st & elmwood ave, providence, ri 02907, usa",NA,NA,NA,NA,41.7920613,-71.4229658,Med High,36.953049343240565,FALSE,FALSE
2954,2012-12-27,163415,10:13:00,Pedestrian,1,NA,1,4TH ST,SUMMIT AVE,2012-12-27,"Two-Way , Not Divided",Wet,Daylight,Rain,Other,No,Stop Signs,4,1,Complains Of Pain,NA,41.85052,-71.39823,TRUE,FALSE,"4th Street, Providence, RI, USA",FALSE,-71.3970393,41.850095,route,geometric_center,"4th st, providence, ri 02906, usa",NA,NA,NA,NA,41.850095,-71.3970393,High,109.48369522891532,FALSE,FALSE
2955,2012-12-27,163477,12:11:00,Pedestrian,1,NA,1,Allens Ave,Chapman St,2012-12-27,"Two-Way , Not Divided",Wet,Daylight,"Sleet, Hail (Freezing Rain or Drizzle)",Not a Collision Between Two Motor Vehicles in Transport,No,No Controls,3,1,Complains Of Pain,2,41.79323,-71.39739,FALSE,FALSE,"Allens Ave and Chapman Street, Providence, RI, USA",FALSE,-71.3973889,41.7932522,intersection,geometric_center,"allens ave & chapman st, providence, ri 02905, usa",NA,NA,NA,NA,41.7932522,-71.3973889,Med High,2.4729784117755487,FALSE,FALSE
2956,2012-12-26,163371,20:16:00,Pedestrian,1,NA,1,SERVICE ROAD 8,BROAD ST,2012-12-26,One-Way Trafficway,Wet,Dark - Lighted,Snow,Not a Collision Between Two Motor Vehicles in Transport,No,Pavement Markings,3,1,Non-Incapacitating,NA,41.81802,-71.41641,FALSE,FALSE,"Service Road 8 and Broad Street, Providence, RI, USA",FALSE,-71.41497679999999,41.819365,street_address,range_interpolated,"8 broad st, providence, ri 02903, usa",NA,NA,NA,NA,41.819365,-71.41497679999999,Med High,191.19336286239343,FALSE,FALSE
2957,2012-12-24,163219,13:10:00,Pedestrian,1,NA,1,PARK ST,HAYES ST,2012-12-24,One-Way Trafficway,Dry,Daylight,Clear,Other,"Yes, M/V and Driver Left Scene",Other,1,0,No Injury,2,41.82896,-71.41748,FALSE,FALSE,"Park Street and Hayes Street, Providence, RI, USA",FALSE,-71.4164217,41.8292527,route,geometric_center,"hayes st, providence, ri, usa","Park Street & Hayes Street, Providence, RI, USA",Ei9QYXJrIFN0cmVldCAmIEhheWVzIFN0cmVldCwgUHJvdmlkZW5jZSwgUkksIFVTQSJmImQKFAoSCREPRhoQReSJETSwi2643ajREhQKEgkRD0YaEEXkiRE0sItuuN2o0RoUChIJUaVyIhBF5IkRNSXsEUHSLG4aFAoSCTU0Om0QReSJEb8l1u4ux6oUIgoNCqbuGBW7j27V,41.8293258,-71.41745329999999,41.8293258,-71.41745329999999,Med,40.780852386375145,FALSE,FALSE
2958,2012-12-22,163094,15:02:00,Bicycle,NA,2,1,PINEHURST AVE,CHAD BROWN ST,2012-12-22,"Two-Way , Not Divided",Dry,Daylight,Clear,Not a Collision Between Two Motor Vehicles in Transport,No,No Controls,3,2,Non-Incapacitating,NA,41.83953,-71.4322,FALSE,FALSE,"Pinehurst Ave and Chad Brown Street, Providence, RI, USA",FALSE,-71.4321875,41.8395741,intersection,geometric_center,"chad brown st & pinehurst ave, providence, ri 02908, usa",NA,NA,NA,NA,41.8395741,-71.4321875,Med High,5.017455227235649,FALSE,FALSE
2959,2012-12-19,162757,11:53:00,Pedestrian,2,NA,1,WASHINGTON ST,GREENE ST,2012-12-19,"Two-Way, Divided, Unprotected (painted>4feet) Medium",Dry,Daylight,Clear,Other,No,Traffic Control Signal,5,2,Complains Of Pain,NA,41.82125,-71.41721,FALSE,FALSE,"Washington Street and Greene Street, Providence, RI, USA",FALSE,-71.4168727,41.8210088,route,geometric_center,"greene st, providence, ri 02903, usa","Washington Street & Greene Street, Providence, RI, USA",EjZXYXNoaW5ndG9uIFN0cmVldCAmIEdyZWVuZSBTdHJlZXQsIFByb3ZpZGVuY2UsIFJJLCBVU0EiZiJkChQKEgm34he7EkXkiRGsc_jDIc_nwRIUChIJt-IXuxJF5IkRrHP4wyHP58EaFAoSCanazZwSReSJERoH0JajEjT2GhQKEgn9APC2EkXkiRFL2JV2CXi6tSIKDatr7RgVkphu1Q,41.8212779,-71.417227,41.8212779,-71.417227,Med,3.411012792522418,FALSE,FALSE
2960,2012-12-17,162516,10:17:00,Bicycle,NA,1,1,WASHINGTON ST,EMPIRE ST,2012-12-17,"Two-Way , Not Divided",Wet,Daylight,Rain,Not a Collision Between Two Motor Vehicles in Transport,No,Traffic Control Signal,2,1,Complains Of Pain,NA,41.82182,-71.41645,FALSE,FALSE,"Washington Street and Empire Street, Providence, RI, USA",FALSE,-71.4157797,41.821349,route,geometric_center,"empire st, providence, ri 02903, usa","Washington Street & Empire Street, Providence, RI, USA",EjZXYXNoaW5ndG9uIFN0cmVldCAmIEVtcGlyZSBTdHJlZXQsIFByb3ZpZGVuY2UsIFJJLCBVU0EiZiJkChQKEgmNpp3sEkXkiRHnvAEsqcaDvRIUChIJjaad7BJF5IkR57wBLKnGg70aFAoSCanazZwSReSJERoH0JajEjT2GhQKEgnHPO_pEkXkiRGhxI4iuiomFSIKDWmC7RgVI7hu1Q,41.82186009999999,-71.4164189,41.82186009999999,-71.4164189,Med,5.155853917904554,FALSE,FALSE
2961,2012-12-15,162403,22:54:00,Pedestrian,1,NA,1,MEETING ST,BENEFIT ST,2012-12-16,Unknown,Dry,Dark - Not Lighted,Clear,Not a Collision Between Two Motor Vehicles in Transport,No,No Controls,3,1,Complains Of Pain,NA,41.82862,-71.40807,FALSE,FALSE,"Meeting Street and Benefit Street, Providence, RI, USA",FALSE,-71.4082439,41.8286034,intersection,geometric_center,"benefit st & meeting st, providence, ri 02903, usa",NA,NA,NA,NA,41.8286034,-71.4082439,Med High,14.542703660514077,FALSE,FALSE
2962,2012-12-13,162139,00:44:00,Pedestrian,1,NA,1,PLAINFIELD ST,POCASSET AVE,2012-12-13,"Two-Way , Not Divided",Dry,Dark - Lighted,Clear,Other,"Yes, M/V and Driver Left Scene",Traffic Control Signal,1,1,Incapacitating,NA,41.81382,-71.44779,FALSE,FALSE,"Plainfield Street and Pocasset Ave, Providence, RI, USA",FALSE,-71.44779419999999,41.8138447,intersection,geometric_center,"pocasset ave & plainfield st, providence, ri 02909, usa",NA,NA,NA,NA,41.8138447,-71.44779419999999,Med High,2.7715846617181294,FALSE,FALSE
2963,2012-12-12,162123,21:06:00,Bicycle,NA,1,1,MEMORIAL BLVD,COLLEGE ST,2012-12-12,"Two-Way, Not Divided With a Continuous Left Turn Lane",Dry,Dark - Lighted,Clear,Head-On (Front - to - Front),No,Traffic Control Signal,3,1,Complains Of Pain,4,41.8253,-71.40882,FALSE,FALSE,"Memorial Blvd and College Street, Providence, RI, USA",FALSE,-71.4088081,41.8253077,intersection,geometric_center,"memorial blvd & college st, providence, ri 02903, usa",NA,NA,NA,NA,41.8253077,-71.4088081,Med High,1.3073544342189873,FALSE,FALSE
2964,2012-12-12,162054,17:46:00,Bicycle,NA,1,1,Waterman st,BUTLER AVE,2012-12-12,"Two-Way , Not Divided",Dry,Dark - Lighted,Clear,Not a Collision Between Two Motor Vehicles in Transport,No,Traffic Control Signal,3,1,Complains Of Pain,2,41.82808,-71.3855,FALSE,FALSE,"Waterman Street and Butler Ave, Providence, RI, USA",FALSE,-71.3855111,41.8280967,intersection,geometric_center,"butler ave & waterman st, providence, ri 02906, usa",NA,NA,NA,NA,41.8280967,-71.3855111,Med High,2.074554567992968,FALSE,FALSE
2965,2012-12-11,161968,17:28:00,Pedestrian,1,NA,1,Admiral Street,Gentian Avenue,2012-12-11,"Two-Way , Not Divided",Dry,Dark - Lighted,Clear,Other,No,No Controls,2,1,Non-Incapacitating,NA,41.85401,-71.44666,FALSE,FALSE,"Admiral Street and Gentian Avenue, Providence, RI, USA",FALSE,-71.4498575,41.8501912,route,geometric_center,"gentian ave, providence, ri, usa",NA,NA,NA,NA,41.8501912,-71.4498575,Med,501.00976573925675,FALSE,FALSE
2966,2012-12-10,161720,10:43:00,Bicycle,NA,1,1,PRAIRIE AVE,OXFORD ST,2012-12-10,"Two-Way , Not Divided",Wet,Daylight,Rain,Angle (Front - to - Side) Right Angle (Includes Broadside),No,Stop Signs,2,1,Complains Of Pain,NA,41.80164,-71.41315,FALSE,FALSE,"Prairie Ave and Oxford Street, Providence, RI, USA",FALSE,-71.413116,41.8015958,intersection,geometric_center,"oxford st & prairie ave, providence, ri 02905, usa",NA,NA,NA,NA,41.8015958,-71.413116,Med High,5.671874553307974,FALSE,FALSE
2967,2012-12-10,161741,17:13:00,Pedestrian,2,NA,1,SMITH ST,WINSOR ST,2012-12-10,"Two-Way, Divided, Unprotected (painted>4feet) Medium",Wet,Dark - Lighted,Rain,Not a Collision Between Two Motor Vehicles in Transport,No,No Controls,4,2,Complains Of Pain,NA,41.83298,-71.42,FALSE,FALSE,"Smith Street and Winsor Street, Providence, RI, USA",FALSE,-71.4198687,41.8334092,route,geometric_center,"winsor st, providence, ri 02908, usa","Smith Street & Winsor Street, Providence, RI, USA",EjFTbWl0aCBTdHJlZXQgJiBXaW5zb3IgU3RyZWV0LCBQcm92aWRlbmNlLCBSSSwgVVNBImYiZAoUChIJT09z4gRF5IkRKcDBlena_x8SFAoSCU9Pc-IEReSJESnAwZXp2v8fGhQKEgm1rnBMS0TkiREhtaMwuIyrhBoUChIJP87s5QRF5IkRZYTarRT0iUciCg1CNe8YFYsrbtU,41.8329922,-71.4200181,41.8329922,-71.4200181,Med,2.0244137944506337,FALSE,FALSE
2968,2012-12-10,161746,18:18:00,Pedestrian,1,NA,1,CHALKSTONE AVENUE,ACADEMY AVENUE,2012-12-10,"Two-Way , Not Divided",Wet,Dark - Lighted,Rain,Angle (Front - to - Side) Opposite Direction,No,Traffic Control Signal,3,1,Complains Of Pain,2,41.82632,-71.42219,FALSE,FALSE,"Chalkstone Avenue and Academy Avenue, Providence, RI, USA",FALSE,-71.44452489999999,41.8324538,intersection,geometric_center,"academy ave & chalkstone ave, providence, ri 02908, usa",NA,NA,NA,NA,41.8324538,-71.44452489999999,Med High,1974.4579461625008,FALSE,FALSE
2969,2012-12-10,161908,19:41:00,Pedestrian,1,NA,1,CHALKSTONE AVENUE,FALLON AVENUE,2012-12-11,"Two-Way , Not Divided",Wet,Dark - Lighted,Cloudy,Rear - to - Side,"Yes, M/V and Driver Left Scene",No Controls,1,1,Complains Of Pain,2,41.82489,-71.41943,FALSE,FALSE,"Chalkstone Avenue and Fallon Avenue, Providence, RI, USA",FALSE,-71.443344,41.832336,intersection,geometric_center,"fallon ave & chalkstone ave, providence, ri 02908, usa",NA,NA,NA,NA,41.832336,-71.443344,Med High,2149.8562811486763,FALSE,FALSE
2970,2012-12-09,161621,03:02:00,Pedestrian,1,NA,1,PINE ST,CHESTNUT ST,2012-12-09,One-Way Trafficway,Dry,Dark - Lighted,Clear,Not a Collision Between Two Motor Vehicles in Transport,"Yes, M/V and Driver Left Scene",No Controls,2,1,Complains Of Pain,NA,41.81943,-71.41295,FALSE,FALSE,"Pine Street and Chestnut Street, Providence, RI, USA",FALSE,-71.4108086,41.818517,route,geometric_center,"chestnut st, providence, ri, usa",NA,NA,NA,NA,41.818517,-71.4108086,Med,204.67148716902904,FALSE,FALSE
2971,2012-12-09,161632,18:15:00,Pedestrian,1,NA,1,280 Broad St.,NA,2012-12-09,"Two-Way , Not Divided",Wet,Dark - Lighted,Rain,Not a Collision Between Two Motor Vehicles in Transport,No,No Controls,3,1,Incapacitating,NA,41.83072,-71.41787,TRUE,TRUE,"280 Broad St., Providence, RI, USA",FALSE,-71.4202425,41.8149485,premise,rooftop,"280 broad st, providence, ri 02907, usa",NA,NA,NA,NA,41.8149485,-71.4202425,High,1766.6725032865158,FALSE,FALSE
2972,2012-12-09,161646,06:15:00,Pedestrian,1,NA,1,ATWELLS AVE,ATWELLS AVE,2012-12-09,One-Way Trafficway,Wet,Dark - Lighted,Clear,Not a Collision Between Two Motor Vehicles in Transport,"Yes, M/V and Driver Left Scene",Traffic Control Signal,1,1,Complains Of Pain,NA,41.82307,-71.4195,FALSE,FALSE,"Atwells Ave and Atwells Ave, Providence, RI, USA",FALSE,-71.4363598,41.8244829,route,geometric_center,"atwells ave, providence, ri, usa",NA,NA,NA,NA,41.8244829,-71.4363598,Med,1407.4242845430808,FALSE,FALSE