row_number,crash_date,crash_report_id,crash_time,collision_type,count_pedestrian,count_bicycle,number_of_vehicles,street_or_highway,nearest_intersection,report_date,type_of_roadway,road_surface_condition,light_condition,weather_condition,manner_of_impact,hit_and_run,traffic_control,person_count,injury_count,most_serious_injury,number_of_lanes,lat_raw,lon_raw,has_st_number,is_intersection_null,address_sent_to_geocoder,is_address_blank,lon_api_first_try,lat_api_first_try,type,loctype,address_returned_by_geocoder,address_returned_by_autocomplete,place_ids_autocompleted,lat_api_second_try,lon_api_second_try,lat_api_best,lon_api_best,api_coord_conf,distance_btwn_coords_meters,scooter,wheel_chair
3017,2012-10-18,153133,02:12:00,Pedestrian,1,NA,1,Branch Ave,Touro St,2012-10-18,"Two-Way , Not Divided",Dry,Dark - Lighted,Clear,Head-On (Front - to - Front),"Yes, M/V and Driver Left Scene",No Controls,4,1,Incapacitating,NA,41.84995,-71.41927,FALSE,FALSE,"Branch Ave and Touro Street, Providence, RI, USA",FALSE,-71.4190307,41.8498648,intersection,geometric_center,"touro st & branch ave, providence, ri 02904, usa",NA,NA,NA,NA,41.8498648,-71.4190307,Med High,21.993226079213144,FALSE,FALSE
3018,2012-10-18,153279,15:18:00,Bicycle,NA,1,1,PUBLIC ST,BROAD ST,2012-10-18,"Two-Way , Not Divided",Dry,Daylight,Clear,Not a Collision Between Two Motor Vehicles in Transport,No,Traffic Control Signal,2,1,Complains Of Pain,2,41.80442,-71.41935,FALSE,FALSE,"Public Street and Broad Street, Providence, RI, USA",FALSE,-71.41935959999999,41.804449,intersection,geometric_center,"public st & broad st, providence, ri 02907, usa",NA,NA,NA,NA,41.804449,-71.41935959999999,Med High,3.325099214272177,FALSE,FALSE
3019,2012-10-16,152796,15:00:00,Pedestrian,1,NA,1,Broad Street,FRICKER ST,2012-10-16,"Two-Way, Divided, Unprotected (painted>4feet) Medium",Dry,Daylight,Clear,Not a Collision Between Two Motor Vehicles in Transport,No,No Controls,3,0,No Injury,2,41.81523,-71.42069,FALSE,FALSE,"Broad Street and Fricker Street, Providence, RI, USA",FALSE,-71.42173,41.8165575,route,geometric_center,"fricker st, providence, ri, usa","Broad Street & Fricker Street, Providence, RI, USA",EjJCcm9hZCBTdHJlZXQgJiBGcmlja2VyIFN0cmVldCwgUHJvdmlkZW5jZSwgUkksIFVTQSJmImQKFAoSCcsO7ptxReSJEe1RgLr0NWTvEhQKEgnLDu6bcUXkiRHtUYC69DVk7xoUChIJg9591YxP5IkRLKLKk5hLCKMaFAoSCaG8FtZzReSJESAHFPqNHvDOIgoNcoXsGBU0FG7V,41.8153842,-71.42061559999999,41.8153842,-71.42061559999999,Med,18.24157978654433,FALSE,FALSE
3020,2012-10-16,153461,16:10:00,Pedestrian,1,NA,1,PLAINFIELD ST,PLAINFIELD ST,2012-10-16,"Two-Way, Divided, Positive Median Barrier",Dry,Daylight,Clear,Head-On (Front - to - Front),No,No Controls,2,1,Complains Of Pain,NA,41.81304,-71.45674,FALSE,FALSE,"Plainfield Street and Plainfield Street, Providence, RI, USA",FALSE,-71.4643452,41.8067161,route,geometric_center,"plainfield st, rhode island, usa",NA,NA,NA,NA,41.8067161,-71.4643452,Med,945.3965581375098,FALSE,FALSE
3021,2012-10-15,152551,18:17:00,Pedestrian,1,NA,1,SMITHFIELD AVE,EXIT,2012-10-15,One-Way Trafficway,Dry,Dark - Lighted,Clear,"Sideswipe, Same Direction","Yes, M/V and Driver Left Scene",No Controls,1,1,Complains Of Pain,NA,41.85571,-71.40708,FALSE,FALSE,"Smithfield Ave and Exit, Providence, RI, USA",FALSE,-71.414734,41.8756939,route,geometric_center,"smithfield ave, rhode island, usa",NA,NA,NA,NA,41.8756939,-71.414734,Med,2313.321013289391,FALSE,FALSE
3022,2012-10-14,152376,02:16:00,Pedestrian,2,NA,1,EXIT 22A (RT ),FRANCIS ST,2012-10-14,"Two-Way, Divided, Positive Median Barrier",Dry,Dark - Lighted,Clear,Not a Collision Between Two Motor Vehicles in Transport,No,Traffic Control Signal,5,2,Incapacitating,NA,41.82577,-71.41527,FALSE,FALSE,"Exit 22a (Rt ) and Francis Street, Providence, RI, USA",FALSE,-71.4153409,41.8284747,route,geometric_center,"francis st, providence, ri, usa",NA,NA,NA,NA,41.8284747,-71.4153409,Med,301.1432612289948,FALSE,FALSE
3023,2012-10-14,152430,13:57:00,Pedestrian,1,NA,1,WICKENDEN ST,THOMPSON ST,2012-10-14,"Two-Way , Not Divided",Dry,Daylight,Clear,Not a Collision Between Two Motor Vehicles in Transport,No,No Controls,2,0,No Injury,NA,41.81955,-71.39699,FALSE,FALSE,"Wickenden Street and Thompson Street, Providence, RI, USA",FALSE,-71.3969264,41.8195494,intersection,geometric_center,"wickenden st & thompson st, providence, ri 02903, usa",NA,NA,NA,NA,41.8195494,-71.3969264,Med High,5.27672242768522,FALSE,FALSE
3024,2012-10-14,153097,13:31:00,Pedestrian,1,NA,1,POTTERS AVE,GRAND ST,2012-10-17,"Two-Way , Not Divided",Dry,Daylight,Clear,Not a Collision Between Two Motor Vehicles in Transport,No,No Controls,3,1,Complains Of Pain,NA,41.80302,-71.43209,FALSE,FALSE,"Potters Ave and Grand Street, Providence, RI, USA",FALSE,-71.4319158,41.8029682,intersection,geometric_center,"potters ave & grand st, providence, ri 02907, usa",NA,NA,NA,NA,41.8029682,-71.4319158,Med High,15.563158413961599,FALSE,FALSE
3025,2012-10-12,152114,16:47:00,Bicycle,NA,1,1,OXFORD ST,EDDY ST,2012-10-12,"Two-Way , Not Divided",Dry,Daylight,Clear,Angle (Front - to - Side) Right Angle (Includes Broadside),No,No Controls,2,1,Complains Of Pain,NA,41.8031,-71.40669,FALSE,FALSE,"Oxford Street and Eddy Street, Providence, RI, USA",FALSE,-71.4066724,41.8031182,intersection,geometric_center,"oxford st & eddy st, providence, ri 02905, usa",NA,NA,NA,NA,41.8031182,-71.4066724,Med High,2.4975479892664363,FALSE,FALSE
3026,2012-10-11,151754,07:45:00,Bicycle,NA,1,1,289 ELMWOOD AVENUE,MOORE STREET,2012-10-11,"Two-Way , Not Divided",Dry,Daylight,Clear,Other,No,No Controls,4,1,Complains Of Pain,4,41.82955,-71.41802,TRUE,FALSE,"289 Elmwood Avenue, Providence, RI, USA",FALSE,-71.4259989,41.8049087,street_address,range_interpolated,"289 elmwood ave, providence, ri 02907, usa",NA,NA,NA,NA,41.8049087,-71.4259989,High,2821.7992910921957,FALSE,FALSE
3027,2012-10-11,151856,18:41:00,Pedestrian,1,NA,1,PRAIRIE AVE,DUDLEY ST,2012-10-11,"Two-Way , Not Divided",Dry,Dark - Lighted,Clear,Not a Collision Between Two Motor Vehicles in Transport,No,No Controls,2,1,Complains Of Pain,NA,41.81032,-71.4156,FALSE,FALSE,"Prairie Ave and Dudley Street, Providence, RI, USA",FALSE,-71.41567739999999,41.809957,intersection,geometric_center,"dudley st & prairie ave, providence, ri 02907, usa",NA,NA,NA,NA,41.809957,-71.41567739999999,Med High,40.91611725837254,FALSE,FALSE
3028,2012-10-11,153815,18:45:00,Bicycle,NA,1,1,CHARLES ST,LEDGE ST,2012-10-21,"Two-Way, Divided, Unprotected (painted>4feet) Medium",Dry,Dark - Lighted,Clear,Other,No,No Controls,3,0,No Injury,NA,41.85311,-71.42042,FALSE,FALSE,"Charles Street and Ledge Street, Providence, RI, USA",FALSE,-71.42040209999999,41.8531487,intersection,geometric_center,"charles st & ledge st, providence, ri 02904, usa",NA,NA,NA,NA,41.8531487,-71.42040209999999,Med High,4.556568786559907,FALSE,FALSE
3029,2012-10-10,151663,16:27:00,Bicycle,NA,1,1,DEXTER ST,CRANSTON ST,2012-10-10,"Two-Way , Not Divided",Wet,Daylight,Clear,Not a Collision Between Two Motor Vehicles in Transport,No,Traffic Control Signal,2,1,Complains Of Pain,2,41.81265,-71.42961,FALSE,FALSE,"Dexter Street and Cranston Street, Providence, RI, USA",FALSE,-71.429588,41.81260289999999,intersection,geometric_center,"cranston st & dexter st, providence, ri 02907, usa",NA,NA,NA,NA,41.81260289999999,-71.429588,Med High,5.551796066804573,FALSE,FALSE
3030,2012-10-10,151666,16:46:00,Pedestrian,1,NA,1,1850 Westminster St,SERVICE ROAD 3,2012-10-10,"Two-Way , Not Divided",Wet,Daylight,Cloudy,Not a Collision Between Two Motor Vehicles in Transport,No,Pavement Markings,3,1,Complains Of Pain,4,41.81631,-71.44056,TRUE,FALSE,"1850 Westminster Street, Providence, RI, USA",FALSE,-71.44085799999999,41.8161129,premise,rooftop,"1850 westminster st, providence, ri 02909, usa",NA,NA,NA,NA,41.8161129,-71.44085799999999,High,33.055494367077266,FALSE,FALSE
3031,2012-10-10,151832,11:28:00,Pedestrian,1,NA,1,TRANSIT ST,GOVERNOR ST,2012-10-10,"Two-Way , Not Divided",Wet,Daylight,Rain,Other,No,No Controls,2,1,Complains Of Pain,NA,41.82125,-71.39382,FALSE,FALSE,"Transit Street and Governor Street, Providence, RI, USA",FALSE,-71.3937634,41.8212129,intersection,geometric_center,"transit st & governor st, providence, ri 02906, usa",NA,NA,NA,NA,41.8212129,-71.3937634,Med High,6.253301375897307,FALSE,FALSE
3032,2012-10-10,151955,08:57:00,Bicycle,NA,1,1,JOHN ST,BROOK ST,2012-10-12,"Two-Way , Not Divided",Wet,Daylight,Rain,Other,No,Stop Signs,3,1,Complains Of Pain,NA,41.82177,-71.39849,FALSE,FALSE,"John Street and Brook Street, Providence, RI, USA",FALSE,-71.3989869,41.825126,route,geometric_center,"brook st, providence, ri, usa","John Street & Brook Street, Providence, RI, USA",Ei9Kb2huIFN0cmVldCAmIEJyb29rIFN0cmVldCwgUHJvdmlkZW5jZSwgUkksIFVTQSJmImQKFAoSCQU5vmY5ReSJEVbzSSRzY6OCEhQKEgkFOb5mOUXkiRFW80kkc2OjghoUChIJZ8pYgTNF5IkRnRQkdIVtZo0aFAoSCZtmfXI7ReSJEXWGhyEQeABoIgoNX3_tGBXZc3HV,41.8217823,-71.3985063,41.8217823,-71.3985063,Med,1.9243876581888315,FALSE,FALSE
3033,2012-10-04,150761,13:41:00,Bicycle,NA,1,1,PRAIRIE AVE,POINT ST,2012-10-04,"Two-Way, Divided, Unprotected (painted>4feet) Medium",Dry,Daylight,Cloudy,Other,No,Stop Signs,5,1,Complains Of Pain,NA,41.81451,-71.41531,FALSE,FALSE,"Prairie Ave and Point Street, Providence, RI, USA",FALSE,-71.415311,41.8145184,intersection,geometric_center,"point st & prairie ave, providence, ri 02903, usa",NA,NA,NA,NA,41.8145184,-71.415311,Med High,0.9387572248583295,FALSE,FALSE
3034,2012-09-30,151255,16:15:00,Bicycle,NA,1,1,500 Broad Street,PINE ST,2012-10-07,"Two-Way , Not Divided",Dry,Daylight,Clear,Not a Collision Between Two Motor Vehicles in Transport,No,No Controls,2,1,Non-Incapacitating,NA,41.81125,-71.4214,TRUE,FALSE,"500 Broad Street, Providence, RI, USA",FALSE,-71.420897,41.8108616,premise,rooftop,"500 broad st, providence, ri 02909, usa",NA,NA,NA,NA,41.8108616,-71.420897,High,60.09313005465652,FALSE,FALSE
3035,2012-09-29,149983,20:38:00,Pedestrian,1,NA,1,UNION AVE,WHITEHALL ST,2012-09-30,"Two-Way , Not Divided",Wet,Dark - Not Lighted,Rain,Not a Collision Between Two Motor Vehicles in Transport,No,No Controls,2,1,Complains Of Pain,NA,41.80778,-71.4439,FALSE,FALSE,"Union Ave and Whitehall Street, Providence, RI, USA",FALSE,-71.445114,41.8103179,route,geometric_center,"whitehall st, providence, ri, usa","Union Ave & Whitehall Street, Providence, RI, USA",EjFVbmlvbiBBdmUgJiBXaGl0ZWhhbGwgU3RyZWV0LCBQcm92aWRlbmNlLCBSSSwgVVNBImYiZAoUChIJ-VAjWohF5IkRu98HnY0tfOASFAoSCflQI1qIReSJEbvfB52NLXzgGhQKEgkjges4ikXkiRGe1Z8wsMWILxoUChIJ0XzJ2IhF5IkRe7M5a8Uv5H4iCg1gXesYFW6GatU,41.8078048,-71.4439058,41.8078048,-71.4439058,Med,2.8023570487791383,FALSE,FALSE
3036,2012-09-26,149344,17:40:00,Bicycle,NA,1,1,253 elmwood ave,WHITMARSH ST,2012-09-26,"Two-Way , Not Divided",Dry,Daylight,Cloudy,Not a Collision Between Two Motor Vehicles in Transport,"Yes, M/V and Driver Left Scene",No Controls,1,1,Complains Of Pain,2,41.80579,-71.42511,TRUE,FALSE,"253 Elmwood Ave, Providence, RI, USA",FALSE,-71.42546039999999,41.80577479999999,premise,rooftop,"253 elmwood ave, providence, ri 02907, usa",NA,NA,NA,NA,41.80577479999999,-71.42546039999999,High,29.12486634295115,FALSE,FALSE
3037,2012-09-26,149375,19:26:00,Bicycle,NA,1,1,N Main St,Duncan St,2012-09-26,"Two-Way, Divided, Positive Median Barrier",Dry,Dark - Lighted,Cloudy,Not a Collision Between Two Motor Vehicles in Transport,No,No Controls,4,1,Complains Of Pain,NA,41.84127,-71.40818,FALSE,FALSE,"N Main Street and Duncan Street, Providence, RI, USA",FALSE,-71.3587919,41.8928648,route,geometric_center,"duncan st, pawtucket, ri 02861, usa",NA,NA,NA,NA,41.8928648,-71.3587919,Med,7053.408964500086,FALSE,FALSE
3038,2012-09-25,149039,09:40:00,Bicycle,NA,1,1,CRANSTON ST,BRIDGHAM ST,2012-09-25,"Two-Way, Divided, Unprotected (painted>4feet) Medium",Dry,Daylight,Clear,Angle - Direction Not Specified,No,Traffic Control Signal,2,1,Complains Of Pain,NA,41.81396,-71.42694,FALSE,FALSE,"Cranston Street and Bridgham Street, Providence, RI, USA",FALSE,-71.426947,41.8139796,intersection,geometric_center,"cranston st & bridgham st, providence, ri 02907, usa",NA,NA,NA,NA,41.8139796,-71.426947,Med High,2.2578356769984347,FALSE,FALSE
3039,2012-09-25,149086,11:18:00,Bicycle,NA,1,1,400 WEST FOUNTAIN STREET,NA,2012-09-25,"Two-Way , Not Divided",Dry,Daylight,Clear,"Sideswipe, Same Direction",No,No Controls,3,0,Unknown,2,41.82602,-71.41884,TRUE,TRUE,"400 West Fountain Street, Providence, RI, USA",FALSE,-71.4231577,41.8185595,premise,rooftop,"400 w fountain st, providence, ri 02903, usa",NA,NA,NA,NA,41.8185595,-71.4231577,High,904.4470631061321,FALSE,FALSE
3040,2012-09-24,148846,08:36:00,Bicycle,NA,1,1,CADY ST,BENEFIT ST,2012-09-24,"Two-Way , Not Divided",Dry,Daylight,Clear,Unknown,No,No Controls,2,1,Incapacitating,NA,41.82986,-71.40868,FALSE,FALSE,"Cady Street and Benefit Street, Providence, RI, USA",FALSE,-71.4086611,41.829859,intersection,geometric_center,"cady st & benefit st, providence, ri 02903, usa",NA,NA,NA,NA,41.829859,-71.4086611,Med High,1.571651840000426,FALSE,FALSE
3041,2012-09-24,148968,18:09:00,Bicycle,NA,1,1,UNION AVE EXIT,UNION AVE,2012-09-24,One-Way Trafficway,Dry,Daylight,Clear,Not a Collision Between Two Motor Vehicles in Transport,No,Traffic Control Signal,3,1,Complains Of Pain,NA,41.80886,-71.43993,FALSE,FALSE,"Union Ave Exit and Union Ave, Providence, RI, USA",FALSE,-71.4475494,41.8068304,route,geometric_center,"union ave, providence, ri, usa",NA,NA,NA,NA,41.8068304,-71.4475494,Med,671.3837433569507,FALSE,FALSE
3042,2012-09-24,148985,20:21:00,Bicycle,NA,1,1,CRANSTON ST,HOLLIS ST,2012-09-24,"Two-Way , Not Divided",Dry,Dark - Lighted,Clear,Not a Collision Between Two Motor Vehicles in Transport,"Yes, M/V and Driver Left Scene",No Controls,3,1,Non-Incapacitating,NA,41.81094,-71.43211,FALSE,FALSE,"Cranston Street and Hollis Street, Providence, RI, USA",FALSE,-71.4320632,41.8110018,intersection,geometric_center,"cranston st & hollis st, providence, ri 02907, usa",NA,NA,NA,NA,41.8110018,-71.4320632,Med High,7.899774998765376,FALSE,FALSE
3043,2012-09-23,148592,01:40:00,Pedestrian,1,NA,1,HUXLEY AVE,EATON ST,2012-09-23,"Two-Way , Not Divided",Wet,Dark - Lighted,Rain,Other,No,No Controls,5,1,Complains Of Pain,NA,41.84348,-71.43322,FALSE,FALSE,"Huxley Ave and Eaton Street, Providence, RI, USA",FALSE,-71.43359099999999,41.8415128,intersection,geometric_center,"eaton st & huxley ave, providence, ri 02908, usa",NA,NA,NA,NA,41.8415128,-71.43359099999999,Med High,221.1385213949758,FALSE,FALSE
3044,2012-09-23,148768,15:25:00,Pedestrian,1,NA,1,SMITH ST,SMITH ST,2012-09-23,"Two-Way , Not Divided",Dry,Daylight,Clear,Not a Collision Between Two Motor Vehicles in Transport,"Yes, M/V and Driver Left Scene",No Controls,2,1,Complains Of Pain,NA,41.84164,-71.44294,FALSE,FALSE,"Smith Street and Smith Street, Providence, RI, USA",FALSE,-71.4433053,41.8418141,route,geometric_center,"smith st, providence, ri, usa",NA,NA,NA,NA,41.8418141,-71.4433053,Med,35.96389814812014,FALSE,FALSE
3045,2012-09-22,148519,16:43:00,Bicycle,NA,1,1,Atlantic ave,NIAGARA ST,2012-09-22,"Two-Way , Not Divided",Dry,Daylight,Clear,Not a Collision Between Two Motor Vehicles in Transport,"Yes, Driver Left Scene",No Controls,2,1,Complains Of Pain,2,41.79939,-71.41615,FALSE,FALSE,"Atlantic Ave and Niagara Street, Providence, RI, USA",FALSE,-71.4186449,41.7986319,intersection,geometric_center,"atlantic ave & niagara st, providence, ri 02907, usa",NA,NA,NA,NA,41.7986319,-71.4186449,Med High,223.58336208847396,FALSE,FALSE
3046,2012-09-22,148686,11:30:00,Bicycle,NA,1,1,10TH ST,HIGHLAND AVE,2012-09-23,"Two-Way , Not Divided",Dry,Dark - Not Lighted,Clear,Angle (Front - to - Side) Right Angle (Includes Broadside),"Yes, M/V and Driver Left Scene",Stop Signs,3,1,Complains Of Pain,NA,41.85476,-71.39793,TRUE,FALSE,"10th Street, Providence, RI, USA",FALSE,-71.3963797,41.8542538,route,geometric_center,"10th st, providence, ri 02906, usa",NA,NA,NA,NA,41.8542538,-71.3963797,High,140.35242200978956,FALSE,FALSE
3047,2012-09-22,149129,16:23:00,Bicycle,NA,1,1,BROADWAY,RINGGOLD ST,2012-09-25,"Two-Way , Not Divided",Dry,Daylight,Clear,Angle (Front - to - Side) Right Angle (Includes Broadside),No,No Controls,3,1,Complains Of Pain,NA,41.82121,-71.42335,FALSE,FALSE,"Broadway and Ringgold Street, Providence, RI, USA",FALSE,-71.4233535,41.8212225,route,geometric_center,"ringgold st, providence, ri 02903, usa","Broadway & Ringgold Street, Providence, RI, USA",Ei9Ccm9hZHdheSAmIFJpbmdnb2xkIFN0cmVldCwgUHJvdmlkZW5jZSwgUkksIFVTQSJmImQKFAoSCQHFIVJzReSJEZc0Z-2f-JoPEhQKEgkBxSFSc0XkiRGXNGftn_iaDxoUChIJpbXlhnVF5IkRGsIzsdekb7MaFAoSCa1x6FFzReSJEfxS86mAer7HIgoNgWntGBVBqW3V,41.8212225,-71.42335349999999,41.8212225,-71.42335349999999,Med,1.4214642002668922,FALSE,FALSE
3048,2012-09-18,147740,12:10:00,Bicycle,NA,1,1,BROOK ST,CHARLESFIELD ST,2012-09-18,"Two-Way , Not Divided",Dry,Daylight,Clear,"Sideswipe, Same Direction",No,No Controls,2,1,Complains Of Pain,NA,41.82431,-71.39889,FALSE,FALSE,"Brook Street and Charlesfield Street, Providence, RI, USA",FALSE,-71.4010018,41.8238139,route,geometric_center,"charlesfield st, providence, ri, usa","Brook Street & Charlesfield Street, Providence, RI, USA",EjdCcm9vayBTdHJlZXQgJiBDaGFybGVzZmllbGQgU3RyZWV0LCBQcm92aWRlbmNlLCBSSSwgVVNBImYiZAoUChIJf4z1lztF5IkRb-81pxJiO1QSFAoSCX-M9Zc7ReSJEW_vNacSYjtUGhQKEgmbZn1yO0XkiRF1hochEHgAaBoUChIJB6t_cjxF5IkRY6NwT-scYXciCg3_1u0YFepmcdU,41.8240255,-71.39883739999999,41.8240255,-71.39883739999999,Med,31.96956895972777,FALSE,FALSE
3049,2012-09-18,148135,22:28:00,Bicycle,NA,1,1,BROAD ST,PARKIS AVE,2012-09-21,"Two-Way, Divided, Unprotected (painted>4feet) Medium",Wet,Dark - Lighted,Rain,Not a Collision Between Two Motor Vehicles in Transport,No,Traffic Control Signal,4,1,Complains Of Pain,NA,41.80929,-71.42088,FALSE,FALSE,"Broad Street and Parkis Ave, Providence, RI, USA",FALSE,-71.4216175,41.8091566,route,geometric_center,"parkis ave, providence, ri 02907, usa","Broad Street & Parkis Ave, Providence, RI, USA",Ei5Ccm9hZCBTdHJlZXQgJiBQYXJraXMgQXZlLCBQcm92aWRlbmNlLCBSSSwgVVNBImYiZAoUChIJRzM1_npF5IkRjtZmKd5_CBoSFAoSCUczNf56ReSJEY7WZinefwgaGhQKEgmD3n3VjE_kiREsosqTmEsIoxoUChIJMX42yntF5IkRzmf6NFIaq3EiCg0FkusYFZ8LbtU,41.8091525,-71.4208353,41.8091525,-71.4208353,Med,15.749382221753672,FALSE,FALSE
3050,2012-09-17,147673,20:04:00,Pedestrian,1,NA,1,Waterman St,Brown St,2012-09-17,One-Way Trafficway,Dry,Dark - Lighted,Clear,Not a Collision Between Two Motor Vehicles in Transport,No,Pavement Markings,2,1,Complains Of Pain,NA,41.82706,-71.40296,FALSE,FALSE,"Waterman Street and Brown Street, Providence, RI, USA",FALSE,-71.4030136,41.8270531,intersection,geometric_center,"brown st & waterman st, providence, ri 02912, usa",NA,NA,NA,NA,41.8270531,-71.4030136,Med High,4.512031214544745,FALSE,FALSE
3051,2012-09-16,147332,00:26:00,Bicycle,NA,1,1,CALVERLY ST,SMITH ST,2012-09-16,"Two-Way , Not Divided",Dry,Dark - Lighted,Clear,Head-On (Front - to - Front),"Yes, M/V and Driver Left Scene",School Zone Signs,7,2,Incapacitating,NA,41.8332,-71.42056,FALSE,FALSE,"Calverly Street and Smith Street, Providence, RI, USA",FALSE,-71.4205609,41.8332067,intersection,geometric_center,"calverly st & smith st, providence, ri 02908, usa",NA,NA,NA,NA,41.8332067,-71.4205609,Med High,0.7495669486513676,FALSE,FALSE
3052,2012-09-15,147255,16:46:00,Bicycle,NA,1,1,CAHIR ST,BROAD ST,2012-09-15,"Two-Way, Divided, Positive Median Barrier",Dry,Daylight,Clear,Head-On (Front - to - Front),No,No Controls,2,1,Complains Of Pain,NA,41.8171,-71.41806,FALSE,FALSE,"Cahir Street and Broad Street, Providence, RI, USA",FALSE,-71.41789229999999,41.8169459,intersection,geometric_center,"broad st & cahir st, providence, ri 02903, usa",NA,NA,NA,NA,41.8169459,-71.41789229999999,Med High,22.08719742576762,FALSE,FALSE
3053,2012-09-15,147262,17:16:00,Pedestrian,1,NA,1,101 Academy ave,WEALTH AVE,2012-09-15,"Two-Way , Not Divided",Dry,Daylight,Clear,Not a Collision Between Two Motor Vehicles in Transport,No,Pavement Markings,4,1,Complains Of Pain,2,41.8272,-71.4437,TRUE,FALSE,"101 Academy Ave, Providence, RI, USA",FALSE,-71.4435388,41.8274609,street_address,rooftop,"101 academy ave, providence, ri 02908, usa",NA,NA,NA,NA,41.8274609,-71.4435388,High,31.973604197321208,FALSE,FALSE
3054,2012-09-14,147120,16:13:00,Pedestrian,1,NA,1,CHARLES ST,BRANCH AVE,2012-09-14,"Two-Way , Not Divided",Dry,Daylight,Clear,Not a Collision Between Two Motor Vehicles in Transport,No,No Controls,2,1,Complains Of Pain,NA,41.84959,-71.41987,FALSE,FALSE,"Charles Street and Branch Ave, Providence, RI, USA",FALSE,-71.419991,41.8503047,intersection,geometric_center,"charles st & branch ave, providence, ri 02904, usa",NA,NA,NA,NA,41.8503047,-71.419991,Med High,80.1902153092492,FALSE,FALSE
3055,2012-09-10,146509,16:19:00,Pedestrian,1,NA,1,MANTON AVE,WESTCOTT AVE,2012-09-10,"Two-Way, Not Divided With a Continuous Left Turn Lane",Dry,Daylight,Clear,Other,No,No Controls,4,1,Complains Of Pain,3,41.83372,-71.46853,FALSE,FALSE,"Manton Ave and Westcott Ave, Providence, RI, USA",FALSE,-71.4685327,41.8337394,intersection,geometric_center,"westcott ave & manton ave, providence, ri 02909, usa",NA,NA,NA,NA,41.8337394,-71.4685327,Med High,2.1711782678965035,FALSE,FALSE
3056,2012-09-09,146345,19:05:00,Pedestrian,1,NA,1,Thayer Street,WATERMAN ST,2012-09-09,One-Way Trafficway,Dry,Dark - Lighted,Clear,Not a Collision Between Two Motor Vehicles in Transport,No,No Controls,4,1,Complains Of Pain,1,41.82721,-71.40053,FALSE,FALSE,"Thayer Street and Waterman Street, Providence, RI, USA",FALSE,-71.4005559,41.8272892,intersection,geometric_center,"thayer st & waterman st, providence, ri 02906, usa",NA,NA,NA,NA,41.8272892,-71.4005559,Med High,9.074495035167024,FALSE,FALSE
3057,2012-09-08,146141,11:08:00,Bicycle,NA,1,1,BROADWAY,DEPASQUALE AVENUE,2012-09-08,"Two-Way , Not Divided",Dry,Daylight,Clear,Angle (Front - to - Side) Right Angle (Includes Broadside),No,Traffic Control Signal,3,1,Complains Of Pain,2,41.83578,-71.4154,FALSE,FALSE,"Broadway and Depasquale Avenue, Providence, RI, USA",FALSE,-71.4262101,41.8224893,route,geometric_center,"de pasquale ave, providence, ri 02903, usa",NA,NA,NA,NA,41.8224893,-71.4262101,Med,1730.027428290262,FALSE,FALSE
3058,2012-09-08,146216,20:07:00,Pedestrian,1,NA,1,354 Admiral St,HAWKINS ST,2012-09-08,"Two-Way , Not Divided",Wet,Dark - Lighted,Rain,Not a Collision Between Two Motor Vehicles in Transport,No,Traffic Control Signal,3,1,Complains Of Pain,2,41.84591,-71.42834,TRUE,FALSE,"354 Admiral Street, Providence, RI, USA",FALSE,-71.4279723,41.84563319999999,premise,rooftop,"354 admiral st, providence, ri 02908, usa",NA,NA,NA,NA,41.84563319999999,-71.4279723,High,43.35004841821254,FALSE,FALSE
3059,2012-09-05,145704,20:18:00,Bicycle,NA,1,1,UNION AVE,TERRACE AVE,2012-09-05,"Two-Way , Not Divided",Wet,Dark - Lighted,Clear,Not a Collision Between Two Motor Vehicles in Transport,No,Flashing Traffic Control Signal,2,0,No Injury,NA,41.80622,-71.45009,FALSE,FALSE,"Union Ave and Terrace Ave, Providence, RI, USA",FALSE,-71.4869184,41.8332697,route,geometric_center,"union ave, johnston, ri 02919, usa","Union Ave & Terrace Ave, Cranston, Providence, RI, USA",EjZVbmlvbiBBdmUgJiBUZXJyYWNlIEF2ZSwgQ3JhbnN0b24sIFByb3ZpZGVuY2UsIFJJLCBVU0EiZiJkChQKEgm5Uj_QYU_kiRGsUf3lIBvT4BIUChIJuVI_0GFP5IkRrFH95SAb0-AaFAoSCSOB6ziKReSJEZ7VnzCwxYgvGhQKEgnfgr3VYU_kiRHaPBUYd7xDXiIKDdQf6xgVqJRp1Q,41.8062292,-71.45009519999999,41.8062292,-71.45009519999999,Med,1.1113239498587566,FALSE,FALSE
3060,2012-09-04,145414,16:05:00,Pedestrian,1,NA,1,LIBRARY RD,RHODE ISLAND COLL,2012-09-04,"Two-Way , Not Divided",Wet,Daylight,Rain,Unknown,"Yes, M/V and Driver Left Scene",No Controls,2,0,No Injury,NA,41.84222,-71.46192,FALSE,FALSE,"Library Rd and Rhode Island Coll, Providence, RI, USA",FALSE,-71.4627575,41.8417288,establishment,rooftop,"600 mt pleasant ave, providence, ri 02908, usa",NA,NA,NA,NA,41.8417288,-71.4627575,Med,88.3965348290177,FALSE,FALSE