row_number,crash_date,crash_report_id,crash_time,collision_type,count_pedestrian,count_bicycle,number_of_vehicles,street_or_highway,nearest_intersection,report_date,type_of_roadway,road_surface_condition,light_condition,weather_condition,manner_of_impact,hit_and_run,traffic_control,person_count,injury_count,most_serious_injury,number_of_lanes,lat_raw,lon_raw,has_st_number,is_intersection_null,address_sent_to_geocoder,is_address_blank,lon_api_first_try,lat_api_first_try,type,loctype,address_returned_by_geocoder,address_returned_by_autocomplete,place_ids_autocompleted,lat_api_second_try,lon_api_second_try,lat_api_best,lon_api_best,api_coord_conf,distance_btwn_coords_meters,scooter,wheel_chair
3287,2011-11-08,100293,06:30:00,Pedestrian,1,NA,1,ATWELLS AVE,LYNCH ST,2011-11-09,"Two-Way , Not Divided",Dry,Dawn,Clear,Other,"Yes, M/V and Driver Left Scene",No Controls,1,1,Incapacitating,NA,41.82524,-71.45222,FALSE,FALSE,"Atwells Ave and Lynch Street, Providence, RI, USA",FALSE,-71.4522154,41.8252391,intersection,geometric_center,"atwells ave & lynch st, providence, ri 02909, usa",NA,NA,NA,NA,41.8252391,-71.4522154,Med High,0.3945184998333019,FALSE,FALSE
3288,2011-11-07,99781,11:33:00,Pedestrian,1,NA,1,ELMWOOD AVE,ELMWOOD AVE,2011-11-07,"Two-Way , Not Divided",Dry,Daylight,Clear,Other,"Yes, M/V and Driver Left Scene",No Controls,2,1,Complains Of Pain,NA,41.80812,-71.42473,FALSE,FALSE,"Elmwood Ave and Elmwood Ave, Providence, RI, USA",FALSE,-71.4229658,41.7920613,route,geometric_center,"elmwood ave, providence, ri, usa",NA,NA,NA,NA,41.7920613,-71.4229658,Med,1793.6313344375449,FALSE,FALSE
3289,2011-11-07,99865,14:50:00,Pedestrian,1,NA,1,240 REGENT AVE,NA,2011-11-07,One-Way Trafficway,Dry,Daylight,Clear,Head-On (Front - to - Front),No,No Controls,4,1,Complains Of Pain,1,41.82935,-71.44315,TRUE,TRUE,"240 Regent Ave, Providence, RI, USA",FALSE,-71.4434115,41.82913,premise,rooftop,"240 regent ave, providence, ri 02908, usa",NA,NA,NA,NA,41.82913,-71.4434115,High,32.7149955345975,FALSE,FALSE
3290,2011-11-05,99925,23:10:00,Bicycle,NA,1,1,WASHINGTON ST,EMPIRE ST,2011-11-07,"Two-Way, Divided, Unprotected (painted>4feet) Medium",Dry,Dark - Lighted,Clear,Angle (Front - to - Side) Opposite Direction,No,Traffic Control Signal,3,1,Non-Incapacitating,NA,41.82182,-71.41645,FALSE,FALSE,"Washington Street and Empire Street, Providence, RI, USA",FALSE,-71.4157797,41.821349,route,geometric_center,"empire st, providence, ri 02903, usa","Washington Street & Empire Street, Providence, RI, USA",EjZXYXNoaW5ndG9uIFN0cmVldCAmIEVtcGlyZSBTdHJlZXQsIFByb3ZpZGVuY2UsIFJJLCBVU0EiZiJkChQKEgmNpp3sEkXkiRHnvAEsqcaDvRIUChIJjaad7BJF5IkR57wBLKnGg70aFAoSCanazZwSReSJERoH0JajEjT2GhQKEgnHPO_pEkXkiRGhxI4iuiomFSIKDWmC7RgVI7hu1Q,41.82186009999999,-71.4164189,41.82186009999999,-71.4164189,Med,5.155853917904554,FALSE,FALSE
3291,2011-11-01,99388,17:43:00,Bicycle,NA,1,1,MEMORIAL BLVD,COLLEGE ST,2011-11-05,"Two-Way, Divided, Positive Median Barrier",Dry,Daylight,Clear,Not a Collision Between Two Motor Vehicles in Transport,No,Traffic Control Signal,3,1,Complains Of Pain,NA,41.8253,-71.40882,FALSE,FALSE,"Memorial Blvd and College Street, Providence, RI, USA",FALSE,-71.4088081,41.8253077,intersection,geometric_center,"memorial blvd & college st, providence, ri 02903, usa",NA,NA,NA,NA,41.8253077,-71.4088081,Med High,1.3073544342189873,FALSE,FALSE
3292,2011-10-30,99362,13:49:00,Bicycle,NA,1,1,RAYMOND STREET,CHALKSTONA AVE,2011-11-05,"Two-Way , Not Divided",Dry,Daylight,Clear,Other,No,Traffic Control Signal,2,0,No Injury,2,41.83419,-71.43024,FALSE,FALSE,"Raymond Street and Chalkstona Ave, Providence, RI, USA",FALSE,-71.4417437,41.8322912,route,geometric_center,"chalkstone ave, providence, ri, usa","Raymond Street & Chalkstone Ave, Providence, RI, USA",EjRSYXltb25kIFN0cmVldCAmIENoYWxrc3RvbmUgQXZlLCBQcm92aWRlbmNlLCBSSSwgVVNBImYiZAoUChIJp43aKKhF5IkRAO9FcVWHqsQSFAoSCaeN2iioReSJEQDvRXFVh6rEGhQKEglNsK7xB0XkiRFE20j-Blhv0RoUChIJdzMxm69F5IkRFM5IhAG4zqsiCg2OZO8YFeqbbNU,41.834203,-71.4302486,41.834203,-71.4302486,Med,1.613396399665612,FALSE,FALSE
3293,2011-10-27,97848,17:36:00,Pedestrian,1,NA,1,ELLERY ST,UNION AVE,2011-10-27,"Two-Way , Not Divided",Wet,Dark - Lighted,Rain,Not a Collision Between Two Motor Vehicles in Transport,No,Stop Signs,3,1,Complains Of Pain,2,41.80933,-71.43838,FALSE,FALSE,"Ellery Street and Union Ave, Providence, RI, USA",FALSE,-71.438375,41.8092843,intersection,geometric_center,"ellery st & union ave, providence, ri 02909, usa",NA,NA,NA,NA,41.8092843,-71.438375,Med High,5.104189028956554,FALSE,FALSE
3294,2011-10-25,97464,07:54:00,Pedestrian,1,NA,1,PENNSYLVANIA AVE,PRAIRIE AVE,2011-10-26,"Two-Way , Not Divided",Dry,Daylight,Clear,Other,No,No Controls,3,1,Complains Of Pain,2,41.79785,-71.41152,FALSE,FALSE,"Pennsylvania Ave and Prairie Ave, Providence, RI, USA",FALSE,-71.41427,41.8042755,route,geometric_center,"prairie ave, providence, ri, usa","Pennsylvania Ave & Prairie Ave, Providence, RI, USA",EjNQZW5uc3lsdmFuaWEgQXZlICYgUHJhaXJpZSBBdmUsIFByb3ZpZGVuY2UsIFJJLCBVU0EiZiJkChQKEgnfA9vSi0_kiRHBHGTLcxHawRIUChIJ3wPb0otP5IkRwRxky3MR2sEaFAoSCUuoqHuJT-SJEQDIPL1jp1qKGhQKEglPad_uY0XkiREcSUTGtdsaNCIKDfjY6RgVB3dv1Q,41.7978616,-71.4115321,41.7978616,-71.4115321,Med,1.6357925823016735,FALSE,FALSE
3295,2011-10-23,97284,13:47:00,Pedestrian,2,NA,1,CRANSTON ST,DEXTER ST,2011-10-25,"Two-Way, Divided, Unprotected (painted>4feet) Medium",Dry,Daylight,Clear,Not a Collision Between Two Motor Vehicles in Transport,No,Pavement Markings,4,2,Complains Of Pain,NA,41.8126,-71.42959,FALSE,FALSE,"Cranston Street and Dexter Street, Providence, RI, USA",FALSE,-71.429588,41.81260289999999,intersection,geometric_center,"cranston st & dexter st, providence, ri 02907, usa",NA,NA,NA,NA,41.81260289999999,-71.429588,Med High,0.36297774024425583,FALSE,FALSE
3296,2011-10-22,96778,15:32:00,Pedestrian,1,NA,1,JILLSON ST,OCONNOR ST,2011-10-22,"Two-Way, Divided, Unprotected (painted>4feet) Medium",Dry,Daylight,Clear,Not a Collision Between Two Motor Vehicles in Transport,No,Stop Signs,5,1,Complains Of Pain,NA,41.79105,-71.40578,FALSE,FALSE,"Jillson Street and Oconnor Street, Providence, RI, USA",FALSE,-71.4053172,41.79113299999999,intersection,geometric_center,"o connor st & jillson st, providence, ri 02905, usa",NA,NA,NA,NA,41.79113299999999,-71.4053172,Med High,39.50688355021187,FALSE,FALSE
3297,2011-10-20,97496,17:53:00,Bicycle,NA,1,1,DOUGLAS AVE,EATON ST,2011-10-26,"Two-Way , Not Divided",Dry,Dark - Lighted,Clear,Not a Collision Between Two Motor Vehicles in Transport,No,No Controls,2,1,Complains Of Pain,NA,41.84094,-71.42728,FALSE,FALSE,"Douglas Ave and Eaton Street, Providence, RI, USA",FALSE,-71.42730879999999,41.8410051,intersection,geometric_center,"eaton st & douglas ave, providence, ri 02908, usa",NA,NA,NA,NA,41.8410051,-71.42730879999999,Med High,7.630355423578545,FALSE,FALSE
3298,2011-10-17,96123,21:51:00,Pedestrian,1,NA,1,COURTLAND ST,RING ST,2011-10-17,"Two-Way , Not Divided",Dry,Dark - Lighted,Clear,Not a Collision Between Two Motor Vehicles in Transport,"Yes, M/V and Driver Left Scene",No Controls,1,1,Complains Of Pain,NA,41.82045,-71.43167,FALSE,FALSE,"Courtland Street and Ring Street, Providence, RI, USA",FALSE,-71.43177539999999,41.8206877,intersection,geometric_center,"ring st & courtland st, providence, ri 02909, usa",NA,NA,NA,NA,41.8206877,-71.43177539999999,Med High,27.86793344967724,FALSE,FALSE
3299,2011-10-15,95693,19:47:00,Pedestrian,1,NA,1,Grove St,DE SOTO ST,2011-10-15,"Two-Way , Not Divided",Dry,Dark - Lighted,Clear,Not a Collision Between Two Motor Vehicles in Transport,"Yes, M/V and Driver Left Scene",No Controls,2,1,Complains Of Pain,NA,41.82015,-71.43916,FALSE,FALSE,"Grove Street and De Soto Street, Providence, RI, USA",FALSE,-71.43916109999999,41.8201568,intersection,geometric_center,"grove st & de soto st, providence, ri 02909, usa",NA,NA,NA,NA,41.8201568,-71.43916109999999,Med High,0.7624533170456759,FALSE,FALSE
3300,2011-10-11,95077,17:10:00,Pedestrian,1,NA,1,TUXEDO AVE,ATWELLS AVE,2011-10-11,"Two-Way , Not Divided",Dry,Daylight,Clear,Not a Collision Between Two Motor Vehicles in Transport,No,Stop Signs,3,1,Complains Of Pain,NA,41.82452,-71.43862,FALSE,FALSE,"Tuxedo Ave and Atwells Ave, Providence, RI, USA",FALSE,-71.4386196,41.8245303,intersection,geometric_center,"atwells ave & tuxedo ave, providence, ri 02909, usa",NA,NA,NA,NA,41.8245303,-71.4386196,Med High,1.1470707847253294,FALSE,FALSE
3301,2011-10-11,95118,19:05:00,Bicycle,NA,1,1,RUGGLES ST,CHALKSTONE AVE,2011-10-11,"Two-Way, Divided, Unprotected (painted>4feet) Medium",Dry,Dark - Lighted,Clear,Head-On (Front - to - Front),"Yes, M/V and Driver Left Scene",Stop Signs,2,1,Non-Incapacitating,NA,41.83616,-71.42824,FALSE,FALSE,"Ruggles Street and Chalkstone Ave, Providence, RI, USA",FALSE,-71.42813550000001,41.834637,intersection,geometric_center,"chalkstone ave & ruggles st, providence, ri 02908, usa",NA,NA,NA,NA,41.834637,-71.42813550000001,Med High,169.760984492127,FALSE,FALSE
3302,2011-10-11,95196,23:31:00,Bicycle,NA,1,1,GEORGE ST,THAYER ST,2011-10-12,"Two-Way , Not Divided",Dry,Dark - Not Lighted,Clear,"Sideswipe, Same Direction","Yes, M/V and Driver Left Scene",Stop Signs,1,0,No Injury,NA,41.82553,-71.40037,FALSE,FALSE,"George Street and Thayer Street, Providence, RI, USA",FALSE,-71.4005135,41.8268796,route,geometric_center,"thayer st, providence, ri, usa","George Street & Thayer Street, Providence, RI, USA",EjJHZW9yZ2UgU3RyZWV0ICYgVGhheWVyIFN0cmVldCwgUHJvdmlkZW5jZSwgUkksIFVTQSJmImQKFAoSCUdpPp08ReSJEcUiisIDcbH9EhQKEglHaT6dPEXkiRHFIorCA3Gx_RoUChIJx-okYztF5IkRsmeONi5JlGUaFAoSCVG076s8ReSJEZJMNfXilGkAIgoNUhLuGBV7K3HV,41.8255442,-71.4003589,41.8255442,-71.4003589,Med,1.829360538226498,FALSE,FALSE
3303,2011-10-10,94917,13:58:00,Pedestrian,1,NA,1,22 barbara st,PONAGANSETT AVE,2011-10-10,"Two-Way , Not Divided",Dry,Daylight,Clear,Not a Collision Between Two Motor Vehicles in Transport,"Yes, M/V and Driver Left Scene",No Controls,2,1,Complains Of Pain,NA,41.82046,-71.45891,TRUE,FALSE,"22 Barbara Street, Providence, RI, USA",FALSE,-71.4590611,41.8203564,street_address,rooftop,"22 barbara st, providence, ri 02909, usa",NA,NA,NA,NA,41.8203564,-71.4590611,High,17.03332569221384,FALSE,FALSE
3304,2011-10-09,94836,16:12:00,Pedestrian,1,NA,1,GRAPE ST,ADMIRAL ST,2011-10-09,"Two-Way , Not Divided",Dry,Daylight,Clear,Not a Collision Between Two Motor Vehicles in Transport,No,No Controls,2,0,No Injury,NA,41.8458,-71.43027,FALSE,FALSE,"Grape Street and Admiral Street, Providence, RI, USA",FALSE,-71.4301684,41.8462823,intersection,geometric_center,"admiral st & grape st, providence, ri 02908, usa",NA,NA,NA,NA,41.8462823,-71.4301684,Med High,54.346449989532594,FALSE,FALSE
3305,2011-10-09,94857,17:15:00,Bicycle,NA,1,1,CRANSTON ST,PARADE ST,2011-10-09,"Two-Way , Not Divided",Dry,Daylight,Clear,Not a Collision Between Two Motor Vehicles in Transport,No,No Controls,2,1,Complains Of Pain,NA,41.8118,-71.43114,FALSE,FALSE,"Cranston Street and Parade Street, Providence, RI, USA",FALSE,-71.4310747,41.8118451,intersection,geometric_center,"cranston st & parade st, providence, ri 02907, usa",NA,NA,NA,NA,41.8118451,-71.4310747,Med High,7.3864801249000696,FALSE,FALSE
3306,2011-10-09,94894,14:56:00,Pedestrian,1,NA,1,338 BROAD ST,BROAD ST,2011-10-09,"Two-Way , Not Divided",Dry,Daylight,Clear,Not a Collision Between Two Motor Vehicles in Transport,"Yes, M/V and Driver Left Scene",No Controls,2,1,Complains Of Pain,NA,41.81397,-71.4214,TRUE,FALSE,"338 Broad Street, Providence, RI, USA",FALSE,-71.42121689999999,41.8139188,street_address,rooftop,"338 broad st, providence, ri 02907, usa",NA,NA,NA,NA,41.8139188,-71.42121689999999,High,16.225428997902675,FALSE,FALSE
3307,2011-10-08,95342,17:13:00,Pedestrian,1,NA,1,MEMORIAL BLVD,SOUTH WATER STREET,2011-10-12,"Two-Way , Not Divided",Dry,Daylight,Clear,Other,No,Traffic Control Signal,3,1,Complains Of Pain,2,41.8241,-71.40842,FALSE,FALSE,"Memorial Blvd and South Water Street, Providence, RI, USA",FALSE,-71.4082107,41.8241381,intersection,geometric_center,"s water st & memorial blvd, providence, ri 02903, usa",NA,NA,NA,NA,41.8241381,-71.4082107,Med High,17.872953443578435,FALSE,FALSE
3308,2011-10-07,94511,12:24:00,Bicycle,NA,1,1,SERVICE ROAD 8,WASHINGTON ST,2011-10-07,One-Way Trafficway,Dry,Daylight,Clear,"Sideswipe, Same Direction","Yes, M/V and Driver Left Scene",No Controls,1,1,Complains Of Pain,NA,41.82013,-71.41876,FALSE,FALSE,"Service Road 8 and Washington Street, Providence, RI, USA",FALSE,-71.4127487,41.8244096,street_address,range_interpolated,"8 washington st, providence, ri 02903, usa",NA,NA,NA,NA,41.8244096,-71.4127487,Med High,689.6679281904978,FALSE,FALSE
3309,2011-10-07,94559,15:36:00,Pedestrian,1,NA,1,HUXLEY AVE,OAKDALE ST,2011-10-07,"Two-Way , Not Divided",Dry,Daylight,Clear,Other,No,No Controls,3,1,Complains Of Pain,NA,41.83908,-71.43423,FALSE,FALSE,"Huxley Ave and Oakdale Street, Providence, RI, USA",FALSE,-71.4342388,41.8390857,intersection,geometric_center,"huxley ave & oakdale st, providence, ri 02908, usa",NA,NA,NA,NA,41.8390857,-71.4342388,Med High,0.9670939847829403,FALSE,FALSE
3310,2011-10-07,94905,08:29:00,Bicycle,NA,1,1,DOUGLAS AVE,WHIPPLE ST,2011-10-10,"Two-Way , Not Divided",Dry,Daylight,Clear,Angle (Front - to - Side) Right Angle (Includes Broadside),No,No Controls,5,1,Complains Of Pain,2,41.83685,-71.42154,FALSE,FALSE,"Douglas Ave and Whipple Street, Providence, RI, USA",FALSE,-71.4215517,41.8368745,intersection,geometric_center,"whipple st & douglas ave, providence, ri 02908, usa",NA,NA,NA,NA,41.8368745,-71.4215517,Med High,2.8948139972803513,FALSE,FALSE
3311,2011-10-06,94220,08:52:00,Bicycle,NA,1,1,S MAIN ST,PACKET ST,2011-10-06,One-Way Trafficway,Dry,Daylight,Clear,"Sideswipe, Same Direction",No,No Controls,3,1,Complains Of Pain,NA,41.82406,-71.406720000000007,FALSE,FALSE,"S Main Street and Packet Street, Providence, RI, USA",FALSE,-71.4128343,41.8239891,locality,approximate,"providence, ri, usa",NA,NA,NA,NA,41.8239891,-71.4128343,Med,507.2724843411184,FALSE,FALSE
3312,2011-10-04,93960,19:11:00,Pedestrian,1,NA,1,LENNON ST,SMITH ST,2011-10-04,"Two-Way , Not Divided",Wet,Dark - Lighted,Rain,Not a Collision Between Two Motor Vehicles in Transport,No,Stop Signs,2,1,Non-Incapacitating,NA,41.84506,-71.45027,FALSE,FALSE,"Lennon Street and Smith Street, Providence, RI, USA",FALSE,-71.45022999999999,41.8451001,intersection,geometric_center,"smith st & lennon st, providence, ri 02908, usa",NA,NA,NA,NA,41.8451001,-71.45022999999999,Med High,5.561446458857559,FALSE,FALSE
3313,2011-10-02,93686,22:22:00,Bicycle,NA,1,1,DOUGLAS AVE,CHAD BROWN ST,2011-10-03,"Two-Way , Not Divided",Wet,Dark - Not Lighted,Clear,"Sideswipe, Same Direction","Yes, M/V and Driver Left Scene",No Controls,2,1,Complains Of Pain,NA,41.8386,-71.42511,FALSE,FALSE,"Douglas Ave and Chad Brown Street, Providence, RI, USA",FALSE,-71.42582689999999,41.8392775,intersection,geometric_center,"chad brown st & douglas ave, providence, ri 02908, usa",NA,NA,NA,NA,41.8392775,-71.42582689999999,Med High,96.03694521382992,FALSE,FALSE
3314,2011-09-29,92900,16:16:00,Bicycle,NA,1,1,BROADWAY,DE PASQUALE AVE,2011-09-29,"Two-Way , Not Divided",Dry,Daylight,Cloudy,Not a Collision Between Two Motor Vehicles in Transport,No,No Controls,3,1,Complains Of Pain,NA,41.82076,-71.42528,FALSE,FALSE,"Broadway and De Pasquale Ave, Providence, RI, USA",FALSE,-71.4262101,41.8224893,route,geometric_center,"de pasquale ave, providence, ri 02903, usa","Broadway & De Pasquale Ave, Providence, RI, USA",Ei9Ccm9hZHdheSAmIERlIFBhc3F1YWxlIEF2ZSwgUHJvdmlkZW5jZSwgUkksIFVTQSJmImQKFAoSCTd39r50ReSJEQRLbIypVmNIEhQKEgk3d_a-dEXkiREES2yMqVZjSBoUChIJpbXlhnVF5IkRGsIzsdekb7MaFAoSCeVqSDILReSJEem1Phldyo7CIgoNM1jtGBX2X23V,41.8207795,-71.4252298,41.8207795,-71.4252298,Med,4.696330688096347,FALSE,FALSE
3315,2011-09-28,92771,23:02:00,Bicycle,NA,1,1,BROADWAY,TOBEY ST,2011-09-29,"Two-Way , Not Divided",Wet,Dark - Lighted,Rain,Not a Collision Between Two Motor Vehicles in Transport,No,Traffic Control Signal,3,2,Complains Of Pain,NA,41.81848,-71.43503,FALSE,FALSE,"Broadway and Tobey Street, Providence, RI, USA",FALSE,-71.4350823,41.8184808,route,geometric_center,"tobey st, providence, ri 02909, usa","Broadway & Tobey Street, Providence, RI, USA",EixCcm9hZHdheSAmIFRvYmV5IFN0cmVldCwgUHJvdmlkZW5jZSwgUkksIFVTQSJmImQKFAoSCRfuNQOcReSJERM-cKucrPmwEhQKEgkX7jUDnEXkiRETPnCrnKz5sBoUChIJpbXlhnVF5IkRGsIzsdekb7MaFAoSCaeDYAScReSJEdnG3TCTK2fVIgoNaP7sGBUZ32vV,41.8184808,-71.43508229999999,41.8184808,-71.43508229999999,Med,4.339830207866017,FALSE,FALSE
3316,2011-09-27,92529,17:08:00,Pedestrian,1,NA,1,MANTON AVE,WESTCOTT AVE,2011-09-27,"Two-Way , Not Divided",Dry,Daylight,Clear,Not a Collision Between Two Motor Vehicles in Transport,"Yes, M/V and Driver Left Scene",Stop Signs,2,1,Complains Of Pain,2,41.83372,-71.46853,FALSE,FALSE,"Manton Ave and Westcott Ave, Providence, RI, USA",FALSE,-71.4685327,41.8337394,intersection,geometric_center,"westcott ave & manton ave, providence, ri 02909, usa",NA,NA,NA,NA,41.8337394,-71.4685327,Med High,2.1711782678965035,FALSE,FALSE
3317,2011-09-25,92050,01:30:00,Pedestrian,1,NA,1,644 Douglas Ave,Virginaia Lane,2011-09-25,"Two-Way , Not Divided",Dry,Dark - Lighted,Clear,Unknown,"Yes, M/V and Driver Left Scene",No Controls,3,1,Complains Of Pain,NA,41.84739,-71.43057,TRUE,FALSE,"644 Douglas Ave, Providence, RI, USA",FALSE,-71.43080599999999,41.8474027,premise,rooftop,"644 douglas ave, providence, ri 02908, usa",NA,NA,NA,NA,41.8474027,-71.43080599999999,High,19.621204756509464,FALSE,FALSE
3318,2011-09-23,91817,12:23:00,Pedestrian,1,1,1,ALLENS AVE,ERNEST ST,2011-09-23,"Two-Way , Not Divided",Wet,Daylight,Rain,Angle (Front - to - Side) Right Angle (Includes Broadside),No,Traffic Control Signal,5,2,Incapacitating,4,41.79481,-71.39793,FALSE,FALSE,"Allens Ave and Ernest Street, Providence, RI, USA",FALSE,-71.3979097,41.7948568,intersection,geometric_center,"allens ave & ernest st, providence, ri 02905, usa",NA,NA,NA,NA,41.7948568,-71.3979097,Med High,5.475390969127052,FALSE,FALSE
3319,2011-09-22,93099,16:57:00,Pedestrian,1,NA,1,EXCHANGE TER,EXCHANGE ST,2011-09-29,One-Way Trafficway,Dry,Daylight,Cloudy,Angle (Front - to - Side) Right Angle (Includes Broadside),"Yes, M/V and Driver Left Scene",Stop Signs,2,1,Complains Of Pain,3,41.82611,-71.4116,FALSE,FALSE,"Exchange Ter and Exchange Street, Providence, RI, USA",FALSE,-71.41480469999999,41.8250247,intersection,geometric_center,"exchange terrace & w exchange st, providence, ri 02903, usa",NA,NA,NA,NA,41.8250247,-71.41480469999999,Med High,292.00465251643567,FALSE,FALSE
3320,2011-09-21,91598,01:18:00,Pedestrian,1,NA,1,CHALKSTONE AVE,DELHI ST,2011-09-21,"Two-Way , Not Divided",Dry,Dark - Lighted,Clear,Not a Collision Between Two Motor Vehicles in Transport,"Yes, M/V and Driver Left Scene",No Controls,2,1,Incapacitating,NA,41.83644,-71.41905,FALSE,FALSE,"Chalkstone Ave and Delhi Street, Providence, RI, USA",FALSE,-71.4190627,41.8364553,intersection,geometric_center,"delhi st & chalkstone ave, providence, ri 02908, usa",NA,NA,NA,NA,41.8364553,-71.4190627,Med High,2.0025830070905886,FALSE,FALSE
3321,2011-09-19,91152,23:44:00,Pedestrian,1,NA,1,GANO ST,INDIA ST,2011-09-20,"Two-Way , Not Divided",Dry,Other,Clear,Other,No,No Controls,2,0,No Injury,2,41.81919,-71.3893,FALSE,FALSE,"Gano Street and India Street, Providence, RI, USA",FALSE,-71.3895442,41.8187929,intersection,geometric_center,"gano st & india st, providence, ri 02903, usa",NA,NA,NA,NA,41.8187929,-71.3895442,Med High,48.62626431832942,FALSE,FALSE
3322,2011-09-19,94205,08:22:00,Pedestrian,1,NA,1,CHALKSTONE AVE,CLEMATIS ST,2011-10-06,"Two-Way, Divided, Unprotected (painted>4feet) Medium",Dry,Daylight,Clear,Other,No,No Controls,3,1,Complains Of Pain,NA,41.83265,-71.44605,FALSE,FALSE,"Chalkstone Ave and Clematis Street, Providence, RI, USA",FALSE,-71.4458643,41.8326381,intersection,geometric_center,"clematis st & chalkstone ave, providence, ri 02908, usa",NA,NA,NA,NA,41.8326381,-71.4458643,Med High,15.459509437806467,FALSE,FALSE
3323,2011-09-16,91655,17:05:00,Pedestrian,1,NA,1,270 broad,NA,2011-09-22,Unknown,Dry,Daylight,Clear,Head-On (Front - to - Front),No,No Controls,2,1,Incapacitating,NA,41.82447,-71.40851,TRUE,TRUE,"270 Broad, Providence, RI, USA",FALSE,-71.4199958,41.8153081,premise,rooftop,"270 broad st, providence, ri 02903, usa",NA,NA,NA,NA,41.8153081,-71.4199958,High,1395.7590601439083,FALSE,FALSE
3324,2011-09-13,90103,17:55:00,Bicycle,NA,1,1,337 BROAD ST,PORTLAND ST,2011-09-13,"Two-Way , Not Divided",Dry,Daylight,Clear,Unknown,No,No Controls,2,1,Complains Of Pain,NA,41.81415,-71.4213,TRUE,FALSE,"337 Broad Street, Providence, RI, USA",FALSE,-71.4218518,41.81429079999999,premise,rooftop,"337 broad st, providence, ri 02907, usa",NA,NA,NA,NA,41.81429079999999,-71.4218518,High,48.390234262930505,FALSE,FALSE
3325,2011-09-09,89648,19:35:00,Pedestrian,1,NA,1,ADMIRAL ST,FILLMORE ST,2011-09-09,"Two-Way , Not Divided",Dry,Dark - Not Lighted,Clear,Not a Collision Between Two Motor Vehicles in Transport,No,No Controls,3,1,Complains Of Pain,NA,41.84092,-71.41999,FALSE,FALSE,"Admiral Street and Fillmore Street, Providence, RI, USA",FALSE,-71.41986419999999,41.8408412,intersection,geometric_center,"admiral st & fillmore st, providence, ri 02908, usa",NA,NA,NA,NA,41.8408412,-71.41986419999999,Med High,13.630648436866203,FALSE,FALSE
3326,2011-09-09,92233,01:25:00,Pedestrian,1,NA,1,PINE ST,PAGE ST,2011-09-09,"Two-Way , Not Divided",Dry,Dark - Lighted,Clear,Other,"Yes, M/V and Driver Left Scene",No Controls,7,1,Incapacitating,NA,41.82114,-71.41129,FALSE,FALSE,"Pine Street and Page Street, Providence, RI, USA",FALSE,-71.4113001,41.8211663,route,geometric_center,"page st, providence, ri 02903, usa","Pine Street & Page Street, Providence, RI, USA",Ei5QaW5lIFN0cmVldCAmIFBhZ2UgU3RyZWV0LCBQcm92aWRlbmNlLCBSSSwgVVNBImYiZAoUChIJ9dNgkBRF5IkRQVATCMbfiKwSFAoSCfXTYJAUReSJEUFQEwjG34isGhQKEgk5kwlTbEXkiRGgKSzwb-_CPBoUChIJfxOXmhRF5IkR_O9cQZJR03wiCg1PZ-0YFReAb9U,41.82116630000001,-71.41130009999999,41.82116630000001,-71.41130009999999,Med,3.045240342605544,FALSE,FALSE
3327,2011-09-06,88804,20:13:00,Pedestrian,1,NA,1,Broad,Malborough,2011-09-06,"Two-Way , Not Divided",Wet,Dark - Lighted,Rain,Other,No,No Controls,6,1,Incapacitating,NA,41.83109,-71.4113,FALSE,FALSE,"Broad and Malborough, Providence, RI, USA",FALSE,-71.4189611,41.8059292,route,geometric_center,"marlborough ave, providence, ri 02907, usa","Broad Street & Marlborough Avenue, Providence, RI, USA",EjZCcm9hZCBTdHJlZXQgJiBNYXJsYm9yb3VnaCBBdmVudWUsIFByb3ZpZGVuY2UsIFJJLCBVU0EiZiJkChQKEglR7-KWfEXkiRFBJfKWuTXvyRIUChIJUe_ilnxF5IkRQSXylrk178kaFAoSCYPefdWMT-SJESyiypOYSwijGhQKEgk1YTGvfEXkiRE3Z9YAHJc_VyIKDbkM6xgVnjRu1Q,41.8057401,-71.4197858,41.8057401,-71.4197858,Med,2908.427444837536,FALSE,FALSE
3328,2011-09-05,88918,13:04:00,Pedestrian,1,NA,1,FARRAGUT AVE,MONTGOMERY AVE,2011-09-06,"Two-Way , Not Divided",Dry,Daylight,Clear,Not a Collision Between Two Motor Vehicles in Transport,No,No Controls,3,1,Incapacitating,NA,41.78652,-71.4053,FALSE,FALSE,"Farragut Ave and Montgomery Ave, Providence, RI, USA",FALSE,-71.4128343,41.8239891,locality,approximate,"providence, ri, usa",NA,NA,NA,NA,41.8239891,-71.4128343,Med,4217.635224316406,FALSE,FALSE
3329,2011-09-04,88567,20:25:00,Bicycle,NA,1,1,Gallup Street,GORDON AVE,2011-09-04,One-Way Trafficway,Dry,Dark - Lighted,Clear,Angle (Front - to - Side) Right Angle (Includes Broadside),No,No Controls,2,1,Complains Of Pain,NA,41.79987,-71.41329,FALSE,FALSE,"Gallup Street and Gordon Ave, Providence, RI, USA",FALSE,-71.4140427,41.7997126,intersection,geometric_center,"gordon ave & gallup st, providence, ri 02907, usa",NA,NA,NA,NA,41.7997126,-71.4140427,Med High,64.87474376157853,FALSE,FALSE
3330,2011-09-02,88246,14:45:00,Pedestrian,1,NA,1,CHALKSTONE AVE,GARFIELD AVE,2011-09-02,"Two-Way , Not Divided",Dry,Daylight,Clear,Head-On (Front - to - Front),No,No Controls,2,1,Incapacitating,NA,41.83382,-71.43268,FALSE,FALSE,"Chalkstone Ave and Garfield Ave, Providence, RI, USA",FALSE,-71.4324252,41.833837,intersection,geometric_center,"garfield ave & chalkstone ave, providence, ri 02908, usa",NA,NA,NA,NA,41.833837,-71.4324252,Med High,21.218229538910307,FALSE,FALSE