row_number,crash_date,crash_report_id,crash_time,collision_type,count_pedestrian,count_bicycle,number_of_vehicles,street_or_highway,nearest_intersection,report_date,type_of_roadway,road_surface_condition,light_condition,weather_condition,manner_of_impact,hit_and_run,traffic_control,person_count,injury_count,most_serious_injury,number_of_lanes,lat_raw,lon_raw,has_st_number,is_intersection_null,address_sent_to_geocoder,is_address_blank,lon_api_first_try,lat_api_first_try,type,loctype,address_returned_by_geocoder,address_returned_by_autocomplete,place_ids_autocompleted,lat_api_second_try,lon_api_second_try,lat_api_best,lon_api_best,api_coord_conf,distance_btwn_coords_meters,scooter,wheel_chair
3331,2011-09-02,88346,10:51:00,Bicycle,NA,1,1,SMITH ST,CALVERLY ST,2011-09-03,"Two-Way , Not Divided",Dry,Daylight,Clear,Head-On (Front - to - Front),No,No Controls,4,1,Incapacitating,2,41.83303,-71.42013,FALSE,FALSE,"Smith Street and Calverly Street, Providence, RI, USA",FALSE,-71.4205609,41.8332067,intersection,geometric_center,"calverly st & smith st, providence, ri 02908, usa",NA,NA,NA,NA,41.8332067,-71.4205609,Med High,40.7955359728476,FALSE,FALSE
3332,2011-09-02,88634,17:19:00,Pedestrian,1,NA,1,MOWRY STREET,DOUGLAS AVE,2011-09-05,"Two-Way , Not Divided",Dry,Daylight,Clear,Head-On (Front - to - Front),No,Stop Signs,2,1,Complains Of Pain,NA,41.84364,-71.42786,FALSE,FALSE,"Mowry Street and Douglas Ave, Providence, RI, USA",FALSE,-71.42787919999999,41.8437434,intersection,geometric_center,"mowry st & douglas ave, providence, ri 02908, usa",NA,NA,NA,NA,41.8437434,-71.42787919999999,Med High,11.62004150639176,FALSE,FALSE
3333,2011-09-01,88125,13:10:00,Pedestrian,1,NA,1,WATERMAN ST,GANO ST,2011-09-01,One-Way Trafficway,Dry,Daylight,Clear,Not a Collision Between Two Motor Vehicles in Transport,No,Traffic Control Signal,4,1,Non-Incapacitating,NA,41.82818,-71.39072,FALSE,FALSE,"Waterman Street and Gano Street, Providence, RI, USA",FALSE,-71.3907591,41.8281814,intersection,geometric_center,"gano st & waterman st, providence, ri 02906, usa",NA,NA,NA,NA,41.8281814,-71.3907591,Med High,3.2470678339980172,FALSE,FALSE
3334,2011-09-01,88167,23:57:00,Bicycle,NA,1,1,Thayer ST,Angell ST,2011-09-02,One-Way Trafficway,Dry,Dark - Lighted,Clear,"Sideswipe, Same Direction","Yes, M/V and Driver Left Scene",Traffic Control Signal,2,1,Complains Of Pain,1,41.8281,-71.40065,FALSE,FALSE,"Thayer Street and Angell Street, Providence, RI, USA",FALSE,-71.4006581,41.8280973,intersection,geometric_center,"thayer st & angell st, providence, ri 02906, usa",NA,NA,NA,NA,41.8280973,-71.4006581,Med High,0.736054717991355,FALSE,FALSE
3335,2011-08-31,88134,15:38:00,Bicycle,NA,1,1,SMITH ST,GASPEE STREET,2011-09-01,"Two-Way , Not Divided",Dry,Daylight,Clear,Not a Collision Between Two Motor Vehicles in Transport,No,Traffic Control Signal,2,0,No Injury,NA,41.83152,-71.41281,FALSE,FALSE,"Smith Street and Gaspee Street, Providence, RI, USA",FALSE,-71.4128107,41.8315462,intersection,geometric_center,"gaspee st & smith st, providence, ri 02908, usa",NA,NA,NA,NA,41.8315462,-71.4128107,Med High,2.9171485324941777,FALSE,FALSE
3336,2011-08-29,87996,11:58:00,Pedestrian,1,NA,1,ANGELL ST,BROOK ST,2011-08-30,One-Way Trafficway,Dry,Daylight,Clear,Not a Collision Between Two Motor Vehicles in Transport,No,Traffic Control Signal,3,1,Complains Of Pain,NA,41.82821,-71.39947,FALSE,FALSE,"Angell Street and Brook Street, Providence, RI, USA",FALSE,-71.3994627,41.8282166,intersection,geometric_center,"brook st & angell st, providence, ri 02906, usa",NA,NA,NA,NA,41.8282166,-71.3994627,Med High,0.952084379606149,FALSE,FALSE
3337,2011-08-27,87571,09:23:00,Pedestrian,1,NA,1,UNION AVE,WHITEHALL ST,2011-08-27,Unknown,Dry,Daylight,Clear,Other,No,No Controls,3,1,Complains Of Pain,NA,41.80786,-71.44358,FALSE,FALSE,"Union Ave and Whitehall Street, Providence, RI, USA",FALSE,-71.445114,41.8103179,route,geometric_center,"whitehall st, providence, ri, usa","Union Ave & Whitehall Street, Providence, RI, USA",EjFVbmlvbiBBdmUgJiBXaGl0ZWhhbGwgU3RyZWV0LCBQcm92aWRlbmNlLCBSSSwgVVNBImYiZAoUChIJ-VAjWohF5IkRu98HnY0tfOASFAoSCflQI1qIReSJEbvfB52NLXzgGhQKEgkjges4ikXkiRGe1Z8wsMWILxoUChIJ0XzJ2IhF5IkRe7M5a8Uv5H4iCg1gXesYFW6GatU,41.8078048,-71.4439058,41.8078048,-71.4439058,Med,27.72311526536349,FALSE,FALSE
3338,2011-08-26,87829,22:12:00,Pedestrian,1,NA,1,ELMWOOD AVE,ADELAIDE AVE,2011-08-27,"Two-Way, Divided, Positive Median Barrier",Dry,Dark - Lighted,Clear,Head-On (Front - to - Front),No,No Controls,5,0,No Injury,NA,41.7959,-71.42512,FALSE,FALSE,"Elmwood Ave and Adelaide Ave, Providence, RI, USA",FALSE,-71.42499500000001,41.79588700000001,intersection,geometric_center,"adelaide ave & elmwood ave, providence, ri 02907, usa",NA,NA,NA,NA,41.79588700000001,-71.42499500000001,Med High,10.47436785196451,FALSE,FALSE
3339,2011-08-25,87987,16:23:00,Pedestrian,1,NA,1,W EXCHANGE ST,W EXCHANGE ST EXIT 22A,2011-08-25,One-Way Trafficway,Dry,Daylight,Clear,Not a Collision Between Two Motor Vehicles in Transport,No,No Controls,3,1,Complains Of Pain,NA,41.82482,-71.41768,FALSE,FALSE,"W Exchange Street and W Exchange St Exit 22a, Providence, RI, USA",FALSE,-71.4202531,41.825222,route,geometric_center,"w exchange st, providence, ri 02903, usa",NA,NA,NA,NA,41.825222,-71.4202531,Med,218.08853564398078,FALSE,FALSE
3340,2011-08-24,87231,19:15:00,Bicycle,NA,1,1,HOPE ST,OGDEN ST,2011-08-24,"Two-Way , Not Divided",Dry,Dusk,Clear,Not a Collision Between Two Motor Vehicles in Transport,No,No Controls,5,1,Incapacitating,NA,41.85176,-71.39368,FALSE,FALSE,"Hope Street and Ogden Street, Providence, RI, USA",FALSE,-71.3936761,41.8517678,intersection,geometric_center,"hope st & ogden st, providence, ri 02906, usa",NA,NA,NA,NA,41.8517678,-71.3936761,Med High,0.9265571611810289,FALSE,FALSE
3341,2011-08-24,87271,17:46:00,Bicycle,NA,1,1,BRANCH AVE,VANDEWATER ST,2011-08-24,"Two-Way , Not Divided",Dry,Daylight,Clear,Not a Collision Between Two Motor Vehicles in Transport,No,No Controls,3,1,Incapacitating,2,41.85363,-71.42864,FALSE,FALSE,"Branch Ave and Vandewater Street, Providence, RI, USA",FALSE,-71.428823,41.8536926,intersection,geometric_center,"vandewater st & branch ave, providence, ri 02904, usa",NA,NA,NA,NA,41.8536926,-71.428823,Med High,16.697396355307095,FALSE,FALSE
3342,2011-08-23,87045,15:21:00,Pedestrian,1,NA,1,GEORGE ST,HOPE ST,2011-08-23,"Two-Way , Not Divided",Dry,Daylight,Clear,Other,No,Stop Signs,3,1,Complains Of Pain,2,41.82579,-71.39727,FALSE,FALSE,"George Street and Hope Street, Providence, RI, USA",FALSE,-71.3993016,41.8403661,route,geometric_center,"hope st, providence, ri, usa","George Street & Hope Street, Providence, RI, USA",EjBHZW9yZ2UgU3RyZWV0ICYgSG9wZSBTdHJlZXQsIFByb3ZpZGVuY2UsIFJJLCBVU0EiZiJkChQKEgmrO17fOkXkiRFKEUPHX6jYWhIUChIJqzte3zpF5IkRShFDx1-o2FoaFAoSCcfqJGM7ReSJEbJnjjYuSZRlGhQKEgmRo8kFxUTkiRFr4T3VeAKWISIKDYkb7hgVJ6Rx1Q,41.8257801,-71.3972697,41.8257801,-71.3972697,Med,1.1023438967859456,FALSE,FALSE
3343,2011-08-23,88037,16:41:00,Bicycle,NA,1,1,ACADEMY AVE,HEALTH AVE,2011-08-31,"Two-Way , Not Divided",Dry,Daylight,Clear,Not a Collision Between Two Motor Vehicles in Transport,No,No Controls,3,1,Complains Of Pain,NA,41.82776,-71.4438,FALSE,FALSE,"Academy Ave and Health Ave, Providence, RI, USA",FALSE,-71.4438011,41.827781,intersection,geometric_center,"health ave & academy ave, providence, ri 02908, usa",NA,NA,NA,NA,41.827781,-71.4438011,Med High,2.3394893595037702,FALSE,FALSE
3344,2011-08-22,87232,16:00:00,Bicycle,NA,1,1,BASSETT ST,East Franklin Street,2011-08-22,"Two-Way , Not Divided",Dry,Daylight,Clear,Not a Collision Between Two Motor Vehicles in Transport,No,Stop Signs,2,1,Complains Of Pain,2,41.8167,-71.41233,FALSE,FALSE,"Bassett Street and East Franklin Street, Providence, RI, USA",FALSE,-71.41291249999999,41.81606439999999,intersection,geometric_center,"bassett st & franklin st, providence, ri 02903, usa",NA,NA,NA,NA,41.81606439999999,-71.41291249999999,Med High,85.68384381764064,FALSE,FALSE
3345,2011-08-21,86723,04:19:00,Pedestrian,1,NA,1,DOUGLAS AVE,CHAD BROWN ST,2011-08-21,"Two-Way , Not Divided",Dry,Dark - Lighted,Clear,Not a Collision Between Two Motor Vehicles in Transport,"Yes, M/V and Driver Left Scene",Traffic Control Signal,2,1,Incapacitating,NA,41.83945,-71.42601,FALSE,FALSE,"Douglas Ave and Chad Brown Street, Providence, RI, USA",FALSE,-71.42582689999999,41.8392775,intersection,geometric_center,"chad brown st & douglas ave, providence, ri 02908, usa",NA,NA,NA,NA,41.8392775,-71.42582689999999,Med High,24.481354413994953,FALSE,FALSE
3346,2011-08-21,86741,12:18:00,Bicycle,NA,1,1,WASHINGTON ST,EMPIRE ST,2011-08-21,"Two-Way , Not Divided",Dry,Daylight,Clear,Not a Collision Between Two Motor Vehicles in Transport,No,Traffic Control Signal,6,1,Incapacitating,NA,41.82182,-71.41645,FALSE,FALSE,"Washington Street and Empire Street, Providence, RI, USA",FALSE,-71.4157797,41.821349,route,geometric_center,"empire st, providence, ri 02903, usa","Washington Street & Empire Street, Providence, RI, USA",EjZXYXNoaW5ndG9uIFN0cmVldCAmIEVtcGlyZSBTdHJlZXQsIFByb3ZpZGVuY2UsIFJJLCBVU0EiZiJkChQKEgmNpp3sEkXkiRHnvAEsqcaDvRIUChIJjaad7BJF5IkR57wBLKnGg70aFAoSCanazZwSReSJERoH0JajEjT2GhQKEgnHPO_pEkXkiRGhxI4iuiomFSIKDWmC7RgVI7hu1Q,41.82186009999999,-71.4164189,41.82186009999999,-71.4164189,Med,5.155853917904554,FALSE,FALSE
3347,2011-08-21,86743,15:50:00,Pedestrian,1,NA,1,BROADWAY,ATWELLS AVE,2011-08-21,"Two-Way, Divided, Positive Median Barrier",Dry,Daylight,Clear,Not a Collision Between Two Motor Vehicles in Transport,"Yes, M/V and Driver Left Scene",No Controls,2,0,Unknown,NA,41.8226,-71.41788,FALSE,FALSE,"Broadway and Atwells Ave, Providence, RI, USA",FALSE,-71.4363598,41.8244829,route,geometric_center,"atwells ave, providence, ri, usa","Broadway & Atwells Ave, Providence, RI, USA",EitCcm9hZHdheSAmIEF0d2VsbHMgQXZlLCBQcm92aWRlbmNlLCBSSSwgVVNBImYiZAoUChIJTTRHew1F5IkRZCoShZCvLQ0SFAoSCU00R3sNReSJEWQqEoWQry0NGhQKEgmlteWGdUXkiREawjOx16RvsxoUChIJ7W1EBqJF5IkRRornUFgoCTQiCg3OmO0YFQVnbtU,41.8224334,-71.41849549999999,41.8224334,-71.41849549999999,Med,54.323704465654245,FALSE,FALSE
3348,2011-08-21,86802,23:16:00,Bicycle,NA,1,1,WESTMINSTER ST,WESTMINSTER ST EXIT,2011-08-22,"Two-Way , Not Divided",Wet,Daylight,Rain,Not a Collision Between Two Motor Vehicles in Transport,"Yes, M/V and Driver Left Scene",No Controls,1,1,Incapacitating,NA,41.81576,-71.4387,FALSE,FALSE,"Westminster Street and Westminster St Exit, Providence, RI, USA",FALSE,-71.4257801,41.8171825,route,geometric_center,"westminster st, providence, ri, usa",NA,NA,NA,NA,41.8171825,-71.4257801,Med,1083.5289055425808,FALSE,FALSE
3349,2011-08-19,86586,12:05:00,Pedestrian,2,NA,1,NORTH MAIN STREET,HEWES STREET,2011-08-19,One-Way Trafficway,Dry,Daylight,Clear,Not a Collision Between Two Motor Vehicles in Transport,No,Stop Signs,3,2,Complains Of Pain,2,41.83677,-71.40991,FALSE,FALSE,"North Main Street and Hewes Street, Providence, RI, USA",FALSE,-71.4104681,41.8361377,route,geometric_center,"hewes st, providence, ri 02904, usa","North Main Street & Hewes Street, Providence, RI, USA",EjVOb3J0aCBNYWluIFN0cmVldCAmIEhld2VzIFN0cmVldCwgUHJvdmlkZW5jZSwgUkksIFVTQSJmImQKFAoSCQFrh08eReSJEU40cCWL6o6gEhQKEgkBa4dPHkXkiRFONHAli-qOoBoUChIJ-fpBPd5E5IkRX9etvg1cIz8aFAoSCVMeKVkeReSJEfz2D6TIf8iDIgoNd8rvGBVkt2_V,41.8368119,-71.4098844,41.8368119,-71.4098844,Med,5.124806380242777,FALSE,FALSE
3350,2011-08-18,86295,11:40:00,Pedestrian,1,NA,1,WEBSTER AVE,STERLING AVE,2011-08-18,"Two-Way , Not Divided",Dry,Daylight,Clear,"Sideswipe, Same Direction",No,No Controls,3,1,Complains Of Pain,NA,41.81064,-71.44936,FALSE,FALSE,"Webster Ave and Sterling Ave, Providence, RI, USA",FALSE,-71.4493356,41.8106345,intersection,geometric_center,"webster ave & sterling ave, providence, ri 02909, usa",NA,NA,NA,NA,41.8106345,-71.4493356,Med High,2.115076847999002,FALSE,FALSE
3351,2011-08-18,86445,11:35:00,Bicycle,NA,1,1,Frost Street,North Main Street,2011-08-19,One-Way Trafficway,Dry,Daylight,Clear,Other,No,Traffic Control Signal,3,0,No Injury,2,41.85132,-71.40238,FALSE,FALSE,"Frost Street and North Main Street, Providence, RI, USA",FALSE,-71.4128343,41.8239891,locality,approximate,"providence, ri, usa","Frost Street & North Main Street, Providence, RI, USA",EjVGcm9zdCBTdHJlZXQgJiBOb3J0aCBNYWluIFN0cmVldCwgUHJvdmlkZW5jZSwgUkksIFVTQSJmImQKFAoSCX19LNrDROSJEaL1DS0QAB8hEhQKEgl9fSzaw0TkiRGi9Q0tEAAfIRoUChIJfX6pK8JE5IkRjwQl8NymCcgaFAoSCfn6QT3eROSJEV_Xrb4NXCM_IgoNkgHyGBXO3HDV,41.85132979999999,-71.402373,41.85132979999999,-71.402373,Med,1.2357334153659996,FALSE,FALSE
3352,2011-08-17,86762,18:41:00,Bicycle,NA,1,1,CRANSTON ST,WAVERLY ST,2011-08-21,"Two-Way , Not Divided",Dry,Daylight,Clear,Not a Collision Between Two Motor Vehicles in Transport,"Yes, M/V and Driver Left Scene",No Controls,2,1,Complains Of Pain,2,41.80832,-71.43454,FALSE,FALSE,"Cranston Street and Waverly Street, Providence, RI, USA",FALSE,-71.43456739999999,41.8083361,intersection,geometric_center,"cranston st & waverly st, providence, ri 02907, usa",NA,NA,NA,NA,41.8083361,-71.43456739999999,Med High,2.89500191295151,FALSE,FALSE
3353,2011-08-16,85921,15:07:00,Bicycle,1,NA,1,MANTON AVE,CHAFFEE ST,2011-08-16,"Two-Way , Not Divided",Dry,Daylight,Clear,Angle (Front - to - Side) Opposite Direction,No,No Controls,2,1,Complains Of Pain,2,41.81852,-71.44539,FALSE,FALSE,"Manton Ave and Chaffee Street, Providence, RI, USA",FALSE,-71.4456512,41.8187415,intersection,geometric_center,"chaffee st & manton ave, providence, ri 02909, usa",NA,NA,NA,NA,41.8187415,-71.4456512,Med High,32.82612112067476,FALSE,FALSE
3354,2011-08-16,85977,19:08:00,Bicycle,NA,1,1,SMITHFIELD AVE,SMITHFIELD AVE,2011-08-16,"Two-Way , Not Divided",Dry,Daylight,Clear,"Sideswipe, Same Direction",No,No Controls,2,0,No Injury,NA,41.8588,-71.41098,FALSE,FALSE,"Smithfield Ave and Smithfield Ave, Providence, RI, USA",FALSE,-71.4524031,41.8563993,intersection,geometric_center,"smithfield rd & smithfield ave, north providence, ri 02904, usa",NA,NA,NA,NA,41.8563993,-71.4524031,Med High,3444.8280216888534,FALSE,FALSE
3355,2011-08-16,86099,13:31:00,Pedestrian,1,NA,1,ORMS ST EXIT 23,ORMS ST,2011-08-17,One-Way Trafficway,Dry,Daylight,Clear,Other,No,Traffic Control Signal,4,1,Complains Of Pain,NA,41.8348,-71.41434,FALSE,FALSE,"Orms Street Exit 23 and Orms Street, Providence, RI, USA",FALSE,-71.4124815,41.8349171,street_address,range_interpolated,"23 orms st, providence, ri 02904, usa",NA,NA,NA,NA,41.8349171,-71.4124815,Med High,154.69577273745185,FALSE,FALSE
3356,2011-08-15,85730,11:26:00,Pedestrian,1,NA,1,SUMTER ST,BROAD ST,2011-08-15,"Two-Way , Not Divided",Wet,Daylight,Rain,Not a Collision Between Two Motor Vehicles in Transport,"Yes, M/V and Driver Left Scene",No Controls,1,1,Complains Of Pain,2,41.79774,-71.41412,FALSE,FALSE,"Sumter Street and Broad Street, Providence, RI, USA",FALSE,-71.4141112,41.79777230000001,intersection,geometric_center,"sumter st & broad st, providence, ri 02905, usa",NA,NA,NA,NA,41.79777230000001,-71.4141112,Med High,3.6690355200475495,FALSE,FALSE
3357,2011-08-15,86267,09:10:00,Bicycle,NA,1,1,OLDHAM ST,PLAIN ST,2011-08-18,"Two-Way , Not Divided",Wet,Daylight,Rain,Not a Collision Between Two Motor Vehicles in Transport,No,No Controls,2,1,Complains Of Pain,2,41.81328,-71.41232,FALSE,FALSE,"Oldham Street and Plain Street, Providence, RI, USA",FALSE,-71.4122769,41.8132938,intersection,geometric_center,"oldham st & plain st, providence, ri 02903, usa",NA,NA,NA,NA,41.8132938,-71.4122769,Med High,3.891965332070987,FALSE,FALSE
3358,2011-08-12,85379,09:41:00,Bicycle,NA,1,1,HOPE ST,CHARLESFIELD ST,2011-08-12,"Two-Way , Not Divided",Dry,Daylight,Clear,"Sideswipe, Same Direction",No,No Controls,2,1,Complains Of Pain,NA,41.82421,-71.39721,FALSE,FALSE,"Hope Street and Charlesfield Street, Providence, RI, USA",FALSE,-71.39718309999999,41.8241348,intersection,geometric_center,"hope st & charlesfield st, providence, ri 02912, usa",NA,NA,NA,NA,41.8241348,-71.39718309999999,Med High,8.663540210260052,FALSE,FALSE
3359,2011-08-12,85507,13:43:00,Bicycle,NA,1,1,S MAIN ST,HOPKINS ST,2011-08-13,One-Way Trafficway,Dry,Daylight,Clear,"Sideswipe, Same Direction",No,No Controls,3,1,Complains Of Pain,NA,41.82423,-71.40682,FALSE,FALSE,"S Main Street and Hopkins Street, Providence, RI, USA",FALSE,-71.4073013,41.8249706,intersection,geometric_center,"hopkins st & s main st, providence, ri 02903, usa",NA,NA,NA,NA,41.8249706,-71.4073013,Med High,91.60215896970767,FALSE,FALSE
3360,2011-08-11,85325,17:27:00,Pedestrian,1,NA,1,GLENHAM ST,PRAIRIE AVE,2011-08-11,"Two-Way , Not Divided",Dry,Daylight,Clear,Not a Collision Between Two Motor Vehicles in Transport,No,Stop Signs,2,0,No Injury,NA,41.80609,-71.41509,FALSE,FALSE,"Glenham Street and Prairie Ave, Providence, RI, USA",FALSE,-71.4150396,41.8061135,intersection,geometric_center,"glenham st & prairie ave, providence, ri 02905, usa",NA,NA,NA,NA,41.8061135,-71.4150396,Med High,4.932892632036362,FALSE,FALSE
3361,2011-08-10,90025,21:20:00,Pedestrian,1,NA,1,MITCHELL ST,HAMILTON ST,2011-09-13,"Two-Way , Not Divided",Dry,Dark - Lighted,Clear,Other,No,No Controls,2,1,Complains Of Pain,NA,41.80035,-71.42268,FALSE,FALSE,"Mitchell Street and Hamilton Street, Providence, RI, USA",FALSE,-71.4219078,41.8005942,intersection,geometric_center,"hamilton st & mitchell st, providence, ri 02907, usa",NA,NA,NA,NA,41.8005942,-71.4219078,Med High,69.60889209237763,FALSE,FALSE
3362,2011-08-09,84816,01:25:00,Bicycle,NA,1,1,W RIVER ST,BRANCH AVE,2011-08-09,"Two-Way , Not Divided",Unknown,Dark - Not Lighted,Clear,Not a Collision Between Two Motor Vehicles in Transport,"Yes, M/V and Driver Left Scene",No Controls,1,0,Unknown,NA,41.8469,-71.41269,FALSE,FALSE,"W River Street and Branch Ave, Providence, RI, USA",FALSE,-71.4126689,41.8468987,intersection,geometric_center,"w river st & branch ave, providence, ri 02904, usa",NA,NA,NA,NA,41.8468987,-71.4126689,Med High,1.7556970230067168,FALSE,FALSE
3363,2011-08-07,85354,09:49:00,Pedestrian,1,NA,1,INDIA ST,S MAIN ST,2011-08-12,"Two-Way , Not Divided",Dry,Daylight,Clear,"Sideswipe, Same Direction",No,No Controls,3,1,Complains Of Pain,NA,41.81634,-71.39891,FALSE,FALSE,"India Street and S Main Street, Providence, RI, USA",FALSE,-71.39820879999999,41.8167209,intersection,geometric_center,"india st & s main st, providence, ri 02903, usa",NA,NA,NA,NA,41.8167209,-71.39820879999999,Med High,71.98749736928748,FALSE,FALSE
3364,2011-08-06,84471,22:00:00,Pedestrian,1,NA,1,CHARLES ST,GILLEN ST,2011-08-07,"Two-Way , Not Divided",Wet,Dark - Lighted,Rain,Not a Collision Between Two Motor Vehicles in Transport,"Yes, M/V and Driver Left Scene",No Controls,1,1,Complains Of Pain,2,41.85245,-71.42032,FALSE,FALSE,"Charles Street and Gillen Street, Providence, RI, USA",FALSE,-71.42030419999999,41.8524898,intersection,geometric_center,"charles st & gillen st, providence, ri 02904, usa",NA,NA,NA,NA,41.8524898,-71.42030419999999,Med High,4.620156302663804,FALSE,FALSE
3365,2011-08-05,84368,15:27:00,Bicycle,NA,1,1,EMPIRE ST,BROADWAY,2011-08-05,"Two-Way, Divided, Positive Median Barrier",Dry,Daylight,Clear,Angle (Front - to - Side) Same Direction,No,No Controls,2,0,No Injury,2,41.82257,-71.41745,FALSE,FALSE,"Empire Street and Broadway, Providence, RI, USA",FALSE,-71.4177642,41.822755,intersection,geometric_center,"empire st & broadway, providence, ri 02903, usa",NA,NA,NA,NA,41.822755,-71.4177642,Med High,33.21897674221548,FALSE,FALSE
3366,2011-08-05,86232,01:32:00,Pedestrian,1,NA,1,ATWELLS AVE,MURPHY ST,2011-08-18,"Two-Way, Divided, Unprotected (painted>4feet) Medium",Dry,Dark - Lighted,Clear,"Sideswipe, Same Direction",No,No Controls,3,1,Complains Of Pain,NA,41.82373,-71.42884,FALSE,FALSE,"Atwells Ave and Murphy Street, Providence, RI, USA",FALSE,-71.4286718,41.8237332,intersection,geometric_center,"murphy st & atwells ave, providence, ri 02903, usa",NA,NA,NA,NA,41.8237332,-71.4286718,Med High,13.957622709466468,FALSE,FALSE
3367,2011-08-04,84466,22:11:00,Bicycle,NA,1,1,WESTMINSTER ST,MEMORIAL BOULEVARD,2011-08-06,"Two-Way , Not Divided",Dry,Dark - Lighted,Clear,"Sidwswipe, Opposite Direction",No,Traffic Control Signal,2,1,Complains Of Pain,2,41.82529,-71.40895,FALSE,FALSE,"Westminster Street and Memorial Boulevard, Providence, RI, USA",FALSE,-71.4088081,41.8253077,intersection,geometric_center,"memorial blvd & westminster st, providence, ri 02903, usa",NA,NA,NA,NA,41.8253077,-71.4088081,Med High,11.93483387030776,FALSE,FALSE
3368,2011-08-04,87831,23:09:00,Pedestrian,1,NA,1,RESERVOIR AVE,ELMWOOD AVE,2011-08-30,Unknown,Dry,Dark - Lighted,Clear,Not a Collision Between Two Motor Vehicles in Transport,No,No Controls,3,1,Complains Of Pain,NA,41.79755,-71.42606,FALSE,FALSE,"Reservoir Ave and Elmwood Ave, Providence, RI, USA",FALSE,-71.4258248,41.7971616,intersection,geometric_center,"reservoir ave & elmwood ave, providence, ri 02907, usa",NA,NA,NA,NA,41.7971616,-71.4258248,Med High,47.43827486056942,FALSE,FALSE
3369,2011-07-30,83517,01:02:00,Bicycle,NA,1,1,WESTMINSTER ST,EMPIRE ST,2011-07-30,One-Way Trafficway,Dry,Dark - Lighted,Clear,Angle (Front - to - Side) Right Angle (Includes Broadside),No,Traffic Control Signal,3,1,Incapacitating,2,41.82097,-71.41532,FALSE,FALSE,"Westminster Street and Empire Street, Providence, RI, USA",FALSE,-71.41532459999999,41.82098879999999,intersection,geometric_center,"empire st & westminster st, providence, ri 02903, usa",NA,NA,NA,NA,41.82098879999999,-71.41532459999999,Med High,2.1273141314465227,FALSE,FALSE
3370,2011-07-29,83480,12:50:00,Pedestrian,1,NA,1,Tell Street,Courtland Street,2011-07-29,"Two-Way , Not Divided",Dry,Daylight,Cloudy,Not a Collision Between Two Motor Vehicles in Transport,No,No Controls,3,1,Incapacitating,1,41.82188,-71.43251,FALSE,FALSE,"Tell Street and Courtland Street, Providence, RI, USA",FALSE,-71.43230009999999,41.8219436,intersection,geometric_center,"tell st & courtland st, providence, ri 02909, usa",NA,NA,NA,NA,41.8219436,-71.43230009999999,Med High,18.79710270390945,FALSE,FALSE
3371,2011-07-27,83161,17:21:00,Bicycle,NA,1,1,SORRENTO ST,LINWOOD AVE,2011-07-27,"Two-Way , Not Divided",Dry,Daylight,Clear,Not a Collision Between Two Motor Vehicles in Transport,No,Stop Signs,3,1,Complains Of Pain,2,41.80786,-71.43737,FALSE,FALSE,"Sorrento Street and Linwood Ave, Providence, RI, USA",FALSE,-71.4373713,41.807869,intersection,geometric_center,"sorrento st & linwood ave, providence, ri 02909, usa",NA,NA,NA,NA,41.807869,-71.4373713,Med High,1.007665608882482,FALSE,FALSE
3372,2011-07-26,82968,13:35:00,Pedestrian,1,NA,2,PLAIN ST,OLDHAM ST,2011-07-26,Unknown,Dry,Daylight,Clear,Other,No,No Controls,5,2,Complains Of Pain,NA,41.81281,-71.41214,FALSE,FALSE,"Plain Street and Oldham Street, Providence, RI, USA",FALSE,-71.4122769,41.8132938,intersection,geometric_center,"oldham st & plain st, providence, ri 02903, usa",NA,NA,NA,NA,41.8132938,-71.4122769,Med High,55.041106463883956,FALSE,TRUE
3373,2011-07-25,86808,15:50:00,Bicycle,NA,1,1,MANTON AVE,FAIRFIELD AVE,2011-07-25,"Two-Way , Not Divided",Dry,Daylight,Cloudy,Angle (Front - to - Side) Opposite Direction,No,No Controls,3,1,Complains Of Pain,NA,41.82568,-71.45655,FALSE,FALSE,"Manton Ave and Fairfield Ave, Providence, RI, USA",FALSE,-71.4564451,41.8256702,intersection,geometric_center,"fairfield ave & manton ave, providence, ri 02909, usa",NA,NA,NA,NA,41.8256702,-71.4564451,Med High,8.769861569959827,FALSE,FALSE
3374,2011-07-24,82622,13:20:00,Pedestrian,1,NA,1,BRADFORD ST,ATWELLS AVE,2011-07-24,"Two-Way , Not Divided",Dry,Daylight,Clear,Not a Collision Between Two Motor Vehicles in Transport,No,Stop Signs,2,1,Complains Of Pain,NA,41.82323,-71.42178,FALSE,FALSE,"Bradford Street and Atwells Ave, Providence, RI, USA",FALSE,-71.42178969999999,41.8232404,intersection,geometric_center,"atwells ave & bradford st, providence, ri 02903, usa",NA,NA,NA,NA,41.8232404,-71.42178969999999,Med High,1.409900510072912,FALSE,FALSE
3375,2011-07-23,82508,22:21:00,Bicycle,NA,1,1,STATE STREET,EXIT 23,2011-07-23,One-Way Trafficway,Dry,Daylight,Clear,Angle (Front - to - Side) Opposite Direction,No,No Controls,2,1,Complains Of Pain,NA,41.83478,-71.41433,FALSE,FALSE,"State Street and Exit 23, Providence, RI, USA",FALSE,-71.4128343,41.8239891,locality,approximate,"providence, ri, usa",NA,NA,NA,NA,41.8239891,-71.4128343,Med,1207.6273013388156,FALSE,FALSE