row_number,crash_date,crash_report_id,crash_time,collision_type,count_pedestrian,count_bicycle,number_of_vehicles,street_or_highway,nearest_intersection,report_date,type_of_roadway,road_surface_condition,light_condition,weather_condition,manner_of_impact,hit_and_run,traffic_control,person_count,injury_count,most_serious_injury,number_of_lanes,lat_raw,lon_raw,has_st_number,is_intersection_null,address_sent_to_geocoder,is_address_blank,lon_api_first_try,lat_api_first_try,type,loctype,address_returned_by_geocoder,address_returned_by_autocomplete,place_ids_autocompleted,lat_api_second_try,lon_api_second_try,lat_api_best,lon_api_best,api_coord_conf,distance_btwn_coords_meters,scooter,wheel_chair
3376,2011-07-21,82157,09:59:00,Bicycle,NA,1,2,ANGELL ST,HOPE ST,2011-07-21,"Two-Way , Not Divided",Dry,Daylight,Clear,Angle (Front - to - Side) Right Angle (Includes Broadside),No,Traffic Control Signal,3,1,Complains Of Pain,NA,41.8284,-71.39751,FALSE,FALSE,"Angell Street and Hope Street, Providence, RI, USA",FALSE,-71.3974982,41.8284083,intersection,geometric_center,"hope st & angell st, providence, ri 02906, usa",NA,NA,NA,NA,41.8284083,-71.3974982,Med High,1.3460080850877418,FALSE,FALSE
3377,2011-07-21,82187,12:21:00,Bicycle,NA,1,1,CHALKSTONE AVE,GARFIELD AVE,2011-07-21,"Two-Way , Not Divided",Dry,Daylight,Clear,Angle (Front - to - Side) Right Angle (Includes Broadside),No,No Controls,4,1,Incapacitating,2,41.83382,-71.43245,FALSE,FALSE,"Chalkstone Ave and Garfield Ave, Providence, RI, USA",FALSE,-71.4324252,41.833837,intersection,geometric_center,"garfield ave & chalkstone ave, providence, ri 02908, usa",NA,NA,NA,NA,41.833837,-71.4324252,Med High,2.7950682322969933,FALSE,FALSE
3378,2011-07-20,82162,11:51:00,Bicycle,NA,1,1,549 RIVER AVE,EATON ST,2011-07-21,"Two-Way , Not Divided",Dry,Daylight,Clear,Angle (Front - to - Side) Right Angle (Includes Broadside),No,Traffic Control Signal,2,1,Non-Incapacitating,NA,41.84304,-71.44051,TRUE,FALSE,"549 River Ave, Providence, RI, USA",FALSE,-71.440636,41.8433025,street_address,rooftop,"549 river ave, providence, ri 02908, usa",NA,NA,NA,NA,41.8433025,-71.440636,High,31.033430672833486,FALSE,FALSE
3379,2011-07-19,83335,13:37:00,Bicycle,NA,1,1,PUBLIC ST,BROAD ST,2011-07-21,"Two-Way , Not Divided",Dry,Daylight,Clear,Not a Collision Between Two Motor Vehicles in Transport,No,Traffic Control Signal,4,0,No Injury,NA,41.80441,-71.41937,FALSE,FALSE,"Public Street and Broad Street, Providence, RI, USA",FALSE,-71.41935959999999,41.804449,intersection,geometric_center,"public st & broad st, providence, ri 02907, usa",NA,NA,NA,NA,41.804449,-71.41935959999999,Med High,4.426402177424916,FALSE,FALSE
3380,2011-07-15,81271,01:09:00,Pedestrian,2,NA,1,ABBOTT PARK PL,WEYBOSSET ST,2011-07-15,One-Way Trafficway,Dry,Dark - Lighted,Clear,Not a Collision Between Two Motor Vehicles in Transport,"Yes, M/V and Driver Left Scene",No Controls,8,2,Incapacitating,NA,41.82061,-71.4134,FALSE,FALSE,"Abbott Park Pl and Weybosset Street, Providence, RI, USA",FALSE,-71.4136706,41.8204998,intersection,geometric_center,"weybosset st & abbott park pl, providence, ri 02903, usa",NA,NA,NA,NA,41.8204998,-71.4136706,Med High,25.58199258692603,FALSE,FALSE
3381,2011-07-15,82867,18:11:00,Bicycle,NA,1,1,BANCROFT ST,KELLEY ST,2011-07-16,"Two-Way , Not Divided",Dry,Daylight,Clear,Not a Collision Between Two Motor Vehicles in Transport,No,No Controls,3,0,No Injury,NA,41.81294,-71.44793,FALSE,FALSE,"Bancroft Street and Kelley Street, Providence, RI, USA",FALSE,-71.4480739,41.8130759,intersection,geometric_center,"bancroft st & kelly st, providence, ri 02909, usa",NA,NA,NA,NA,41.8130759,-71.4480739,Med High,19.272052667988604,FALSE,FALSE
3382,2011-07-11,80680,11:19:00,Bicycle,NA,1,1,CHAPEL ST,SNOW ST,2011-07-11,One-Way Trafficway,Dry,Daylight,Clear,Angle (Front - to - Side) Right Angle (Includes Broadside),No,Stop Signs,2,0,No Injury,NA,41.8212,-71.41384,FALSE,FALSE,"Chapel Street and Snow Street, Providence, RI, USA",FALSE,-71.4150373,41.8221814,route,geometric_center,"snow st, providence, ri 02903, usa","Chapel Street & Snow Street, Providence, RI, USA",EjBDaGFwZWwgU3RyZWV0ICYgU25vdyBTdHJlZXQsIFByb3ZpZGVuY2UsIFJJLCBVU0EiZiJkChQKEglvWKMVE0XkiRGEK_RpokQnfBIUChIJb1ijFRNF5IkRhCv0aaJEJ3waFAoSCbvh-RUTReSJEYc_0vLn5q88GhQKEgnb-G4CE0XkiRGUF36UELXa8iIKDT1p7RgV9hxv1Q,41.8212157,-71.4138378,41.8212157,-71.4138378,Med,1.7572195920183933,FALSE,FALSE
3383,2011-07-11,80760,21:15:00,Pedestrian,1,NA,1,280 Broad St.,NA,2011-07-11,"Two-Way, Divided, Unprotected (painted>4feet) Medium",Dry,Dark - Lighted,Clear,Head-On (Front - to - Front),"Yes, M/V and Driver Left Scene",No Controls,1,1,Complains Of Pain,NA,41.82503,-71.4148,TRUE,TRUE,"280 Broad St., Providence, RI, USA",FALSE,-71.4202425,41.8149485,premise,rooftop,"280 broad st, providence, ri 02907, usa",NA,NA,NA,NA,41.8149485,-71.4202425,High,1209.6883469181541,FALSE,FALSE
3384,2011-07-10,80591,09:46:00,Bicycle,NA,1,1,112 POCASSET AVE,MAGNOLIA ST,2011-07-10,"Two-Way , Not Divided",Dry,Daylight,Clear,Angle (Front - to - Side) Right Angle (Includes Broadside),No,No Controls,2,1,Complains Of Pain,NA,41.81136,-71.45203,TRUE,FALSE,"112 Pocasset Ave, Providence, RI, USA",FALSE,-71.4519322,41.8111628,street_address,rooftop,"112 pocasset ave, providence, ri 02909, usa",NA,NA,NA,NA,41.8111628,-71.4519322,High,23.403975307249606,FALSE,FALSE
3385,2011-07-10,82055,14:15:00,Bicycle,NA,1,1,GALLUP ST,PRAIRIE AVE,2011-07-11,"Two-Way , Not Divided",Dry,Daylight,Clear,Other,No,No Controls,3,1,Complains Of Pain,NA,41.80002,-71.41247,FALSE,FALSE,"Gallup Street and Prairie Ave, Providence, RI, USA",FALSE,-71.4124604,41.8000325,intersection,geometric_center,"gallup st & prairie ave, providence, ri 02905, usa",NA,NA,NA,NA,41.8000325,-71.4124604,Med High,1.6034120575413864,FALSE,FALSE
3386,2011-07-08,80369,03:08:00,Pedestrian,1,NA,1,CONGRESS AVE,NIAGARA ST,2011-07-08,"Two-Way , Not Divided",Dry,Dark - Lighted,Clear,Not a Collision Between Two Motor Vehicles in Transport,"Yes, M/V and Driver Left Scene",No Controls,1,1,Complains Of Pain,NA,41.80052,-71.4197,FALSE,FALSE,"Congress Ave and Niagara Street, Providence, RI, USA",FALSE,-71.4196949,41.8005305,intersection,geometric_center,"congress ave & niagara st, providence, ri 02907, usa",NA,NA,NA,NA,41.8005305,-71.4196949,Med High,1.243117351979767,FALSE,FALSE
3387,2011-07-07,80284,14:14:00,Pedestrian,1,NA,1,CHALKSTONE AVE,GENEVA ST,2011-07-07,"Two-Way , Not Divided",Dry,Daylight,Clear,Other,No,No Controls,4,1,Complains Of Pain,NA,41.83227,-71.44088,FALSE,FALSE,"Chalkstone Ave and Geneva Street, Providence, RI, USA",FALSE,-71.4409323,41.832278,intersection,geometric_center,"chalkstone ave & geneva st, providence, ri 02908, usa",NA,NA,NA,NA,41.832278,-71.4409323,Med High,4.428450637225255,FALSE,FALSE
3388,2011-07-04,79884,22:10:00,Bicycle,NA,1,1,HARTFORD AVE,OLNEYVILLE SQ,2011-07-04,One-Way Trafficway,Dry,Dark - Lighted,Clear,Angle (Front - to - Side) Right Angle (Includes Broadside),No,No Controls,3,0,No Injury,NA,41.81674,-71.44437,FALSE,FALSE,"Hartford Ave and Olneyville Sq, Providence, RI, USA",FALSE,-71.4434849,41.8167835,route,geometric_center,"olneyville square, providence, ri 02909, usa",NA,NA,NA,NA,41.8167835,-71.4434849,Med,73.59119166847881,FALSE,FALSE
3389,2011-07-04,79896,21:50:00,Pedestrian,1,NA,1,ROBIN ST,HARVEST ST,2011-07-04,"Two-Way , Not Divided",Dry,Dark - Lighted,Clear,Other,No,No Controls,3,1,Complains Of Pain,NA,41.83156,-71.43602,FALSE,FALSE,"Robin Street and Harvest Street, Providence, RI, USA",FALSE,-71.435982,41.83152,intersection,geometric_center,"harvest st & robin st, providence, ri 02908, usa",NA,NA,NA,NA,41.83152,-71.435982,Med High,5.4554394382269,FALSE,FALSE
3390,2011-07-02,79704,08:06:00,Bicycle,NA,1,1,825 hope st,4TH ST,2011-07-02,"Two-Way, Divided, Unprotected (painted>4feet) Medium",Dry,Daylight,Clear,Unknown,No,No Controls,2,1,Complains Of Pain,NA,41.84936,-71.39485,TRUE,FALSE,"825 Hope Street, Providence, RI, USA",FALSE,-71.3944372,41.8492963,premise,rooftop,"825 hope st, providence, ri 02906, usa",NA,NA,NA,NA,41.8492963,-71.3944372,High,34.957009059753815,FALSE,FALSE
3391,2011-06-29,79408,18:33:00,Pedestrian,1,NA,1,KIMBALL AVENUE,CHALKSTONE AVENUE,2011-06-29,"Two-Way , Not Divided",Dry,Daylight,Clear,Angle (Front - to - Side) Right Angle (Includes Broadside),"Yes, Driver Left Scene",Stop Signs,1,1,Incapacitating,2,41.82462,-71.41556,FALSE,FALSE,"Kimball Avenue and Chalkstone Avenue, Providence, RI, USA",FALSE,-71.4417437,41.8322912,route,geometric_center,"chalkstone ave, providence, ri, usa","Kimball Street & Chalkstone Avenue, Providence, RI, USA",EjdLaW1iYWxsIFN0cmVldCAmIENoYWxrc3RvbmUgQXZlbnVlLCBQcm92aWRlbmNlLCBSSSwgVVNBImYiZAoUChIJn4tKgLlF5IkRqZB2Lt0AAbYSFAoSCZ-LSoC5ReSJEamQdi7dAAG2GhQKEgmPsohbt0XkiRGHSDRiheiQIBoUChIJdzMxm69F5IkRFM5IhAG4zqsiCg2lMe8YFXXpadU,41.8328997,-71.4479243,41.8328997,-71.4479243,Med,2838.393382878005,FALSE,FALSE
3392,2011-06-29,80273,15:53:00,Bicycle,NA,1,1,N MAIN ST,STENTON AVE,2011-06-29,One-Way Trafficway,Dry,Daylight,Clear,"Sidwswipe, Opposite Direction",No,No Controls,3,1,Complains Of Pain,NA,41.84943,-71.40336,FALSE,FALSE,"N Main Street and Stenton Ave, Providence, RI, USA",FALSE,-71.4022123,41.8491109,route,geometric_center,"stenton ave, providence, ri 02906, usa","North Main Street & Stenton Ave, Providence, RI, USA",EjROb3J0aCBNYWluIFN0cmVldCAmIFN0ZW50b24gQXZlLCBQcm92aWRlbmNlLCBSSSwgVVNBImYiZAoUChIJqZzo_sJE5IkRhoi9ouQioRMSFAoSCamc6P7CROSJEYaIvaLkIqETGhQKEgn5-kE93kTkiRFf162-DVwjPxoUChIJQXuNCcNE5IkRQi4VzpZXS7UiCg31r_EYFTGxcNU,41.84924050000001,-71.40348949999999,41.84924050000001,-71.40348949999999,Med,23.670959430412726,FALSE,FALSE
3393,2011-06-28,79407,22:08:00,Pedestrian,1,NA,1,SMITH ST,BRIGHTWOOD AVE,2011-06-28,"Two-Way , Not Divided",Dry,Dark - Lighted,Clear,Head-On (Front - to - Front),"Yes, M/V and Driver Left Scene",No Controls,2,1,Non-Incapacitating,NA,41.84714,-71.45413,FALSE,FALSE,"Smith Street and Brightwood Ave, Providence, RI, USA",FALSE,-71.453603,41.8485499,route,geometric_center,"brightwood ave, providence, ri 02908, usa","Smith Street & Brightwood Ave, Providence, RI, USA",EjJTbWl0aCBTdHJlZXQgJiBCcmlnaHR3b29kIEF2ZSwgUHJvdmlkZW5jZSwgUkksIFVTQSJmImQKFAoSCZWGSWc1ROSJETaqhDuOO2twEhQKEgmVhklnNUTkiRE2qoQ7jjtrcBoUChIJta5wTEtE5IkRIbWjMLiMq4QaFAoSCT9edIg1ROSJEZnZUv2XyMbLIgoNNF3xGBUL-WjV,41.847122,-71.4540789,41.847122,-71.4540789,Med,4.687336644858049,FALSE,FALSE
3394,2011-06-27,79101,10:11:00,Bicycle,NA,1,1,5TH ST,SUMMIT AVE,2011-06-27,"Two-Way , Not Divided",Dry,Daylight,Clear,Angle (Front - to - Side) Right Angle (Includes Broadside),No,Stop Signs,2,1,Complains Of Pain,2,41.85115,-71.39794,TRUE,FALSE,"5th Street, Providence, RI, USA",FALSE,-71.3966306,41.8506938,route,geometric_center,"5th st, providence, ri 02906, usa",NA,NA,NA,NA,41.8506938,-71.3966306,High,119.86511906347334,FALSE,FALSE
3395,2011-06-25,78868,00:15:00,Pedestrian,3,NA,1,731 EDDY,PUBLIC ST,2011-06-25,Unknown,Wet,Dark - Lighted,Rain,Not a Collision Between Two Motor Vehicles in Transport,"Yes, M/V and Driver Left Scene",Other,4,2,Complains Of Pain,NA,41.80731,-71.40725,TRUE,FALSE,"731 Eddy, Providence, RI, USA",FALSE,-71.4075635,41.80781959999999,premise,rooftop,"731 eddy st, providence, ri 02903, usa",NA,NA,NA,NA,41.80781959999999,-71.4075635,High,62.40826192240881,FALSE,FALSE
3396,2011-06-25,78956,15:40:00,Bicycle,NA,1,1,UNION AVE,ALTHEA ST,2011-06-25,"Two-Way , Not Divided",Dry,Daylight,Clear,Not a Collision Between Two Motor Vehicles in Transport,No,Stop Signs,4,1,Non-Incapacitating,2,41.80932,-71.43828,FALSE,FALSE,"Union Ave and Althea Street, Providence, RI, USA",FALSE,-71.4350772,41.807752,route,geometric_center,"althea st, providence, ri, usa","Union Ave & Althea Street, Providence, RI, USA",Ei5VbmlvbiBBdmUgJiBBbHRoZWEgU3RyZWV0LCBQcm92aWRlbmNlLCBSSSwgVVNBImYiZAoUChIJXZMahIZF5IkRB-__ASO0yokSFAoSCV2TGoSGReSJEQfv_wEjtMqJGhQKEgkjges4ikXkiRGe1Z8wsMWILxoUChIJp4GeQIFF5IkR1Ebe3VPYn2YiCg16lusYFVZca9U,41.8092666,-71.4384298,41.8092666,-71.4384298,Med,13.777848612989605,FALSE,FALSE
3397,2011-06-25,78998,12:43:00,Bicycle,NA,1,1,UNION AVE,POCASSET AVE,2011-06-26,"Two-Way, Divided, Unprotected (painted>4feet) Medium",Dry,Daylight,Clear,Other,"Yes, M/V and Driver Left Scene",Traffic Control Signal,2,1,Complains Of Pain,NA,41.80639,-71.45714,FALSE,FALSE,"Union Ave and Pocasset Ave, Providence, RI, USA",FALSE,-71.4543806,41.8103315,route,geometric_center,"pocasset ave, providence, ri 02909, usa","Union Ave & Pocasset Ave, Providence, RI, USA",Ei1VbmlvbiBBdmUgJiBQb2Nhc3NldCBBdmUsIFByb3ZpZGVuY2UsIFJJLCBVU0EiZiJkChQKEgnV9JkOX0_kiREp1PpdYrmBhRIUChIJ1fSZDl9P5IkRKdT6XWK5gYUaFAoSCSOB6ziKReSJEZ7VnzCwxYgvGhQKEgl1Nawmi0XkiRGcN_50_xMz6CIKDfIm6xgVkIJo1Q,41.80641139999999,-71.457112,41.80641139999999,-71.457112,Med,3.32763133320469,FALSE,FALSE
3398,2011-06-24,78991,13:26:00,Pedestrian,1,NA,1,461 PLAINFIELD STREET,RALPH ST,2011-06-26,"Two-Way , Not Divided",Dry,Daylight,Cloudy,Other,No,No Controls,4,1,Complains Of Pain,2,41.81342,-71.45379,TRUE,FALSE,"461 Plainfield Street, Providence, RI, USA",FALSE,-71.45376879999999,41.81355689999999,street_address,rooftop,"461 plainfield st, providence, ri 02909, usa",NA,NA,NA,NA,41.81355689999999,-71.45376879999999,High,15.340808992572713,FALSE,FALSE
3399,2011-06-22,80941,23:12:00,Pedestrian,2,NA,1,BROAD ST,SERVICE ROAD 7,2011-06-23,"Two-Way , Not Divided",Wet,Dark - Lighted,Rain,Not a Collision Between Two Motor Vehicles in Transport,No,No Controls,4,2,Complains Of Pain,NA,41.81732,-71.41705,FALSE,FALSE,"Broad Street and Service Road 7, Providence, RI, USA",FALSE,-71.4200451,41.8199608,route,geometric_center,"service rd 1, providence, ri, usa","Broad Street & Service Road 7th, Providence, RI, USA",EjRCcm9hZCBTdHJlZXQgJiBTZXJ2aWNlIFJvYWQgN3RoLCBQcm92aWRlbmNlLCBSSSwgVVNBImYiZAoUChIJbbRukG1F5IkRg0XEjUgVvRgSFAoSCW20bpBtReSJEYNFxI1IFb0YGhQKEgmD3n3VjE_kiREsosqTmEsIoxoUChIJB3h0QnZF5IkRyxFdBkwhBUwiCg0k0-wYFUejbtU,41.8173732,-71.4169529,41.8173732,-71.4169529,Med,9.998384006199737,FALSE,FALSE
3400,2011-06-21,78493,17:49:00,Bicycle,NA,1,1,ADELAIDE AVE,HAMILTON ST,2011-06-21,"Two-Way , Not Divided",Dry,Daylight,Clear,Other,No,No Controls,2,1,Complains Of Pain,NA,41.7972,-71.42076,FALSE,FALSE,"Adelaide Ave and Hamilton Street, Providence, RI, USA",FALSE,-71.4201379,41.7973969,intersection,geometric_center,"adelaide ave & hamilton st, providence, ri 02907, usa",NA,NA,NA,NA,41.7973969,-71.4201379,Med High,56.08797564686478,FALSE,FALSE
3401,2011-06-20,78303,19:09:00,Bicycle,NA,1,1,MONTROSE ST,RIDGELAND ST,2011-06-20,"Two-Way , Not Divided",Dry,Daylight,Clear,Not a Collision Between Two Motor Vehicles in Transport,No,No Controls,3,1,Incapacitating,NA,41.82574,-71.44947,FALSE,FALSE,"Montrose Street and Ridgeland Street, Providence, RI, USA",FALSE,-71.4128343,41.8239891,locality,approximate,"providence, ri, usa",NA,NA,NA,NA,41.8239891,-71.4128343,Med,3045.3143457299707,FALSE,FALSE
3402,2011-06-16,77727,07:56:00,Pedestrian,1,NA,1,ATWELLS AVE,VALLEY ST,2011-06-16,"Two-Way, Divided, Unprotected (painted>4feet) Medium",Dry,Daylight,Clear,Other,No,Traffic Control Signal,3,1,Non-Incapacitating,NA,41.82455,-71.43933,FALSE,FALSE,"Atwells Ave and Valley Street, Providence, RI, USA",FALSE,-71.4394736,41.8245768,intersection,geometric_center,"valley st & atwells ave, providence, ri 02908, usa",NA,NA,NA,NA,41.8245768,-71.4394736,Med High,12.2801254610907,FALSE,FALSE
3403,2011-06-16,77798,15:21:00,Pedestrian,1,NA,1,HARTFORD AVE,ELIZA ST,2011-06-16,"Two-Way , Not Divided",Dry,Daylight,Clear,Not a Collision Between Two Motor Vehicles in Transport,No,No Controls,6,1,Incapacitating,2,41.81925,-71.4635,FALSE,FALSE,"Hartford Ave and Eliza Street, Providence, RI, USA",FALSE,-71.4636357,41.8193007,intersection,geometric_center,"eliza st & hartford ave, providence, ri 02909, usa",NA,NA,NA,NA,41.8193007,-71.4636357,Med High,12.593329602773219,FALSE,FALSE
3404,2011-06-13,77305,13:15:00,Bicycle,NA,1,1,WEYBOSSET ST,ORANGE ST,2011-06-13,One-Way Trafficway,Dry,Daylight,Cloudy,Not a Collision Between Two Motor Vehicles in Transport,No,No Controls,3,1,Non-Incapacitating,NA,41.82334,-71.41058,FALSE,FALSE,"Weybosset Street and Orange Street, Providence, RI, USA",FALSE,-71.410541,41.8233753,intersection,geometric_center,"weybosset st & orange st, providence, ri 02903, usa",NA,NA,NA,NA,41.8233753,-71.410541,Med High,5.090047528908157,FALSE,FALSE
3405,2011-06-10,77001,22:16:00,Bicycle,NA,1,1,GILLEN ST,CARNAC ST,2011-06-10,"Two-Way , Not Divided",Dry,Dark - Lighted,Clear,Head-On (Front - to - Front),"Yes, M/V and Driver Left Scene",No Controls,3,1,Complains Of Pain,NA,41.85293,-71.41907,FALSE,FALSE,"Gillen Street and Carnac Street, Providence, RI, USA",FALSE,-71.4190635,41.8529451,intersection,geometric_center,"carnac st & gillen st, providence, ri 02904, usa",NA,NA,NA,NA,41.8529451,-71.4190635,Med High,1.7652161050514654,FALSE,FALSE
3406,2011-06-10,77078,02:59:00,Pedestrian,1,NA,1,MOUNT PLEASANT AVE,OLD RD,2011-06-11,"Two-Way , Not Divided",Dry,Daylight,Clear,Rear - to - Side,No,No Controls,2,1,Complains Of Pain,NA,41.84589,-71.45382,FALSE,FALSE,"Mount Pleasant Ave and Old Rd, Providence, RI, USA",FALSE,-71.45380039999999,41.8458919,intersection,geometric_center,"mt pleasant ave & old rd, providence, ri 02908, usa",NA,NA,NA,NA,41.8458919,-71.45380039999999,Med High,1.6390643066169268,FALSE,FALSE
3407,2011-06-09,76878,16:23:00,Pedestrian,1,NA,1,FLORENCE ST,KOSSUTH ST,2011-06-09,One-Way Trafficway,Wet,Daylight,Clear,Not a Collision Between Two Motor Vehicles in Transport,No,No Controls,3,1,Complains Of Pain,NA,41.82157,-71.44596,FALSE,FALSE,"Florence Street and Kossuth Street, Providence, RI, USA",FALSE,-71.44585690000001,41.8221544,intersection,geometric_center,"florence st & kossuth st, providence, ri 02909, usa",NA,NA,NA,NA,41.8221544,-71.44585690000001,Med High,65.61493838551904,FALSE,FALSE
3408,2011-06-08,76728,01:16:00,Pedestrian,1,NA,1,SOUTH ST,CHESTNUT ST,2011-06-08,"Two-Way , Not Divided",Dry,Dark - Lighted,Clear,Not a Collision Between Two Motor Vehicles in Transport,No,No Controls,3,1,Complains Of Pain,NA,41.81708,-71.40858,FALSE,FALSE,"South Street and Chestnut Street, Providence, RI, USA",FALSE,-71.4085739,41.81707,intersection,geometric_center,"chestnut st & south st, providence, ri 02903, usa",NA,NA,NA,NA,41.81707,-71.4085739,Med High,1.2228326189382235,FALSE,FALSE
3409,2011-06-03,76032,00:51:00,Pedestrian,1,NA,1,REGENT AVE,HAROLD ST,2011-06-03,"Two-Way , Not Divided",Dry,Dark - Lighted,Clear,Not a Collision Between Two Motor Vehicles in Transport,"Yes, M/V and Driver Left Scene",No Controls,3,1,Non-Incapacitating,NA,41.82969,-71.43909,FALSE,FALSE,"Regent Ave and Harold Street, Providence, RI, USA",FALSE,-71.4387133,41.8297388,intersection,geometric_center,"harold st & regent ave, providence, ri 02908, usa",NA,NA,NA,NA,41.8297388,-71.4387133,Med High,31.715043734094692,FALSE,FALSE
3410,2011-06-03,76193,18:44:00,Pedestrian,1,NA,1,WEYBOSSET ST,RICHMOND ST,2011-06-04,One-Way Trafficway,Dry,Daylight,Clear,Head-On (Front - to - Front),No,Person,3,1,Complains Of Pain,NA,41.82307,-71.41098,FALSE,FALSE,"Weybosset Street and Richmond Street, Providence, RI, USA",FALSE,-71.4128684,41.8211606,intersection,geometric_center,"weybosset st & richmond st, providence, ri 02906, usa",NA,NA,NA,NA,41.8211606,-71.4128684,Med High,264.04598059328737,FALSE,FALSE
3411,2011-06-02,75928,17:41:00,Pedestrian,1,NA,1,WARREN ST,HARRISON ST,2011-06-02,"Two-Way , Not Divided",Dry,Daylight,Clear,Not a Collision Between Two Motor Vehicles in Transport,No,No Controls,5,1,Non-Incapacitating,NA,41.81098,-71.42785,FALSE,FALSE,"Warren Street and Harrison Street, Providence, RI, USA",FALSE,-71.4277249,41.8110035,intersection,geometric_center,"harrison st & warren st, providence, ri 02907, usa",NA,NA,NA,NA,41.8110035,-71.4277249,Med High,10.704349490231083,FALSE,FALSE
3412,2011-05-29,75503,12:51:00,Bicycle,NA,1,1,RIVER AVE,EATON ST,2011-05-29,"Two-Way, Divided, Unprotected (painted>4feet) Medium",Dry,Daylight,Clear,Other,No,No Controls,3,1,Complains Of Pain,2,41.84231,-71.44053,FALSE,FALSE,"River Ave and Eaton Street, Providence, RI, USA",FALSE,-71.4405101,41.8431147,intersection,geometric_center,"eaton st & river ave, providence, ri 02908, usa",NA,NA,NA,NA,41.8431147,-71.4405101,Med High,89.5939949728093,FALSE,FALSE
3413,2011-05-25,74927,17:45:00,Pedestrian,1,NA,1,WESTMINSTER ST,MESSER ST,2011-05-25,"Two-Way , Not Divided",Dry,Daylight,Clear,"Sideswipe, Same Direction",No,Stop Signs,3,1,Complains Of Pain,NA,41.81585,-71.43707,FALSE,FALSE,"Westminster Street and Messer Street, Providence, RI, USA",FALSE,-71.437044,41.8158698,intersection,geometric_center,"messer st & westminster st, providence, ri 02909, usa",NA,NA,NA,NA,41.8158698,-71.437044,Med High,3.0840331885179557,FALSE,FALSE
3414,2011-05-24,74791,20:31:00,Pedestrian,1,NA,1,CRANSTON ST,DIAMOND ST,2011-05-24,"Two-Way , Not Divided",Dry,Daylight,Clear,"Sideswipe, Same Direction","Yes, M/V and Driver Left Scene",No Controls,2,1,Complains Of Pain,2,41.8123,-71.43017,FALSE,FALSE,"Cranston Street and Diamond Street, Providence, RI, USA",FALSE,-71.43036,41.8122284,intersection,geometric_center,"cranston st & diamond st, providence, ri 02909, usa",NA,NA,NA,NA,41.8122284,-71.43036,Med High,17.66472138008701,FALSE,FALSE
3415,2011-05-22,74524,00:51:00,Pedestrian,1,NA,1,ELMWOOD AVE,PRINCETON AVE,2011-05-22,"Two-Way , Not Divided",Dry,Dark - Lighted,Clear,Not a Collision Between Two Motor Vehicles in Transport,"Yes, M/V and Driver Left Scene",No Controls,3,1,Incapacitating,NA,41.80561,-71.42516,FALSE,FALSE,"Elmwood Ave and Princeton Ave, Providence, RI, USA",FALSE,-71.4252446,41.8053667,intersection,geometric_center,"princeton ave & elmwood ave, providence, ri 02907, usa",NA,NA,NA,NA,41.8053667,-71.4252446,Med High,27.979017247485192,FALSE,FALSE
3416,2011-05-20,74293,15:59:00,Pedestrian,1,NA,1,Manila St,Lubec Street,2011-05-20,One-Way Trafficway,Dry,Daylight,Clear,Other,No,Stop Signs,4,1,Complains Of Pain,NA,41.85438,-71.44557,FALSE,FALSE,"Manila Street and Lubec Street, Providence, RI, USA",FALSE,-71.44555179999999,41.8543745,intersection,geometric_center,"manila st & lubec st, providence, ri 02904, usa",NA,NA,NA,NA,41.8543745,-71.44555179999999,Med High,1.6285362146413564,FALSE,FALSE
3417,2011-05-19,73979,11:10:00,Pedestrian,1,NA,1,575 CHARLES ST,MARIETTA ST,2011-05-19,"Two-Way , Not Divided",Wet,Daylight,Rain,"Sideswipe, Same Direction",No,No Controls,3,1,Complains Of Pain,NA,41.85159,-71.42019,TRUE,FALSE,"575 Charles Street, Providence, RI, USA",FALSE,-71.4199336,41.8516498,premise,rooftop,"575 charles st, providence, ri 02904, usa",NA,NA,NA,NA,41.8516498,-71.4199336,High,22.27827934089717,FALSE,FALSE
3418,2011-05-19,74171,21:13:00,Pedestrian,1,NA,1,CHARLES ST,CHARLES ST EXIT,2011-05-19,"Two-Way, Divided, Unprotected (painted>4feet) Medium",Wet,Dark - Lighted,Cloudy,Other,No,Traffic Control Signal,4,1,Complains Of Pain,NA,41.8422,-71.41799,FALSE,FALSE,"Charles Street and Charles St Exit, Providence, RI, USA",FALSE,-71.4128343,41.8239891,locality,approximate,"providence, ri, usa",NA,NA,NA,NA,41.8239891,-71.4128343,Med,2071.8400479907796,FALSE,FALSE
3419,2011-05-19,74180,20:59:00,Pedestrian,1,NA,1,48 ACADEMY AVE,NA,2011-05-19,"Two-Way , Not Divided",Wet,Dark - Unknown Lighting,Rain,Unknown,"Yes, M/V and Driver Left Scene",No Controls,2,1,Complains Of Pain,NA,41.82618,-71.44354,TRUE,TRUE,"48 Academy Ave, Providence, RI, USA",FALSE,-71.44374599999999,41.8261428,street_address,rooftop,"48 academy ave, providence, ri 02908, usa",NA,NA,NA,NA,41.8261428,-71.44374599999999,High,17.58274748443558,FALSE,FALSE
3420,2011-05-16,73568,22:32:00,Bicycle,NA,1,1,WASHINGTON ST,UNION ST,2011-05-16,"Two-Way , Not Divided",Wet,Dark - Lighted,Rain,Angle (Front - to - Side) Same Direction,No,Traffic Control Signal,2,1,Complains Of Pain,2,41.8236,-71.414,FALSE,FALSE,"Washington Street and Union Street, Providence, RI, USA",FALSE,-71.4128343,41.8239891,locality,approximate,"providence, ri, usa","Washington Street & Union Street, Providence, RI, USA",EjVXYXNoaW5ndG9uIFN0cmVldCAmIFVuaW9uIFN0cmVldCwgUHJvdmlkZW5jZSwgUkksIFVTQSJmImQKFAoSCXvJS8cTReSJEcVp0B49EFpXEhQKEgl7yUvHE0XkiRHFadAePRBaVxoUChIJqdrNnBJF5IkRGgfQlqMSNPYaFAoSCXNAs5UTReSJEZJE18owa50QIgoN_cbtGBWuFm_V,41.8236157,-71.4139986,41.8236157,-71.4139986,Med,1.7515704890054968,FALSE,FALSE