row_number,crash_date,crash_report_id,crash_time,collision_type,count_pedestrian,count_bicycle,number_of_vehicles,street_or_highway,nearest_intersection,report_date,type_of_roadway,road_surface_condition,light_condition,weather_condition,manner_of_impact,hit_and_run,traffic_control,person_count,injury_count,most_serious_injury,number_of_lanes,lat_raw,lon_raw,has_st_number,is_intersection_null,address_sent_to_geocoder,is_address_blank,lon_api_first_try,lat_api_first_try,type,loctype,address_returned_by_geocoder,address_returned_by_autocomplete,place_ids_autocompleted,lat_api_second_try,lon_api_second_try,lat_api_best,lon_api_best,api_coord_conf,distance_btwn_coords_meters,scooter,wheel_chair
3513,2010-12-21,51002,18:43:00,Pedestrian,1,NA,1,WASHINGTON ST,EMPIRE ST,2010-12-21,One-Way Trafficway,Dry,Dark - Lighted,Clear,Other,No,Traffic Control Signal,2,1,Complains Of Pain,NA,41.82182,-71.41645,FALSE,FALSE,"Washington Street and Empire Street, Providence, RI, USA",FALSE,-71.4157797,41.821349,route,geometric_center,"empire st, providence, ri 02903, usa","Washington Street & Empire Street, Providence, RI, USA",EjZXYXNoaW5ndG9uIFN0cmVldCAmIEVtcGlyZSBTdHJlZXQsIFByb3ZpZGVuY2UsIFJJLCBVU0EiZiJkChQKEgmNpp3sEkXkiRHnvAEsqcaDvRIUChIJjaad7BJF5IkR57wBLKnGg70aFAoSCanazZwSReSJERoH0JajEjT2GhQKEgnHPO_pEkXkiRGhxI4iuiomFSIKDWmC7RgVI7hu1Q,41.82186009999999,-71.4164189,41.82186009999999,-71.4164189,Med,5.155853917904554,FALSE,FALSE
3514,2010-12-17,50352,00:56:00,Pedestrian,1,NA,1,PINE ST,PAGE ST,2010-12-17,Unknown,Dry,Dark - Lighted,Clear,Not a Collision Between Two Motor Vehicles in Transport,"Yes, M/V and Driver Left Scene",No Controls,5,1,Complains Of Pain,NA,41.82117,-71.41126,FALSE,FALSE,"Pine Street and Page Street, Providence, RI, USA",FALSE,-71.4113001,41.8211663,route,geometric_center,"page st, providence, ri 02903, usa","Pine Street & Page Street, Providence, RI, USA",Ei5QaW5lIFN0cmVldCAmIFBhZ2UgU3RyZWV0LCBQcm92aWRlbmNlLCBSSSwgVVNBImYiZAoUChIJ9dNgkBRF5IkRQVATCMbfiKwSFAoSCfXTYJAUReSJEUFQEwjG34isGhQKEgk5kwlTbEXkiRGgKSzwb-_CPBoUChIJfxOXmhRF5IkR_O9cQZJR03wiCg1PZ-0YFReAb9U,41.82116630000001,-71.41130009999999,41.82116630000001,-71.41130009999999,Med,3.352040726257381,FALSE,FALSE
3515,2010-12-17,50592,21:27:00,Pedestrian,1,NA,1,REGENT AVE,RIVER AVE,2010-12-18,"Two-Way , Not Divided",Dry,Dark - Lighted,Clear,Head-On (Front - to - Front),No,Stop Signs,3,1,Non-Incapacitating,NA,41.83133,-71.43462,FALSE,FALSE,"Regent Ave and River Ave, Providence, RI, USA",FALSE,-71.4369363,41.8304056,intersection,geometric_center,"river ave & regent ave, providence, ri 02908, usa",NA,NA,NA,NA,41.8304056,-71.4369363,Med High,217.95022047315774,FALSE,FALSE
3516,2010-12-13,49965,12:45:00,Pedestrian,1,NA,1,S MAIN ST,COLLEGE ST,2010-12-13,One-Way Trafficway,Wet,Daylight,Cloudy,Other,No,Traffic Control Signal,3,1,Complains Of Pain,NA,41.82574,-71.40793,FALSE,FALSE,"S Main Street and College Street, Providence, RI, USA",FALSE,-71.4078251,41.8256787,intersection,geometric_center,"s main st & college st, providence, ri 02903, usa",NA,NA,NA,NA,41.8256787,-71.4078251,Med High,11.058284860258118,FALSE,FALSE
3517,2010-12-13,49980,16:30:00,Pedestrian,2,NA,1,EXCHANGE TER,EXCHANGE ST,2010-12-13,One-Way Trafficway,Dry,Dusk,Cloudy,Not a Collision Between Two Motor Vehicles in Transport,No,No Controls,4,2,Complains Of Pain,NA,41.82591,-71.41219,FALSE,FALSE,"Exchange Ter and Exchange Street, Providence, RI, USA",FALSE,-71.41480469999999,41.8250247,intersection,geometric_center,"exchange terrace & w exchange st, providence, ri 02903, usa",NA,NA,NA,NA,41.8250247,-71.41480469999999,Med High,238.23675305782425,FALSE,FALSE
3518,2010-12-13,49981,18:43:00,Pedestrian,1,NA,1,DUDLEY ST,PRAIRIE AVE,2010-12-13,"Two-Way , Not Divided",Dry,Dark - Not Lighted,Clear,Other,No,No Controls,5,1,Complains Of Pain,NA,41.80995,-71.41567,FALSE,FALSE,"Dudley Street and Prairie Ave, Providence, RI, USA",FALSE,-71.41567739999999,41.809957,intersection,geometric_center,"dudley st & prairie ave, providence, ri 02907, usa",NA,NA,NA,NA,41.809957,-71.41567739999999,Med High,0.9920719408359755,FALSE,FALSE
3519,2010-12-12,49805,02:10:00,Pedestrian,1,NA,1,ATWELLS AVE,AMERICA ST,2010-12-12,"Two-Way, Divided, Unprotected (painted>4feet) Medium",Dry,Dark - Lighted,Clear,Unknown,"Yes, M/V and Driver Left Scene",No Controls,1,1,Complains Of Pain,NA,41.82368,-71.42818,FALSE,FALSE,"Atwells Ave and America Street, Providence, RI, USA",FALSE,-71.4283201,41.8237088,intersection,geometric_center,"america st & atwells ave, providence, ri 02903, usa",NA,NA,NA,NA,41.8237088,-71.4283201,Med High,12.056129450621818,FALSE,FALSE
3520,2010-12-12,49876,16:57:00,Pedestrian,1,NA,1,124 PITMAN ST,E GEORGE ST,2010-12-12,"Two-Way, Divided, Unprotected (painted>4feet) Medium",Wet,Dark - Lighted,Rain,Not a Collision Between Two Motor Vehicles in Transport,No,No Controls,2,1,Complains Of Pain,NA,41.82677,-71.38795,TRUE,FALSE,"124 Pitman Street, Providence, RI, USA",FALSE,-71.3879808,41.8269134,premise,rooftop,"124 pitman st, providence, ri 02906, usa",NA,NA,NA,NA,41.8269134,-71.3879808,High,16.16637674928363,FALSE,FALSE
3521,2010-12-12,49878,18:53:00,Pedestrian,1,NA,1,WESTMINSTER ST,MESSER ST,2010-12-12,"Two-Way , Not Divided",Wet,Dark - Lighted,Rain,Head-On (Front - to - Front),No,No Controls,3,1,Complains Of Pain,2,41.81582,-71.43745,FALSE,FALSE,"Westminster Street and Messer Street, Providence, RI, USA",FALSE,-71.437044,41.8158698,intersection,geometric_center,"messer st & westminster st, providence, ri 02909, usa",NA,NA,NA,NA,41.8158698,-71.437044,Med High,34.13713138227247,FALSE,FALSE
3522,2010-12-12,49897,17:34:00,Pedestrian,1,NA,1,BROADWAY,EMPIRE ST,2010-12-12,One-Way Trafficway,Wet,Dark - Lighted,Rain,Not a Collision Between Two Motor Vehicles in Transport,No,No Controls,3,1,Complains Of Pain,NA,41.82299,-71.41743,FALSE,FALSE,"Broadway and Empire Street, Providence, RI, USA",FALSE,-71.4157797,41.821349,route,geometric_center,"empire st, providence, ri 02903, usa","Broadway & Empire Street, Providence, RI, USA",Ei1Ccm9hZHdheSAmIEVtcGlyZSBTdHJlZXQsIFByb3ZpZGVuY2UsIFJJLCBVU0EiZiJkChQKEglNlP-DEkXkiRHtQ_ofNG0sSxIUChIJTZT_gxJF5IkR7UP6HzRtLEsaFAoSCaW15YZ1ReSJERrCM7HXpG-zGhQKEgnHPO_pEkXkiRGhxI4iuiomFSIKDV6l7RgVloNu1Q,41.822755,-71.4177642,41.822755,-71.4177642,Med,38.11785998956573,FALSE,FALSE
3523,2010-12-10,49659,19:43:00,Bicycle,1,NA,1,POCASSET AVE,LOWELL AVE,2010-12-10,"Two-Way , Not Divided",Dry,Dark - Not Lighted,Clear,"Sideswipe, Same Direction",No,No Controls,2,1,Complains Of Pain,NA,41.80976,-71.45478,FALSE,FALSE,"Pocasset Ave and Lowell Ave, Providence, RI, USA",FALSE,-71.454773,41.809757,intersection,geometric_center,"pocasset ave & lowell ave, providence, ri 02909, usa",NA,NA,NA,NA,41.809757,-71.454773,Med High,0.6699796187441777,FALSE,FALSE
3524,2010-12-08,49435,12:30:00,Bicycle,NA,1,1,IRVING AVE,WAYLAND AVE,2010-12-08,"Two-Way , Not Divided",Dry,Daylight,Clear,Angle (Front - to - Side) Right Angle (Includes Broadside),No,Stop Signs,2,1,Complains Of Pain,NA,41.83324,-71.38882,FALSE,FALSE,"Irving Ave and Wayland Ave, Providence, RI, USA",FALSE,-71.3888152,41.8332444,intersection,geometric_center,"wayland ave & irving ave, providence, ri 02906, usa",NA,NA,NA,NA,41.8332444,-71.3888152,Med High,0.6312005278731557,FALSE,FALSE
3525,2010-12-07,49321,15:44:00,Pedestrian,1,NA,1,MANTON AVE,HERSCHEL ST,2010-12-07,Unknown,Dry,Daylight,Clear,Other,"Yes, M/V and Driver Left Scene",No Controls,2,1,Complains Of Pain,NA,41.83341,-71.46939,FALSE,FALSE,"Manton Ave and Herschel Street, Providence, RI, USA",FALSE,-71.4693755,41.83344899999999,intersection,geometric_center,"herschel st & manton ave, providence, ri 02909, usa",NA,NA,NA,NA,41.83344899999999,-71.4693755,Med High,4.504962745766607,FALSE,FALSE
3526,2010-12-04,48909,16:49:00,Pedestrian,1,NA,1,MANTON AVE,WESTCOTT AVE,2010-12-04,"Two-Way , Not Divided",Dry,Dark - Lighted,Clear,Angle (Front - to - Side) Same Direction,No,No Controls,4,1,Complains Of Pain,NA,41.83372,-71.46853,FALSE,FALSE,"Manton Ave and Westcott Ave, Providence, RI, USA",FALSE,-71.4685327,41.8337394,intersection,geometric_center,"westcott ave & manton ave, providence, ri 02909, usa",NA,NA,NA,NA,41.8337394,-71.4685327,Med High,2.1711782678965035,FALSE,FALSE
3527,2010-12-04,51797,01:19:00,Pedestrian,1,NA,1,BROADWAY,VINTON ST,2010-12-29,"Two-Way , Not Divided",Dry,Dark - Lighted,Clear,Head-On (Front - to - Front),"Yes, M/V and Driver Left Scene",No Controls,2,1,Incapacitating,NA,41.82004,-71.42832,FALSE,FALSE,"Broadway and Vinton Street, Providence, RI, USA",FALSE,-71.4285663,41.8207514,route,geometric_center,"vinton st, providence, ri, usa","Broadway & Vinton Street, Providence, RI, USA",Ei1Ccm9hZHdheSAmIFZpbnRvbiBTdHJlZXQsIFByb3ZpZGVuY2UsIFJJLCBVU0EiZiJkChQKEglF5rYLdUXkiRHipmasZ-JhnRIUChIJRea2C3VF5IkR4qZmrGfiYZ0aFAoSCaW15YZ1ReSJERrCM7HXpG-zGhQKEgnN2QdAdUXkiRHzHzv0hMO0lyIKDVg97RgVUexs1Q,41.820092,-71.4281903,41.820092,-71.4281903,Med,12.218175122105983,FALSE,FALSE
3528,2010-12-03,48829,19:13:00,Pedestrian,1,NA,1,Prairie,Lockwood St.,2010-12-03,"Two-Way , Not Divided",Dry,Dark - Lighted,Clear,Not a Collision Between Two Motor Vehicles in Transport,No,No Controls,3,1,Incapacitating,NA,41.81763,-71.40458,FALSE,FALSE,"Prairie and Lockwood St., Providence, RI, USA",FALSE,-71.4159924,41.8129685,route,geometric_center,"lockwood st, providence, ri, usa","Prairie Avenue & Lockwood St, Providence, RI, USA",EjFQcmFpcmllIEF2ZW51ZSAmIExvY2t3b29kIFN0LCBQcm92aWRlbmNlLCBSSSwgVVNBImYiZAoUChIJ52bBqW9F5IkRx59pRZ_zFkESFAoSCedmwalvReSJEcefaUWf8xZBGhQKEglPad_uY0XkiREcSUTGtdsaNBoUChIJ-1fm8W5F5IkRFOkZxfxXjkwiCg2UFuwYFR7pbtU,41.812546,-71.415165,41.812546,-71.415165,Med,1044.7644691892706,FALSE,FALSE
3529,2010-12-01,48405,16:15:00,Pedestrian,1,NA,1,20 NORTH MAIN ST,COLLEGE ST,2010-12-01,One-Way Trafficway,Wet,Dark - Lighted,Rain,Not a Collision Between Two Motor Vehicles in Transport,No,No Controls,2,1,Non-Incapacitating,2,41.82602,-71.40816,TRUE,FALSE,"20 North Main Street, Providence, RI, USA",FALSE,-71.4078001,41.8261996,premise,rooftop,"20 n main st, providence, ri 02903, usa",NA,NA,NA,NA,41.8261996,-71.4078001,High,35.9306274424031,FALSE,FALSE
3530,2010-11-30,48295,16:51:00,Pedestrian,1,NA,1,SMITH ST,PARK ST,2010-11-30,"Two-Way, Divided, Unprotected (painted>4feet) Medium",Dry,Dark - Not Lighted,Clear,Not a Collision Between Two Motor Vehicles in Transport,No,Traffic Control Signal,4,1,Complains Of Pain,NA,41.83186,-71.41664,FALSE,FALSE,"Smith Street and Park Street, Providence, RI, USA",FALSE,-71.4171292,41.8314577,route,geometric_center,"park st, providence, ri, usa","Smith Street & Park Street, Providence, RI, USA",Ei9TbWl0aCBTdHJlZXQgJiBQYXJrIFN0cmVldCwgUHJvdmlkZW5jZSwgUkksIFVTQSJmImQKFAoSCZfHvtwaReSJEcj_HwdYAE0DEhQKEgmXx77cGkXkiRHI_x8HWABNAxoUChIJta5wTEtE5IkRIbWjMLiMq4QaFAoSCVGlciIQReSJETUl7BFB0ixuIgoNnQrvGBV4pm7V,41.8319005,-71.4168712,41.8319005,-71.4168712,Med,19.69965334778004,FALSE,FALSE
3531,2010-11-30,48305,18:04:00,Bicycle,NA,1,1,BROADWAY,COURTLAND ST,2010-11-30,One-Way Trafficway,Dry,Dark - Lighted,Clear,Not a Collision Between Two Motor Vehicles in Transport,No,No Controls,4,1,Complains Of Pain,NA,41.81944,-71.43088,FALSE,FALSE,"Broadway and Courtland Street, Providence, RI, USA",FALSE,-71.4312276,41.8193752,route,geometric_center,"courtland st, providence, ri 02909, usa","Broadway & Courtland Street, Providence, RI, USA",EjBCcm9hZHdheSAmIENvdXJ0bGFuZCBTdHJlZXQsIFByb3ZpZGVuY2UsIFJJLCBVU0EiZiJkChQKEgkfTP4-nkXkiRHaRpD1HdCAZxIUChIJH0z-Pp5F5IkR2kaQ9R3QgGcaFAoSCaW15YZ1ReSJERrCM7HXpG-zGhQKEgmBJD9HnkXkiREEPU6rEi8kayIKDVgh7RgVrHVs1Q,41.8193752,-71.4312276,41.8193752,-71.4312276,Med,29.725723865770902,FALSE,FALSE
3532,2010-11-19,47229,17:57:00,Pedestrian,1,NA,1,ORMS ST,ORMS ST EXIT 23,2010-11-19,"Two-Way , Not Divided",Dry,Dark - Lighted,Clear,"Sideswipe, Same Direction",No,No Controls,4,1,Complains Of Pain,NA,41.83481,-71.41387,FALSE,FALSE,"Orms Street and Orms St Exit 23, Providence, RI, USA",FALSE,-71.4191013,41.8342191,route,geometric_center,"orms st, providence, ri, usa",NA,NA,NA,NA,41.8342191,-71.4191013,Med,438.8485721235213,FALSE,FALSE
3533,2010-11-19,47300,14:14:00,Pedestrian,1,NA,1,PARK ROW E,CANAL ST,2010-11-20,"Two-Way , Not Divided",Dry,Daylight,Clear,Other,No,Stop Signs,3,1,Complains Of Pain,2,41.82846,-71.41075,FALSE,FALSE,"Park Row E and Canal Street, Providence, RI, USA",FALSE,-71.4106907,41.8284695,intersection,geometric_center,"park row w & canal st, providence, ri 02903, usa",NA,NA,NA,NA,41.8284695,-71.4106907,Med High,5.031281988655382,FALSE,FALSE
3534,2010-11-18,47106,19:00:00,Bicycle,NA,1,1,GANO ST,India St.,2010-11-18,"Two-Way , Not Divided",Dry,Dark - Lighted,Clear,Angle (Front - to - Side) Right Angle (Includes Broadside),No,No Controls,2,1,Complains Of Pain,NA,41.81889,-71.38931,FALSE,FALSE,"Gano Street and India St., Providence, RI, USA",FALSE,-71.3895442,41.8187929,intersection,geometric_center,"gano st & india st, providence, ri 02903, usa",NA,NA,NA,NA,41.8187929,-71.3895442,Med High,22.23391078554267,FALSE,FALSE
3535,2010-11-14,46691,14:56:00,Bicycle,NA,1,1,BLACKSTONE BLVD,BUTLER DR,2010-11-14,One-Way Trafficway,Dry,Daylight,Clear,Angle (Front - to - Side) Right Angle (Includes Broadside),No,Stop Signs,3,1,Incapacitating,NA,41.84616,-71.38677,FALSE,FALSE,"Blackstone Blvd and Butler Dr, Providence, RI, USA",FALSE,-71.3870926,41.8450883,route,geometric_center,"blackstone blvd, providence, ri 02906, usa",NA,NA,NA,NA,41.8450883,-71.3870926,Med,122.26378531835394,FALSE,FALSE
3536,2010-11-10,46390,15:39:00,Pedestrian,1,NA,1,MILL ST,CANAL ST,2010-11-10,One-Way Trafficway,Dry,Daylight,Clear,Not a Collision Between Two Motor Vehicles in Transport,No,No Controls,2,1,Complains Of Pain,NA,41.83244,-71.41099,FALSE,FALSE,"Mill Street and Canal Street, Providence, RI, USA",FALSE,-71.4110637,41.8300387,route,geometric_center,"canal st, providence, ri, usa",NA,NA,NA,NA,41.8300387,-71.4110637,Med,267.38138350361834,FALSE,FALSE
3537,2010-11-10,46392,16:45:00,Pedestrian,1,NA,1,MOWRY ST,ADMIRAL ST,2010-11-10,"Two-Way , Not Divided",Dry,Dusk,Clear,Not a Collision Between Two Motor Vehicles in Transport,No,No Controls,3,1,Complains Of Pain,NA,41.84462,-71.42421,FALSE,FALSE,"Mowry Street and Admiral Street, Providence, RI, USA",FALSE,-71.4242141,41.8446465,intersection,geometric_center,"admiral st & mowry st, providence, ri 02908, usa",NA,NA,NA,NA,41.8446465,-71.4242141,Med High,2.9694959451564866,FALSE,FALSE
3538,2010-11-10,46861,16:15:00,Pedestrian,1,NA,1,COMMODORE ST,DENISON ST,2010-11-16,"Two-Way , Not Divided",Wet,Dusk,Cloudy,Other,No,No Controls,2,1,Complains Of Pain,NA,41.84859,-71.41813,FALSE,FALSE,"Commodore Street and Denison Street, Providence, RI, USA",FALSE,-71.4181389,41.8486623,intersection,geometric_center,"commodore st & denison st, providence, ri 02904, usa",NA,NA,NA,NA,41.8486623,-71.4181389,Med High,8.082165256241439,FALSE,FALSE
3539,2010-11-09,46176,16:17:00,Pedestrian,1,NA,1,CORINTH ST,BROAD ST,2010-11-09,"Two-Way , Not Divided",Wet,Daylight,Clear,Other,No,Traffic Control Signal,3,1,Complains Of Pain,2,41.79481,-71.41046,FALSE,FALSE,"Corinth Street and Broad Street, Providence, RI, USA",FALSE,-71.4104447,41.7948181,intersection,geometric_center,"corinth st & broad st, providence, ri 02905, usa",NA,NA,NA,NA,41.7948181,-71.4104447,Med High,1.557370962626411,FALSE,FALSE
3540,2010-11-09,46338,13:49:00,Pedestrian,1,NA,1,BUCKLIN ST,DABOLL ST,2010-11-10,"Two-Way , Not Divided",Wet,Daylight,Rain,Other,No,No Controls,3,1,Complains Of Pain,2,41.80427,-71.42773,FALSE,FALSE,"Bucklin Street and Daboll Street, Providence, RI, USA",FALSE,-71.42772769999999,41.804097,intersection,geometric_center,"bucklin st & daboll st, providence, ri 02907, usa",NA,NA,NA,NA,41.804097,-71.42772769999999,Med High,19.25921760186832,FALSE,FALSE
3541,2010-11-08,45977,09:30:00,Pedestrian,1,NA,1,CHALKSTONE AVE,VIOLET ST,2010-11-08,"Two-Way , Not Divided",Wet,Daylight,"Sleet, Hail (Freezing Rain or Drizzle)",Other,"Yes, M/V and Driver Left Scene",No Controls,2,1,Non-Incapacitating,2,41.83498,-71.42657,FALSE,FALSE,"Chalkstone Ave and Violet Street, Providence, RI, USA",FALSE,-71.42666249999999,41.8349722,intersection,geometric_center,"violet st & chalkstone ave, providence, ri 02908, usa",NA,NA,NA,NA,41.8349722,-71.42666249999999,Med High,7.720993470800788,FALSE,FALSE
3542,2010-11-08,46067,08:15:00,Pedestrian,1,NA,1,N MAIN ST,CHURCH ST,2010-11-08,"Two-Way , Not Divided",Wet,Daylight,Rain,Unknown,No,Stop Signs,2,1,Complains Of Pain,NA,41.83082,-71.41039,FALSE,FALSE,"N Main Street and Church Street, Providence, RI, USA",FALSE,-71.3912211,41.8755687,intersection,geometric_center,"church st & main st, pawtucket, ri 02860, usa",NA,NA,NA,NA,41.8755687,-71.3912211,Med High,5228.829314858631,FALSE,FALSE
3543,2010-11-08,46101,17:11:00,Pedestrian,1,NA,1,RIVER AVE,CHALKSTONE AVE,2010-11-08,"Two-Way , Not Divided",Wet,Dark - Lighted,Rain,Not a Collision Between Two Motor Vehicles in Transport,No,No Controls,2,1,Complains Of Pain,NA,41.83256,-71.43852,FALSE,FALSE,"River Ave and Chalkstone Ave, Providence, RI, USA",FALSE,-71.4385411,41.8325962,intersection,geometric_center,"river ave & chalkstone ave, providence, ri 02908, usa",NA,NA,NA,NA,41.8325962,-71.4385411,Med High,4.393393978945867,FALSE,FALSE
3544,2010-11-04,45492,06:30:00,Pedestrian,1,NA,1,195 WHITEHALL STREET,NA,2010-11-04,"Two-Way , Not Divided",Wet,Daylight,Clear,Head-On (Front - to - Front),"Yes, M/V and Driver Left Scene",No Controls,3,1,Complains Of Pain,2,41.80733,-71.4437,TRUE,TRUE,"195 Whitehall Street, Providence, RI, USA",FALSE,-71.4438732,41.807257,street_address,rooftop,"195 whitehall st, providence, ri 02909, usa",NA,NA,NA,NA,41.807257,-71.4438732,High,16.509945631230828,FALSE,FALSE
3545,2010-11-04,45565,17:23:00,Pedestrian,1,NA,1,883 MANTON AVE,NA,2010-11-04,"Two-Way , Not Divided",Wet,Dark - Lighted,Rain,Head-On (Front - to - Front),No,No Controls,2,1,Complains Of Pain,NA,41.83364,-71.46617,TRUE,TRUE,"883 Manton Ave, Providence, RI, USA",FALSE,-71.4660079,41.8336905,street_address,rooftop,"883 manton ave, providence, ri 02909, usa",NA,NA,NA,NA,41.8336905,-71.4660079,High,14.572913017589077,FALSE,FALSE
3546,2010-11-04,45607,18:01:00,Pedestrian,1,NA,1,BROWN ST,WATERMAN ST,2010-11-04,"Two-Way , Not Divided",Wet,Dark - Lighted,Rain,Other,No,Stop Signs,3,1,Complains Of Pain,2,41.82705,-71.40304,FALSE,FALSE,"Brown Street and Waterman Street, Providence, RI, USA",FALSE,-71.4030136,41.8270531,intersection,geometric_center,"brown st & waterman st, providence, ri 02912, usa",NA,NA,NA,NA,41.8270531,-71.4030136,Med High,2.2169288909598475,FALSE,FALSE
3547,2010-11-03,45382,15:49:00,Pedestrian,1,NA,1,Memorial Blvd,Steeple Street,2010-11-03,"Two-Way , Not Divided",Dry,Daylight,Clear,Unknown,No,Traffic Control Signal,2,1,Complains Of Pain,NA,41.82669,-71.41075,FALSE,FALSE,"Memorial Blvd and Steeple Street, Providence, RI, USA",FALSE,-71.409299,41.8273889,route,geometric_center,"steeple st, providence, ri 02903, usa",NA,NA,NA,NA,41.8273889,-71.409299,Med,143.31785265256076,FALSE,FALSE
3548,2010-11-02,45245,14:46:00,Bicycle,NA,1,1,PROMENADE ST,DEAN ST,2010-11-02,"Two-Way, Divided, Positive Median Barrier",Dry,Daylight,Clear,Rear End(Front-to-Rear),"Yes, M/V and Driver Left Scene",No Controls,1,1,Complains Of Pain,NA,41.82923,-71.42673,FALSE,FALSE,"Promenade Street and Dean Street, Providence, RI, USA",FALSE,-71.4267356,41.8292571,intersection,geometric_center,"promenade st & dean st, providence, ri 02908, usa",NA,NA,NA,NA,41.8292571,-71.4267356,Med High,3.0523104569946677,FALSE,FALSE
3549,2010-10-31,45113,18:09:00,Pedestrian,1,NA,1,HOPE ST,BAYARD ST,2010-11-01,"Two-Way , Not Divided",Dry,Dark - Lighted,Clear,Head-On (Front - to - Front),No,No Controls,2,1,Non-Incapacitating,NA,41.85214,-71.39351,FALSE,FALSE,"Hope Street and Bayard Street, Providence, RI, USA",FALSE,-71.3934802,41.8521513,intersection,geometric_center,"hope st & bayard st, providence, ri 02906, usa",NA,NA,NA,NA,41.8521513,-71.3934802,Med High,2.7727295862992203,FALSE,FALSE
3550,2010-10-30,44925,00:45:00,Pedestrian,1,NA,1,THAYER ST,FONES ALY,2010-10-30,One-Way Trafficway,Dry,Dark - Lighted,Clear,Not a Collision Between Two Motor Vehicles in Transport,"Yes, M/V and Driver Left Scene",No Controls,2,1,Complains Of Pain,2,41.82754,-71.40057,FALSE,FALSE,"Thayer Street and Fones Aly, Providence, RI, USA",FALSE,-71.4006191,41.8276852,intersection,geometric_center,"thayer st & fones alley, providence, ri 02906, usa",NA,NA,NA,NA,41.8276852,-71.4006191,Med High,16.66882738496768,FALSE,FALSE
3551,2010-10-29,44919,20:55:00,Pedestrian,1,NA,1,ATWELLS AVE,PIEDMONT ST,2010-10-30,"Two-Way , Not Divided",Dry,Dark - Lighted,Clear,Head-On (Front - to - Front),"Yes, M/V and Driver Left Scene",No Controls,5,1,Incapacitating,2,41.82389,-71.4311,FALSE,FALSE,"Atwells Ave and Piedmont Street, Providence, RI, USA",FALSE,-71.4310715,41.8239022,intersection,geometric_center,"atwells ave & piedmont st, providence, ri 02909, usa",NA,NA,NA,NA,41.8239022,-71.4310715,Med High,2.7265292112520183,FALSE,FALSE
3552,2010-10-29,44927,15:58:00,Pedestrian,1,NA,1,HOPE ST,BARNES ST,2010-10-29,"Two-Way , Not Divided",Dry,Daylight,Clear,Other,No,Pavement Markings,3,1,Complains Of Pain,2,41.83301,-71.401,FALSE,FALSE,"Hope Street and Barnes Street, Providence, RI, USA",FALSE,-71.4010071,41.8330223,intersection,geometric_center,"hope st & barnes st, providence, ri 02906, usa",NA,NA,NA,NA,41.8330223,-71.4010071,Med High,1.49049983082743,FALSE,FALSE
3553,2010-10-28,44755,07:13:00,Bicycle,NA,1,1,PLAINFIELD ST,WEBSTER AVE,2010-10-28,"Two-Way , Not Divided",Dry,Daylight,Clear,Angle (Front - to - Side) Right Angle (Includes Broadside),No,Traffic Control Signal,2,1,Complains Of Pain,NA,41.81366,-71.45079,FALSE,FALSE,"Plainfield Street and Webster Ave, Providence, RI, USA",FALSE,-71.4507916,41.813667,intersection,geometric_center,"webster ave & plainfield st, providence, ri 02909, usa",NA,NA,NA,NA,41.813667,-71.4507916,Med High,0.7904630285084774,FALSE,FALSE
3554,2010-10-27,44633,07:13:00,Pedestrian,1,NA,1,NARRAGANSETT BLVD,OHIO AVE,2010-10-27,"Two-Way, Divided, Unprotected (painted>4feet) Medium",Wet,Daylight,Rain,Not a Collision Between Two Motor Vehicles in Transport,No,No Controls,2,1,Non-Incapacitating,2,41.78991,-71.39629,FALSE,FALSE,"Narragansett Blvd and Ohio Ave, Providence, RI, USA",FALSE,-71.39628739999999,41.7898851,intersection,geometric_center,"ohio ave & narragansett blvd, providence, ri 02905, usa",NA,NA,NA,NA,41.7898851,-71.39628739999999,Med High,2.7802428925948846,FALSE,FALSE
3555,2010-10-27,44743,19:28:00,Bicycle,NA,1,1,ALVERSON AVE,HARTFORD AVE,2010-10-27,"Two-Way , Not Divided",Wet,Dark - Lighted,Clear,Rear End(Front-to-Rear),"Yes, M/V and Driver Left Scene",No Controls,1,1,Complains Of Pain,NA,41.81795,-71.45979,FALSE,FALSE,"Alverson Ave and Hartford Ave, Providence, RI, USA",FALSE,-71.4600789,41.81879139999999,intersection,geometric_center,"alverson ave & hartford ave, providence, ri 02909, usa",NA,NA,NA,NA,41.81879139999999,-71.4600789,Med High,96.68216319968145,FALSE,FALSE
3556,2010-10-26,44574,15:31:00,Pedestrian,1,NA,1,BROAD ST,ADELAIDE AVE,2010-10-26,"Two-Way, Divided, Unprotected (painted>4feet) Medium",Dry,Daylight,Clear,Other,No,No Controls,2,0,No Injury,3,41.79907,-71.41574,FALSE,FALSE,"Broad Street and Adelaide Ave, Providence, RI, USA",FALSE,-71.4229955,41.7965181,route,geometric_center,"adelaide ave, providence, ri 02907, usa","Broad Street & Adelaide Ave, Providence, RI, USA",EjBCcm9hZCBTdHJlZXQgJiBBZGVsYWlkZSBBdmUsIFByb3ZpZGVuY2UsIFJJLCBVU0EiZiJkChQKEgmHmKxWiE_kiRHEyK6zP1G3PRIUChIJh5isVohP5IkRxMiusz9Rtz0aFAoSCYPefdWMT-SJESyiypOYSwijGhQKEgn7ze1zhE_kiRG6QeI0WTshsiIKDUkA6hgV2dxu1Q,41.7988681,-71.4154791,41.7988681,-71.4154791,Med,31.20780147972833,FALSE,FALSE