row_number,crash_date,crash_report_id,crash_time,collision_type,count_pedestrian,count_bicycle,number_of_vehicles,street_or_highway,nearest_intersection,report_date,type_of_roadway,road_surface_condition,light_condition,weather_condition,manner_of_impact,hit_and_run,traffic_control,person_count,injury_count,most_serious_injury,number_of_lanes,lat_raw,lon_raw,has_st_number,is_intersection_null,address_sent_to_geocoder,is_address_blank,lon_api_first_try,lat_api_first_try,type,loctype,address_returned_by_geocoder,address_returned_by_autocomplete,place_ids_autocompleted,lat_api_second_try,lon_api_second_try,lat_api_best,lon_api_best,api_coord_conf,distance_btwn_coords_meters,scooter,wheel_chair
3880,2009-08-21,17348,10:38:00,Pedestrian,1,NA,1,414 Smithfield Avenue,Silver Spring Street,2009-08-27,"Two-Way , Not Divided",Dry,Dark - Lighted,Clear,Angle (Front - to - Side) Same Direction,No,No Controls,2,1,Non-Incapacitating,4,NA,NA,TRUE,FALSE,"414 Smithfield Avenue, Providence, RI, USA",FALSE,-71.4110912,41.8571409,street_address,rooftop,"414 smithfield ave, providence, ri 02904, usa",NA,NA,NA,NA,41.8571409,-71.4110912,High,NA,FALSE,FALSE
3881,2009-08-19,17194,18:25:00,Pedestrian,1,NA,1,Admiral St,Douglas Ave,2009-08-19,"Two-Way , Not Divided",Dry,Other,Clear,Head-On (Front - to - Front),No,Traffic Control Signal,5,1,Incapacitating,2,NA,NA,FALSE,FALSE,"Admiral Street and Douglas Ave, Providence, RI, USA",FALSE,-71.4289636,41.8460618,intersection,geometric_center,"admiral st & douglas ave, providence, ri 02908, usa",NA,NA,NA,NA,41.8460618,-71.4289636,Med High,NA,FALSE,FALSE
3882,2009-08-18,17168,05:46:00,Bicycle,NA,1,1,Blackstone Blvd.,NA,2009-08-18,"Two-Way, Divided, Positive Median Barrier",Dry,Daylight,Clear,Other,No,No Controls,2,1,Complains Of Pain,NA,NA,NA,FALSE,TRUE,"Blackstone Blvd., Providence, RI, USA",FALSE,-71.3870926,41.8450883,route,geometric_center,"blackstone blvd, providence, ri 02906, usa",NA,NA,NA,NA,41.8450883,-71.3870926,Inaccurate,NA,FALSE,FALSE
3883,2009-08-18,17185,11:02:00,Bicycle,NA,1,1,MILLER AVENUE,BROAD STREET,2009-08-19,"Two-Way , Not Divided",Dry,Daylight,Clear,Rear End(Front-to-Rear),No,No Controls,2,1,Incapacitating,2,NA,NA,FALSE,FALSE,"Miller Avenue and Broad Street, Providence, RI, USA",FALSE,-71.4073085,41.7922895,intersection,geometric_center,"miller ave & broad st, providence, ri 02905, usa",NA,NA,NA,NA,41.7922895,-71.4073085,Med High,NA,FALSE,FALSE
3884,2009-08-17,17161,09:30:00,Bicycle,NA,1,1,250 Lloyd St,NA,2009-08-18,"Two-Way , Not Divided",Dry,Daylight,Clear,Angle (Front - to - Side) Opposite Direction,No,No Controls,2,1,Non-Incapacitating,NA,NA,NA,TRUE,TRUE,"250 Lloyd Street, Providence, RI, USA",FALSE,-71.3992588,41.8785967,route,geometric_center,"lloyd st, pawtucket, ri 02860, usa",NA,NA,NA,NA,41.8785967,-71.3992588,High,NA,FALSE,FALSE
3885,2009-08-15,17119,07:42:00,Pedestrian,1,NA,1,47 Lenox Avenue,NA,2009-08-15,"Two-Way , Not Divided",Dry,Daylight,Clear,Unknown,No,No Controls,3,1,Complains Of Pain,NA,NA,NA,TRUE,TRUE,"47 Lenox Avenue, Providence, RI, USA",FALSE,-71.4168729,41.7978747,street_address,rooftop,"47 lenox ave, providence, ri 02907, usa",NA,NA,NA,NA,41.7978747,-71.4168729,High,NA,FALSE,FALSE
3886,2009-08-15,17122,23:32:00,Pedestrian,1,NA,1,Manton,Glendbridge,2009-08-16,"Two-Way , Not Divided",Dry,Dark - Lighted,Clear,Other,"Yes, M/V and Driver Left Scene",Person,1,1,Complains Of Pain,NA,NA,NA,FALSE,FALSE,"Manton and Glendbridge, Providence, RI, USA",FALSE,-71.4582318,41.8259774,intersection,geometric_center,"glenbridge ave & manton ave, providence, ri 02909, usa",NA,NA,NA,NA,41.8259774,-71.4582318,Med High,NA,FALSE,FALSE
3887,2009-08-14,17090,04:39:00,Bicycle,NA,1,1,132 Congress Avenue,NA,2009-08-14,"Two-Way , Not Divided",Dry,Daylight,Clear,Unknown,No,No Controls,2,1,Complains Of Pain,NA,NA,NA,TRUE,TRUE,"132 Congress Avenue, Providence, RI, USA",FALSE,-71.4228493,41.7993713,street_address,rooftop,"132 congress ave, providence, ri 02907, usa",NA,NA,NA,NA,41.7993713,-71.4228493,High,NA,FALSE,FALSE
3888,2009-08-14,17117,20:51:00,Bicycle,NA,1,1,Atwells Avenue,Sutton Street,2009-08-15,"Two-Way, Divided, Unprotected (painted>4feet) Medium",Dry,Dark - Lighted,Clear,Rear - to - Rear,"Yes, M/V and Driver Left Scene",No Controls,1,1,Complains Of Pain,NA,NA,NA,FALSE,FALSE,"Atwells Avenue and Sutton Street, Providence, RI, USA",FALSE,-71.4292511,41.8237712,intersection,geometric_center,"atwells ave & sutton st, providence, ri 02903, usa",NA,NA,NA,NA,41.8237712,-71.4292511,Med High,NA,FALSE,FALSE
3889,2009-08-11,17035,03:08:00,Bicycle,NA,1,1,Lowell Ave,Nye St.,2009-08-11,"Two-Way , Not Divided",Dry,Daylight,Clear,Unknown,No,No Controls,3,1,Complains Of Pain,2,NA,NA,FALSE,FALSE,"Lowell Ave and Nye St., Providence, RI, USA",FALSE,-71.460381,41.81702800000001,intersection,geometric_center,"nye st & lowell ave, providence, ri 02909, usa",NA,NA,NA,NA,41.81702800000001,-71.460381,Med High,NA,FALSE,FALSE
3890,2009-08-09,16993,08:30:00,Bicycle,NA,NA,2,Broad Street,Sackett Street,2009-08-10,"Two-Way , Not Divided",Dry,Dark - Lighted,Clear,Other,No,Traffic Control Signal,3,0,No Injury,NA,NA,NA,FALSE,FALSE,"Broad Street and Sackett Street, Providence, RI, USA",FALSE,-71.4183646,41.7942259,route,geometric_center,"sackett st, providence, ri, usa","Broad Street & Sackett Street, Providence, RI, USA",EjJCcm9hZCBTdHJlZXQgJiBTYWNrZXR0IFN0cmVldCwgUHJvdmlkZW5jZSwgUkksIFVTQSJmImQKFAoSCWd7_VeJT-SJEYpZL4NwfcCcEhQKEglne_1XiU_kiRGKWS-DcH3AnBoUChIJg9591YxP5IkRLKLKk5hLCKMaFAoSCZdEqH6PT-SJEbKg-cvhkLFFIgoNIJfpGBXOX2_V,41.796176,-71.4121266,41.796176,-71.4121266,Med,NA,FALSE,FALSE
3891,2009-08-07,16965,06:48:00,Pedestrian,1,NA,1,Atwood St.,Union Ave.,2009-08-07,"Two-Way , Not Divided",Dry,Daylight,Clear,Other,No,No Controls,2,0,No Injury,2,NA,NA,FALSE,FALSE,"Atwood St. and Union Ave., Providence, RI, USA",FALSE,-71.4424811,41.80817,intersection,geometric_center,"atwood st & union ave, providence, ri 02909, usa",NA,NA,NA,NA,41.80817,-71.4424811,Med High,NA,FALSE,FALSE
3892,2009-08-05,16985,12:07:00,Pedestrian,1,NA,1,Charles Street,Ledge Street,2009-08-09,Unknown,Dry,Daylight,Clear,Unknown,No,No Controls,3,1,Complains Of Pain,NA,NA,NA,FALSE,FALSE,"Charles Street and Ledge Street, Providence, RI, USA",FALSE,-71.42040209999999,41.8531487,intersection,geometric_center,"charles st & ledge st, providence, ri 02904, usa",NA,NA,NA,NA,41.8531487,-71.42040209999999,Med High,NA,FALSE,FALSE
3893,2009-08-04,16899,17:58:00,Pedestrian,1,NA,1,150 WASHINGTON STREET,MATHEWSON STREET,2009-08-04,"Two-Way , Not Divided",Dry,Daylight,Clear,Other,"Yes, M/V and Driver Left Scene",No Controls,2,1,Complains Of Pain,NA,NA,NA,TRUE,FALSE,"150 Washington Street, Providence, RI, USA",FALSE,-71.4150008,41.8225927,premise,rooftop,"150 washington st, providence, ri 02903, usa",NA,NA,NA,NA,41.8225927,-71.4150008,High,NA,FALSE,FALSE
3894,2009-08-04,16914,12:27:00,Pedestrian,1,NA,1,ACADEMY AVE,SMITH ST,2009-08-05,"Two-Way , Not Divided",Dry,Daylight,Clear,Not a Collision Between Two Motor Vehicles in Transport,Unknown,No Controls,2,1,Complains Of Pain,2,NA,NA,FALSE,FALSE,"Academy Ave and Smith Street, Providence, RI, USA",FALSE,-71.4451406,41.8425939,intersection,geometric_center,"academy ave & smith st, providence, ri 02908, usa",NA,NA,NA,NA,41.8425939,-71.4451406,Med High,NA,FALSE,FALSE
3895,2009-08-01,16837,07:00:00,Pedestrian,1,NA,1,ATWELLS,ACORN,2009-08-01,"Two-Way , Not Divided",Dry,Daylight,Clear,Other,No,No Controls,2,0,No Injury,NA,NA,NA,FALSE,FALSE,"Atwells and Acorn, Providence, RI, USA",FALSE,-71.4280552,41.8236891,intersection,geometric_center,"acorn st & atwells ave, providence, ri 02903, usa",NA,NA,NA,NA,41.8236891,-71.4280552,Med High,NA,FALSE,FALSE
3896,2009-07-30,16775,02:42:00,Pedestrian,1,NA,1,Prairie Avenue,Oxford Street,2009-07-30,"Two-Way , Not Divided",Dry,Dark - Lighted,Clear,Other,"Yes, M/V and Driver Left Scene",No Controls,1,1,Complains Of Pain,NA,NA,NA,FALSE,FALSE,"Prairie Avenue and Oxford Street, Providence, RI, USA",FALSE,-71.413116,41.8015958,intersection,geometric_center,"oxford st & prairie ave, providence, ri 02905, usa",NA,NA,NA,NA,41.8015958,-71.413116,Med High,NA,FALSE,FALSE
3897,2009-07-25,16718,21:20:00,Pedestrian,1,NA,1,WESTMINSTER ST,TOBEY ST,2009-07-26,"Two-Way , Not Divided",Dry,Dark - Lighted,Clear,Other,"Yes, M/V and Driver Left Scene",No Controls,2,1,Complains Of Pain,2,NA,NA,FALSE,FALSE,"Westminster Street and Tobey Street, Providence, RI, USA",FALSE,-71.4346637,41.8162029,intersection,geometric_center,"tobey st & westminster st, providence, ri 02909, usa",NA,NA,NA,NA,41.8162029,-71.4346637,Med High,NA,FALSE,FALSE
3898,2009-07-24,16660,01:46:00,Pedestrian,1,NA,1,Plainfield St.,Whittier Avenue,2009-07-24,"Two-Way , Not Divided",Wet,Dark - Lighted,Rain,Head-On (Front - to - Front),"Yes, M/V and Driver Left Scene",No Controls,2,1,Incapacitating,NA,NA,NA,FALSE,FALSE,"Plainfield St. and Whittier Avenue, Providence, RI, USA",FALSE,-71.450935,41.814354,route,geometric_center,"whittier ave, providence, ri 02909, usa",NA,NA,NA,NA,41.814354,-71.450935,Med,NA,FALSE,FALSE
3899,2009-07-20,16579,08:30:00,Pedestrian,1,NA,1,Prairie Avenue,Thurbers Avenue,2009-07-20,"Two-Way , Not Divided",Dry,Daylight,Clear,Head-On (Front - to - Front),No,Traffic Control Signal,4,1,Complains Of Pain,2,NA,NA,FALSE,FALSE,"Prairie Avenue and Thurbers Avenue, Providence, RI, USA",FALSE,-71.41191049999999,41.7987434,intersection,geometric_center,"thurbers ave & prairie ave, providence, ri 02905, usa",NA,NA,NA,NA,41.7987434,-71.41191049999999,Med High,NA,FALSE,FALSE
3900,2009-07-19,16592,07:42:00,Pedestrian,1,NA,1,FORD STREET,CRANSTON STREET,2009-07-20,"Two-Way , Not Divided",Dry,Daylight,Clear,Not a Collision Between Two Motor Vehicles in Transport,No,No Controls,2,1,Complains Of Pain,2,NA,NA,FALSE,FALSE,"Ford Street and Cranston Street, Providence, RI, USA",FALSE,-71.433105,41.809982,intersection,geometric_center,"cranston st & ford st, providence, ri 02907, usa",NA,NA,NA,NA,41.809982,-71.433105,Med High,NA,FALSE,FALSE
3901,2009-07-18,16544,17:36:00,Pedestrian,1,NA,1,FRUIT HILL AVE,MANTON AVE,2009-07-18,"Two-Way, Divided, Unprotected (painted>4feet) Medium",Dry,Daylight,Clear,Head-On (Front - to - Front),"Yes, M/V and Driver Left Scene",Traffic Control Signal,1,1,Complains Of Pain,2,NA,NA,FALSE,FALSE,"Fruit Hill Ave and Manton Ave, Providence, RI, USA",FALSE,-71.46779980000001,41.8339162,intersection,geometric_center,"manton ave & fruit hill ave, providence, ri 02909, usa",NA,NA,NA,NA,41.8339162,-71.46779980000001,Med High,NA,FALSE,FALSE
3902,2009-07-15,16475,04:36:00,Bicycle,NA,1,1,232 Saratoga Street,Broad Street,2009-07-15,"Two-Way , Not Divided",Dry,Daylight,Clear,Other,No,No Controls,3,1,Non-Incapacitating,2,NA,NA,TRUE,FALSE,"232 Saratoga Street, Providence, RI, USA",FALSE,-71.41864199999999,41.8041104,premise,rooftop,"232 saratoga st, providence, ri 02905, usa",NA,NA,NA,NA,41.8041104,-71.41864199999999,High,NA,FALSE,FALSE
3903,2009-07-15,16477,07:20:00,Bicycle,NA,1,1,HARTFORD AVE,RTE 6 WEST,2009-07-15,One-Way Trafficway,Dry,Daylight,Clear,Angle (Front - to - Side) Right Angle (Includes Broadside),No,Other,2,1,Non-Incapacitating,2,NA,NA,FALSE,FALSE,"Hartford Ave and Rte 6 West, Providence, RI, USA",FALSE,-71.4441051,41.81654289999999,street_address,range_interpolated,"6 hartford ave, providence, ri 02909, usa",NA,NA,NA,NA,41.81654289999999,-71.4441051,Med High,NA,FALSE,FALSE
3904,2009-07-15,16478,18:37:00,Bicycle,NA,1,1,Mt. Pleasant Avenue,Pomona St.,2009-07-15,"Two-Way , Not Divided",Dry,Daylight,Clear,Other,No,Stop Signs,5,1,Incapacitating,2,NA,NA,FALSE,FALSE,"Mt. Pleasant Avenue and Pomona St., Providence, RI, USA",FALSE,-71.448977,41.8280228,intersection,geometric_center,"pomona ave & mt pleasant ave, providence, ri 02908, usa",NA,NA,NA,NA,41.8280228,-71.448977,Med High,NA,FALSE,FALSE
3905,2009-07-14,16668,04:10:00,Pedestrian,1,NA,1,100 Francis St,Gaspe st,2009-07-14,"Two-Way , Not Divided",Dry,Daylight,Clear,Other,No,No Controls,3,1,Non-Incapacitating,2,NA,NA,TRUE,FALSE,"100 Francis Street, Providence, RI, USA",FALSE,-71.415882,41.8260966,street_address,rooftop,"100 francis st, providence, ri 02903, usa",NA,NA,NA,NA,41.8260966,-71.415882,High,NA,FALSE,FALSE
3906,2009-07-06,16281,21:18:00,Pedestrian,1,NA,1,Steeple Street,Memorial Blvd,2009-07-06,"Two-Way , Not Divided",Dry,Dark - Lighted,Clear,Other,No,Traffic Control Signal,2,1,Non-Incapacitating,2,NA,NA,FALSE,FALSE,"Steeple Street and Memorial Blvd, Providence, RI, USA",FALSE,-71.4134258,41.8263996,route,geometric_center,"memorial blvd, providence, ri 02903, usa",NA,NA,NA,NA,41.8263996,-71.4134258,Med,NA,FALSE,FALSE
3907,2009-07-02,16185,01:51:00,Bicycle,NA,1,1,FROST STREET,CONCORD STREET,2009-07-02,"Two-Way , Not Divided",Dry,Daylight,Cloudy,Head-On (Front - to - Front),No,Stop Signs,4,0,No Injury,2,NA,NA,FALSE,FALSE,"Frost Street and Concord Street, Providence, RI, USA",FALSE,-71.40410860000001,41.8519213,intersection,geometric_center,"frost st & concord st, providence, ri 02904, usa",NA,NA,NA,NA,41.8519213,-71.40410860000001,Med High,NA,FALSE,FALSE
3908,2009-07-01,16194,03:08:00,Pedestrian,1,NA,1,32 Gaspee St,NA,2009-07-02,One-Way Trafficway,Dry,Daylight,Rain,Other,No,No Controls,3,1,Non-Incapacitating,NA,NA,NA,TRUE,TRUE,"32 Gaspee Street, Providence, RI, USA",FALSE,-71.41354869999999,41.8300507,street_address,range_interpolated,"32 gaspee st, providence, ri 02903, usa",NA,NA,NA,NA,41.8300507,-71.41354869999999,High,NA,FALSE,FALSE
3909,2009-06-26,16037,12:53:00,Pedestrian,1,NA,1,Atwells Ave,Depasquale,2009-06-26,"Two-Way , Not Divided",Dry,Dark - Lighted,Clear,Other,No,No Controls,4,1,Incapacitating,2,NA,NA,FALSE,FALSE,"Atwells Ave and Depasquale, Providence, RI, USA",FALSE,-71.4270169,41.8235993,intersection,geometric_center,"de pasquale ave & atwells ave, providence, ri 02903, usa",NA,NA,NA,NA,41.8235993,-71.4270169,Med High,NA,FALSE,FALSE
3910,2009-06-26,16043,10:00:00,Bicycle,NA,1,1,CHARLES ST,RT 95 SO. OFFRAMP,2009-06-26,"Two-Way , Not Divided",Dry,Daylight,Clear,Angle (Front - to - Side) Same Direction,"Yes, M/V and Driver Left Scene",No Controls,1,1,Complains Of Pain,2,NA,NA,FALSE,FALSE,"Charles Street and Rt 95 So. Offramp, Providence, RI, USA",FALSE,-71.419539,41.8474982,route,geometric_center,"charles st, providence, ri, usa",NA,NA,NA,NA,41.8474982,-71.419539,Med,NA,FALSE,FALSE
3911,2009-06-26,16051,16:05:00,Other,NA,1,1,Atlantic Avenue,NA,2009-06-26,"Two-Way , Not Divided",Dry,Daylight,Clear,Other,No,No Controls,6,1,Incapacitating,2,NA,NA,FALSE,TRUE,"Atlantic Avenue, Providence, RI, USA",FALSE,-71.4210202,41.7978959,route,geometric_center,"atlantic ave, providence, ri 02907, usa",NA,NA,NA,NA,41.7978959,-71.4210202,Inaccurate,NA,TRUE,FALSE
3912,2009-06-26,16055,15:11:00,Bicycle,NA,1,1,CERES ST,GRAPE ST,2009-06-26,"Two-Way , Not Divided",Dry,Daylight,Cloudy,Other,No,Stop Signs,4,1,Complains Of Pain,2,NA,NA,FALSE,FALSE,"Ceres Street and Grape Street, Providence, RI, USA",FALSE,-71.4302897,41.8450137,intersection,geometric_center,"ceres st & grape st, providence, ri 02908, usa",NA,NA,NA,NA,41.8450137,-71.4302897,Med High,NA,FALSE,FALSE
3913,2009-06-25,16021,10:53:00,Pedestrian,1,NA,1,DEAN ST.,SPRUCE ST.,2009-06-25,"Two-Way, Divided, Unprotected (painted>4feet) Medium",Dry,Daylight,Clear,Other,No,No Controls,2,1,Complains Of Pain,4,NA,NA,FALSE,FALSE,"Dean St. and Spruce St., Providence, RI, USA",FALSE,-71.42506689999999,41.8241849,intersection,geometric_center,"dean st & spruce st, providence, ri 02903, usa",NA,NA,NA,NA,41.8241849,-71.42506689999999,Med High,NA,FALSE,FALSE
3914,2009-06-25,16028,04:34:00,Bicycle,NA,1,1,Broad Street,Harvard Avenue,2009-06-25,"Two-Way, Divided, Unprotected (painted>4feet) Medium",Dry,Daylight,Clear,Other,No,No Controls,6,1,Complains Of Pain,2,NA,NA,FALSE,FALSE,"Broad Street and Harvard Avenue, Providence, RI, USA",FALSE,-71.4195976,41.8086139,route,geometric_center,"harvard ave, providence, ri 02907, usa","Broad Street & Harvard Avenue, Providence, RI, USA",EjJCcm9hZCBTdHJlZXQgJiBIYXJ2YXJkIEF2ZW51ZSwgUHJvdmlkZW5jZSwgUkksIFVTQSJmImQKFAoSCX17gAZ7ReSJEfAd7KV6lYkhEhQKEgl9e4AGe0XkiRHwHeylepWJIRoUChIJg9591YxP5IkRLKLKk5hLCKMaFAoSCRc_ESF7ReSJEZYBayjYu4EeIgoNcHzrGBUWEm7V,41.8086,-71.4206698,41.8086,-71.4206698,Med,NA,FALSE,FALSE
3915,2009-06-24,16006,08:48:00,Bicycle,NA,1,1,839 Chalkstone Ave,Raymond St,2009-06-24,"Two-Way , Not Divided",Wet,Daylight,Rain,Angle (Front - to - Side) Right Angle (Includes Broadside),No,No Controls,3,1,Non-Incapacitating,2,NA,NA,TRUE,FALSE,"839 Chalkstone Ave, Providence, RI, USA",FALSE,-71.4356813,41.8338504,street_address,range_interpolated,"839 chalkstone ave, providence, ri 02908, usa",NA,NA,NA,NA,41.8338504,-71.4356813,High,NA,FALSE,FALSE
3916,2009-06-22,15973,18:48:00,Bicycle,NA,1,1,Charles St,Orms St,2009-06-22,"Two-Way, Not Divided With a Continuous Left Turn Lane",Wet,Daylight,Rain,"Sideswipe, Same Direction",No,Traffic Control Signal,2,1,Complains Of Pain,6,NA,NA,FALSE,FALSE,"Charles Street and Orms Street, Providence, RI, USA",FALSE,-71.41138579999999,41.8348611,intersection,geometric_center,"charles st & orms st, providence, ri 02904, usa",NA,NA,NA,NA,41.8348611,-71.41138579999999,Med High,NA,FALSE,FALSE
3917,2009-06-22,16003,01:55:00,Pedestrian,1,NA,1,160 Broad St.,Service Rd. 7,2009-06-24,"Two-Way , Not Divided",Wet,Daylight,Rain,Other,No,Traffic Control Signal,3,1,Complains Of Pain,2,NA,NA,TRUE,FALSE,"160 Broad St., Providence, RI, USA",FALSE,-71.4167171,41.8169108,premise,rooftop,"160 broad st, providence, ri 02903, usa",NA,NA,NA,NA,41.8169108,-71.4167171,High,NA,FALSE,FALSE
3918,2009-06-21,15950,21:51:00,Pedestrian,1,NA,1,Westminster st,Marshall st,2009-06-21,"Two-Way , Not Divided",Wet,Dark - Lighted,Rain,Head-On (Front - to - Front),No,No Controls,4,1,Complains Of Pain,2,NA,NA,FALSE,FALSE,"Westminster Street and Marshall Street, Providence, RI, USA",FALSE,-71.4317209,41.816563,intersection,geometric_center,"marshall st & westminster st, providence, ri 02909, usa",NA,NA,NA,NA,41.816563,-71.4317209,Med High,NA,FALSE,FALSE
3919,2009-06-21,15952,22:04:00,Pedestrian,1,NA,1,UNION AVE,WHITEHALL ST,2009-06-21,"Two-Way , Not Divided",Wet,Dark - Lighted,Rain,Head-On (Front - to - Front),"Yes, M/V and Driver Left Scene",No Controls,3,1,Non-Incapacitating,2,NA,NA,FALSE,FALSE,"Union Ave and Whitehall Street, Providence, RI, USA",FALSE,-71.445114,41.8103179,route,geometric_center,"whitehall st, providence, ri, usa","Union Ave & Whitehall Street, Providence, RI, USA",EjFVbmlvbiBBdmUgJiBXaGl0ZWhhbGwgU3RyZWV0LCBQcm92aWRlbmNlLCBSSSwgVVNBImYiZAoUChIJ-VAjWohF5IkRu98HnY0tfOASFAoSCflQI1qIReSJEbvfB52NLXzgGhQKEgkjges4ikXkiRGe1Z8wsMWILxoUChIJ0XzJ2IhF5IkRe7M5a8Uv5H4iCg1gXesYFW6GatU,41.8078048,-71.4439058,41.8078048,-71.4439058,Med,NA,FALSE,FALSE
3920,2009-06-19,15911,04:17:00,Pedestrian,1,NA,1,WATERMAN STREET,NORTH MAIN,2009-06-19,One-Way Trafficway,Wet,Daylight,Rain,Other,"Yes, M/V and Driver Left Scene",Traffic Control Signal,3,0,No Injury,2,NA,NA,FALSE,FALSE,"Waterman Street and North Main, Providence, RI, USA",FALSE,-71.4087253,41.826949,intersection,geometric_center,"n main st & waterman st, providence, ri 02903, usa",NA,NA,NA,NA,41.826949,-71.4087253,Med High,NA,FALSE,FALSE
3921,2009-06-16,15834,08:32:00,Pedestrian,1,NA,1,River Ave,Allston Street,2009-06-16,"Two-Way , Not Divided",Dry,Daylight,Cloudy,Unknown,No,No Controls,5,1,Complains Of Pain,NA,NA,NA,FALSE,FALSE,"River Ave and Allston Street, Providence, RI, USA",FALSE,-71.4365037,41.8298009,intersection,geometric_center,"river ave & allston st, providence, ri 02908, usa",NA,NA,NA,NA,41.8298009,-71.4365037,Med High,NA,FALSE,FALSE
3922,2009-06-15,15828,07:30:00,Bicycle,NA,1,1,Parnell St,Atwells Ave,2009-06-15,"Two-Way , Not Divided",Wet,Dusk,Rain,Angle - Direction Not Specified,No,Stop Signs,3,1,Complains Of Pain,2,NA,NA,FALSE,FALSE,"Parnell Street and Atwells Ave, Providence, RI, USA",FALSE,-71.4539671,41.8253329,intersection,geometric_center,"atwells ave & parnell st, providence, ri 02909, usa",NA,NA,NA,NA,41.8253329,-71.4539671,Med High,NA,FALSE,FALSE
3923,2009-06-14,15779,02:32:00,Pedestrian,1,NA,1,DORRANCE ST,WEYBOSSET ST,2009-06-14,"Two-Way , Not Divided",Wet,Dark - Lighted,Rain,Other,"Yes, M/V and Driver Left Scene",No Controls,3,1,Complains Of Pain,2,NA,NA,FALSE,FALSE,"Dorrance Street and Weybosset Street, Providence, RI, USA",FALSE,-71.4109933,41.8230796,intersection,geometric_center,"weybosset st & dorrance st, providence, ri 02903, usa",NA,NA,NA,NA,41.8230796,-71.4109933,Med High,NA,FALSE,FALSE
3924,2009-06-13,15765,09:00:00,Pedestrian,1,NA,1,charles st,RT 146,2009-06-13,"Two-Way , Not Divided",Dry,Daylight,Clear,Angle - Direction Not Specified,No,No Controls,2,1,Non-Incapacitating,2,NA,NA,FALSE,FALSE,"Charles Street and Rt 146, Providence, RI, USA",FALSE,-71.4121277,41.8361618,street_address,range_interpolated,"146 charles st, providence, ri 02904, usa",NA,NA,NA,NA,41.8361618,-71.4121277,Med High,NA,FALSE,FALSE
3925,2009-06-12,15764,00:09:00,Pedestrian,1,NA,1,960 Broad Street,NA,2009-06-13,"Two-Way , Not Divided",Wet,Dark - Lighted,Cloudy,Other,No,No Controls,3,1,Complains Of Pain,NA,NA,NA,TRUE,TRUE,"960 Broad Street, Providence, RI, USA",FALSE,-71.41443699999999,41.798638,premise,rooftop,"960 broad st, providence, ri 02905, usa",NA,NA,NA,NA,41.798638,-71.41443699999999,High,NA,FALSE,FALSE
3926,2009-06-09,15689,18:44:00,Bicycle,NA,1,1,Mitchell Street,Hamilton Street,2009-06-09,"Two-Way , Not Divided",Dry,Daylight,Clear,Angle (Front - to - Side) Right Angle (Includes Broadside),No,No Controls,3,0,No Injury,2,NA,NA,FALSE,FALSE,"Mitchell Street and Hamilton Street, Providence, RI, USA",FALSE,-71.4219078,41.8005942,intersection,geometric_center,"hamilton st & mitchell st, providence, ri 02907, usa",NA,NA,NA,NA,41.8005942,-71.4219078,Med High,NA,FALSE,FALSE
3927,2009-06-07,15690,08:12:00,Pedestrian,1,NA,1,HARTFORD,GLENBRIDGE,2009-06-09,"Two-Way , Not Divided",Dry,Daylight,Clear,Other,No,Traffic Control Signal,2,1,Complains Of Pain,NA,NA,NA,FALSE,FALSE,"Hartford and Glenbridge, Providence, RI, USA",FALSE,-71.46158179999999,41.8190078,intersection,geometric_center,"glenbridge ave & hartford ave, providence, ri 02909, usa",NA,NA,NA,NA,41.8190078,-71.46158179999999,Med High,NA,FALSE,FALSE
3928,2009-06-06,15612,01:30:00,Bicycle,NA,1,1,Manton Ave,NA,2009-06-06,"Two-Way , Not Divided",Dry,Daylight,Clear,Angle (Front - to - Side) Right Angle (Includes Broadside),No,No Controls,3,1,Non-Incapacitating,2,NA,NA,FALSE,TRUE,"Manton Ave, Providence, RI, USA",FALSE,-71.4570108,41.8257711,route,geometric_center,"manton ave, providence, ri 02909, usa",NA,NA,NA,NA,41.8257711,-71.4570108,Inaccurate,NA,FALSE,FALSE
3929,2009-06-05,15572,01:00:00,Bicycle,NA,1,1,PROMENADE,HOLDEN,2009-06-05,One-Way Trafficway,Wet,Daylight,Rain,Angle (Front - to - Side) Right Angle (Includes Broadside),No,No Controls,2,1,Non-Incapacitating,2,NA,NA,FALSE,FALSE,"Promenade and Holden, Providence, RI, USA",FALSE,-71.4186057,41.8312852,route,geometric_center,"holden st, providence, ri 02908, usa","Promenade Street & Holden Street, Providence, RI, USA",EjVQcm9tZW5hZGUgU3RyZWV0ICYgSG9sZGVuIFN0cmVldCwgUHJvdmlkZW5jZSwgUkksIFVTQSJmImQKFAoSCeuoQLEPReSJEZiF0gJWyzgmEhQKEgnrqECxD0XkiRGYhdICVss4JhoUChIJV0M8Kg9F5IkR_fqZnkWozgUaFAoSCZnmXkYFReSJEaU2FYsA_-DuIgoNAYfuGBVSLG7V,41.82853130000001,-71.4199982,41.82853130000001,-71.4199982,Med,NA,FALSE,FALSE
3930,2009-06-05,15587,04:45:00,Pedestrian,1,NA,1,Whitmarsh,Elmwood Ave,2009-06-05,"Two-Way , Not Divided",Wet,Daylight,Rain,Not a Collision Between Two Motor Vehicles in Transport,No,No Controls,2,1,Complains Of Pain,2,NA,NA,FALSE,FALSE,"Whitmarsh and Elmwood Ave, Providence, RI, USA",FALSE,-71.42507549999999,41.8059678,intersection,geometric_center,"elmwood ave & whitmarsh st, providence, ri 02907, usa",NA,NA,NA,NA,41.8059678,-71.42507549999999,Med High,NA,FALSE,FALSE