row_number,crash_date,crash_report_id,crash_time,collision_type,count_pedestrian,count_bicycle,number_of_vehicles,street_or_highway,nearest_intersection,report_date,type_of_roadway,road_surface_condition,light_condition,weather_condition,manner_of_impact,hit_and_run,traffic_control,person_count,injury_count,most_serious_injury,number_of_lanes,lat_raw,lon_raw,has_st_number,is_intersection_null,address_sent_to_geocoder,is_address_blank,lon_api_first_try,lat_api_first_try,type,loctype,address_returned_by_geocoder,address_returned_by_autocomplete,place_ids_autocompleted,lat_api_second_try,lon_api_second_try,lat_api_best,lon_api_best,api_coord_conf,distance_btwn_coords_meters,scooter,wheel_chair
4028,2008-12-09,11284,21:29:00,Pedestrian,1,NA,1,Francis St,West Exchange St,2008-12-09,"Two-Way , Not Divided",Wet,Dark - Not Lighted,Rain,Head-On (Front - to - Front),No,Traffic Control Signal,5,1,Complains Of Pain,2,NA,NA,FALSE,FALSE,"Francis Street and West Exchange Street, Providence, RI, USA",FALSE,-71.4202531,41.825222,route,geometric_center,"w exchange st, providence, ri 02903, usa","Francis Street & West Exchange Street, Providence, RI, USA",EjpGcmFuY2lzIFN0cmVldCAmIFdlc3QgRXhjaGFuZ2UgU3RyZWV0LCBQcm92aWRlbmNlLCBSSSwgVVNBImYiZAoUChIJjTTYfRFF5IkRq7ZGSjk5ozESFAoSCY002H0RReSJEau2Rko5OaMxGhQKEgnjCiVZEEXkiREJ12uSbA5CmxoUChIJZcnnxA1F5IkRv8kI-Xim7hoiCg0H_u0YFTH3btU,41.8250247,-71.41480469999999,41.8250247,-71.41480469999999,Med,NA,FALSE,FALSE
4029,2008-12-09,11287,21:35:00,Pedestrian,1,NA,1,754 ATWELLS AVE.,CUTLER ST.,2008-12-10,"Two-Way , Not Divided",Wet,Dark - Lighted,Rain,Other,"Yes, M/V and Driver Left Scene",No Controls,6,1,Fatal,2,NA,NA,TRUE,FALSE,"754 Atwells Ave., Providence, RI, USA",FALSE,-71.4419246,41.8245534,street_address,rooftop,"754 atwells ave, providence, ri 02909, usa",NA,NA,NA,NA,41.8245534,-71.4419246,High,NA,FALSE,FALSE
4030,2008-12-08,11249,02:03:00,Pedestrian,1,NA,1,Waterman Street,NA,2008-12-08,One-Way Trafficway,Dry,Daylight,Clear,"Sideswipe, Same Direction",No,No Controls,3,0,No Injury,1,NA,NA,FALSE,TRUE,"Waterman Street, Providence, RI, USA",FALSE,-71.394672,41.8276277,route,geometric_center,"waterman st, providence, ri, usa",NA,NA,NA,NA,41.8276277,-71.394672,Inaccurate,NA,FALSE,FALSE
4031,2008-12-05,11164,12:55:00,Bicycle,NA,1,2,225  Broadway,Depasquale,2008-12-05,"Two-Way , Not Divided",Dry,Daylight,Clear,Other,No,Traffic Control Signal,7,1,Incapacitating,2,NA,NA,TRUE,FALSE,"225  Broadway, Providence, RI, USA",FALSE,-71.4251519,41.8210288,street_address,rooftop,"225 broadway, providence, ri 02903, usa",NA,NA,NA,NA,41.8210288,-71.4251519,High,NA,FALSE,FALSE
4032,2008-12-03,11094,07:00:00,Pedestrian,1,NA,1,Broad Street,Pearl Street,2008-12-03,"Two-Way, Divided, Unprotected (painted>4feet) Medium",Dry,Daylight,Clear,Angle - Direction Not Specified,"Yes, Driver Left Scene",Traffic Control Signal,3,1,Complains Of Pain,2,NA,NA,FALSE,FALSE,"Broad Street and Pearl Street, Providence, RI, USA",FALSE,-71.4128343,41.8239891,locality,approximate,"providence, ri, usa","Broad Street & Pearl Street, Providence, RI, USA",EjBCcm9hZCBTdHJlZXQgJiBQZWFybCBTdHJlZXQsIFByb3ZpZGVuY2UsIFJJLCBVU0EiZiJkChQKEgk1O0-ncUXkiRHr2v1gzR_JJxIUChIJNTtPp3FF5IkR69r9YM0fyScaFAoSCYPefdWMT-SJESyiypOYSwijGhQKEgkNm4U0bkXkiRG6oe115UpVCiIKDYVt7BgVkQZu1Q,41.8147717,-71.4209647,41.8147717,-71.4209647,Med,NA,FALSE,FALSE
4033,2008-12-02,11082,06:52:00,Pedestrian,1,NA,1,Westminister,Bridgham,2008-12-02,"Two-Way , Not Divided",Dry,Dark - Lighted,Clear,Other,No,Traffic Control Signal,3,1,Complains Of Pain,2,NA,NA,FALSE,FALSE,"Westminister and Bridgham, Providence, RI, USA",FALSE,-71.4284038,41.8169384,intersection,geometric_center,"bridgham st & westminster st, providence, ri 02909, usa",NA,NA,NA,NA,41.8169384,-71.4284038,Med High,NA,FALSE,FALSE
4034,2008-12-01,11035,07:09:00,Pedestrian,1,NA,1,EXCHANGE STREET,NA,2008-12-01,"Two-Way , Not Divided",Wet,Daylight,Rain,Angle (Front - to - Side) Same Direction,No,Stop Signs,2,1,Non-Incapacitating,2,NA,NA,FALSE,TRUE,"Exchange Street, Providence, RI, USA",FALSE,-71.4118704,41.8265115,route,geometric_center,"exchange st, providence, ri 02903, usa",NA,NA,NA,NA,41.8265115,-71.4118704,Inaccurate,NA,FALSE,FALSE
4035,2008-12-01,11036,08:44:00,Pedestrian,1,NA,1,ATWELLS AVENUE,PARNELL STREET,2008-12-01,"Two-Way , Not Divided",Wet,Daylight,Clear,Head-On (Front - to - Front),"Yes, M/V and Driver Left Scene",No Controls,1,1,Complains Of Pain,2,NA,NA,FALSE,FALSE,"Atwells Avenue and Parnell Street, Providence, RI, USA",FALSE,-71.4539671,41.8253329,intersection,geometric_center,"atwells ave & parnell st, providence, ri 02909, usa",NA,NA,NA,NA,41.8253329,-71.4539671,Med High,NA,FALSE,FALSE
4036,2008-11-29,11009,05:01:00,Pedestrian,1,NA,1,Allens Ave,New York Ave,2008-11-29,"Two-Way , Not Divided",Dry,Daylight,Clear,Not a Collision Between Two Motor Vehicles in Transport,No,Traffic Control Signal,2,0,No Injury,2,NA,NA,FALSE,FALSE,"Allens Ave and New York Ave, Providence, RI, USA",FALSE,-71.3966563,41.790999,intersection,geometric_center,"allens ave & new york ave, providence, ri 02905, usa",NA,NA,NA,NA,41.790999,-71.3966563,Med High,NA,FALSE,FALSE
4037,2008-11-29,11022,18:16:00,Pedestrian,1,NA,1,Francis St,NA,2008-11-30,"Two-Way , Not Divided",Wet,Dark - Not Lighted,Rain,Angle (Front - to - Side) Same Direction,No,Traffic Control Signal,3,1,Incapacitating,NA,NA,NA,FALSE,TRUE,"Francis Street, Providence, RI, USA",FALSE,-71.4128343,41.8239891,locality,approximate,"providence, ri, usa",NA,NA,NA,NA,41.8239891,-71.4128343,Inaccurate,NA,FALSE,FALSE
4038,2008-11-28,10988,03:33:00,Bicycle,NA,1,1,Washington st,Service rd 7,2008-11-28,"Two-Way , Not Divided",Dry,Daylight,Clear,Head-On (Front - to - Front),No,No Controls,4,1,Complains Of Pain,2,NA,NA,FALSE,FALSE,"Washington Street and Service Rd 7, Providence, RI, USA",FALSE,-71.4200451,41.8199608,route,geometric_center,"service rd 1, providence, ri, usa","Washington Street & Service Rd 7, Providence, RI, USA",EjVXYXNoaW5ndG9uIFN0cmVldCAmIFNlcnZpY2UgUmQgNywgUHJvdmlkZW5jZSwgUkksIFVTQSJmImQKFAoSCTN7QupyReSJEfGJ4HuyTjB-EhQKEgkze0LqckXkiRHxieB7sk4wfhoUChIJqdrNnBJF5IkRGgfQlqMSNPYaFAoSCQd4dEJ2ReSJEcsRXQZMIQVMIgoNwyvtGBV8NG7V,41.8196419,-71.4197892,41.8196419,-71.4197892,Med,NA,FALSE,FALSE
4039,2008-11-26,10914,01:12:00,Pedestrian,1,NA,1,S.Main Street,College Street,2008-11-25,One-Way Trafficway,Wet,Daylight,Rain,Other,Unknown,No Controls,5,1,Complains Of Pain,2,NA,NA,FALSE,FALSE,"S.main Street and College Street, Providence, RI, USA",FALSE,-71.4078251,41.8256787,intersection,geometric_center,"s main st & college st, providence, ri 02903, usa",NA,NA,NA,NA,41.8256787,-71.4078251,Med High,NA,FALSE,FALSE
4040,2008-11-26,11085,18:42:00,Pedestrian,1,NA,1,WASHINGTON ST,ADRIAN HALL WAY,2008-12-02,"Two-Way , Not Divided",Dry,Dark - Lighted,Clear,Head-On (Front - to - Front),No,No Controls,2,0,No Injury,2,NA,NA,FALSE,FALSE,"Washington Street and Adrian Hall Way, Providence, RI, USA",FALSE,-71.4167939,41.8226229,route,geometric_center,"adrian hall way, providence, ri 02903, usa","Washington Street & Adrian Hall Way, Providence, RI, USA",EjhXYXNoaW5ndG9uIFN0cmVldCAmIEFkcmlhbiBIYWxsIFdheSwgUHJvdmlkZW5jZSwgUkksIFVTQSJmImQKFAoSCVNMi_ASReSJEZD3LNrpSzcWEhQKEglTTIvwEkXkiRGQ9yza6Us3FhoUChIJqdrNnBJF5IkRGgfQlqMSNPYaFAoSCWnSc_QSReSJEe1VVNd21LkBIgoNKpHtGBVTy27V,41.8222378,-71.4159277,41.8222378,-71.4159277,Med,NA,FALSE,FALSE
4041,2008-11-24,10883,12:16:00,Pedestrian,1,NA,1,DOUGLAS AVENUE,CHAD BROWN STREET,2008-11-24,"Two-Way , Not Divided",Dry,Daylight,Clear,Other,No,Traffic Control Signal,4,1,Complains Of Pain,2,NA,NA,FALSE,FALSE,"Douglas Avenue and Chad Brown Street, Providence, RI, USA",FALSE,-71.42582689999999,41.8392775,intersection,geometric_center,"chad brown st & douglas ave, providence, ri 02908, usa",NA,NA,NA,NA,41.8392775,-71.42582689999999,Med High,NA,FALSE,FALSE
4042,2008-11-24,10888,03:05:00,Pedestrian,1,NA,1,Felix Mirando Way,Royal Little Drive,2008-11-24,"Two-Way , Not Divided",Dry,Daylight,Clear,Other,No,Stop Signs,4,1,Complains Of Pain,2,NA,NA,FALSE,FALSE,"Felix Mirando Way and Royal Little Drive, Providence, RI, USA",FALSE,-71.4114129,41.8513994,intersection,geometric_center,"royal little dr & felix mirando way, providence, ri 02904, usa",NA,NA,NA,NA,41.8513994,-71.4114129,Med High,NA,FALSE,FALSE
4043,2008-11-21,10821,13:51:00,Bicycle,NA,1,1,Westmintser St,Stokes St,2008-11-21,"Two-Way, Divided, Unprotected (painted>4feet) Medium",Dry,Daylight,Clear,Other,No,No Controls,2,1,Complains Of Pain,NA,NA,NA,FALSE,FALSE,"Westmintser Street and Stokes Street, Providence, RI, USA",FALSE,-71.4428116,41.8167431,intersection,geometric_center,"westminster st & stokes st, providence, ri 02909, usa",NA,NA,NA,NA,41.8167431,-71.4428116,Med High,NA,FALSE,FALSE
4044,2008-11-20,10812,02:16:00,Pedestrian,1,NA,1,575 North main st,NA,2008-11-21,Unknown,Dry,Daylight,Clear,Not a Collision Between Two Motor Vehicles in Transport,"Yes, M/V and Driver Left Scene",No Controls,1,1,Complains Of Pain,NA,NA,NA,TRUE,TRUE,"575 North Main Street, Providence, RI, USA",FALSE,-71.40843,41.837375,street_address,rooftop,"575 n main st, providence, ri 02904, usa",NA,NA,NA,NA,41.837375,-71.40843,High,NA,FALSE,FALSE
4045,2008-11-19,10770,08:22:00,Pedestrian,1,NA,1,WEST FOUNTAIN ST.,DEAN ST.,2008-11-19,"Two-Way , Not Divided",Dry,Daylight,Clear,"Sideswipe, Same Direction",No,No Controls,6,1,Complains Of Pain,2,NA,NA,FALSE,FALSE,"West Fountain St. and Dean St., Providence, RI, USA",FALSE,-71.4209198,41.8193956,intersection,geometric_center,"dean st & w fountain st, providence, ri 02903, usa",NA,NA,NA,NA,41.8193956,-71.4209198,Med High,NA,FALSE,FALSE
4046,2008-11-16,10724,01:07:00,Pedestrian,1,NA,1,Atwells Ave,Depasquale,2008-11-16,"Two-Way , Not Divided",Wet,Dark - Lighted,Rain,Other,"Yes, M/V and Driver Left Scene",No Controls,2,1,Non-Incapacitating,2,NA,NA,FALSE,FALSE,"Atwells Ave and Depasquale, Providence, RI, USA",FALSE,-71.4270169,41.8235993,intersection,geometric_center,"de pasquale ave & atwells ave, providence, ri 02903, usa",NA,NA,NA,NA,41.8235993,-71.4270169,Med High,NA,FALSE,FALSE
4047,2008-11-15,10701,09:53:00,Pedestrian,1,NA,1,Francis St,Finance Way,2008-11-15,"Two-Way , Not Divided",Wet,Dark - Lighted,Rain,Other,No,Traffic Control Signal,3,1,Complains Of Pain,2,NA,NA,FALSE,FALSE,"Francis Street and Finance Way, Providence, RI, USA",FALSE,-71.4141847,41.8276529,route,geometric_center,"finance way, providence, ri 02903, usa","Francis Street & Finance Way, Providence, RI, USA",EjFGcmFuY2lzIFN0cmVldCAmIEZpbmFuY2UgV2F5LCBQcm92aWRlbmNlLCBSSSwgVVNBImYiZAoUChIJV0u8VBBF5IkRSbWudbN2R1USFAoSCVdLvFQQReSJEUm1rnWzdkdVGhQKEgnjCiVZEEXkiREJ12uSbA5CmxoUChIJTVXC7xBF5IkRh9pEKJ3E5UwiCg3zXO4YFdnfbtU,41.8274547,-71.4154023,41.8274547,-71.4154023,Med,NA,FALSE,FALSE
4048,2008-11-14,10670,04:09:00,Bicycle,NA,1,1,Atwells Ave,Sears Avenue,2008-11-14,"Two-Way , Not Divided",Dry,Daylight,Cloudy,Angle (Front - to - Side) Right Angle (Includes Broadside),No,Stop Signs,2,1,Complains Of Pain,NA,NA,NA,FALSE,FALSE,"Atwells Ave and Sears Avenue, Providence, RI, USA",FALSE,-71.445763,41.82492329999999,intersection,geometric_center,"sears ave & atwells ave, providence, ri 02909, usa",NA,NA,NA,NA,41.82492329999999,-71.445763,Med High,NA,FALSE,FALSE
4049,2008-11-10,10583,18:19:00,Bicycle,NA,1,1,ADMIRAL STREET,BERKSHIRE STREET,2008-11-11,"Two-Way , Not Divided",Dry,Dark - Lighted,Clear,Not a Collision Between Two Motor Vehicles in Transport,No,Stop Signs,2,1,Complains Of Pain,2,NA,NA,FALSE,FALSE,"Admiral Street and Berkshire Street, Providence, RI, USA",FALSE,-71.4236963,41.8441893,intersection,geometric_center,"berkshire st & admiral st, providence, ri 02908, usa",NA,NA,NA,NA,41.8441893,-71.4236963,Med High,NA,FALSE,FALSE
4050,2008-11-06,10472,16:48:00,Bicycle,NA,1,1,Broad Street,Stanwood Ave,2008-11-06,"Two-Way , Not Divided",Wet,Dark - Lighted,Rain,Angle (Front - to - Side) Right Angle (Includes Broadside),No,Stop Signs,3,1,Complains Of Pain,2,NA,NA,FALSE,FALSE,"Broad Street and Stanwood Ave, Providence, RI, USA",FALSE,-71.4224823,41.8025269,route,geometric_center,"stanwood st, providence, ri 02907, usa",NA,NA,NA,NA,41.8025269,-71.4224823,Med,NA,FALSE,FALSE
4051,2008-11-05,10823,18:37:00,Bicycle,NA,2,1,CRANSTON STREET,MESSER STREET,2008-11-21,"Two-Way , Not Divided",Dry,Dark - Lighted,Clear,Not a Collision Between Two Motor Vehicles in Transport,No,No Controls,3,1,Complains Of Pain,2,NA,NA,FALSE,FALSE,"Cranston Street and Messer Street, Providence, RI, USA",FALSE,-71.43343449999999,41.809637,intersection,geometric_center,"cranston st & messer st, providence, ri 02907, usa",NA,NA,NA,NA,41.809637,-71.43343449999999,Med High,NA,FALSE,FALSE
4052,2008-11-01,10366,13:41:00,Pedestrian,1,NA,1,Valley St.,Unknown,2008-11-01,"Two-Way, Divided, Unprotected (painted>4feet) Medium",Dry,Daylight,Clear,Unknown,"Yes, M/V and Driver Left Scene",Unknown,1,1,Complains Of Pain,1,NA,NA,FALSE,FALSE,"Valley St. and Unknown, Providence, RI, USA",FALSE,-71.4128343,41.8239891,locality,approximate,"providence, ri, usa",NA,NA,NA,NA,41.8239891,-71.4128343,Med,NA,FALSE,FALSE
4053,2008-10-31,10341,16:26:00,Bicycle,NA,1,1,Ellerly,Waverly,2008-10-31,"Two-Way , Not Divided",Dry,Daylight,Clear,Other,No,Stop Signs,2,1,Complains Of Pain,NA,NA,NA,FALSE,FALSE,"Ellerly and Waverly, Providence, RI, USA",FALSE,-71.438324,41.809841,intersection,geometric_center,"ellery st & waverly st, providence, ri 02909, usa",NA,NA,NA,NA,41.809841,-71.438324,Med High,NA,FALSE,FALSE
4054,2008-10-29,10296,08:15:00,Bicycle,NA,1,1,PETTEYS AVE,HARTFORD AVE,2008-10-29,"Two-Way , Not Divided",Dry,Daylight,Cloudy,Other,"Yes, M/V and Driver Left Scene",Person,4,1,Non-Incapacitating,2,NA,NA,FALSE,FALSE,"Petteys Ave and Hartford Ave, Providence, RI, USA",FALSE,-71.46158179999999,41.8190078,intersection,geometric_center,"petteys ave & hartford ave, providence, ri 02909, usa",NA,NA,NA,NA,41.8190078,-71.46158179999999,Med High,NA,FALSE,FALSE
4055,2008-10-28,10258,07:17:00,Pedestrian,1,NA,1,735 Eddy Street,Eudora Street,2008-10-28,One-Way Trafficway,Wet,Dawn,Rain,Head-On (Front - to - Front),No,No Controls,3,1,Complains Of Pain,NA,NA,NA,TRUE,FALSE,"735 Eddy Street, Providence, RI, USA",FALSE,-71.40723100000001,41.8078092,street_address,range_interpolated,"735 eddy st, providence, ri 02903, usa",NA,NA,NA,NA,41.8078092,-71.40723100000001,High,NA,FALSE,FALSE
4056,2008-10-28,10301,17:40:00,Pedestrian,1,NA,1,ORMS STREET,NA,2008-10-29,"Two-Way , Not Divided",Wet,Dark - Lighted,Rain,Not a Collision Between Two Motor Vehicles in Transport,No,No Controls,4,0,No Injury,2,NA,NA,FALSE,TRUE,"Orms Street, Providence, RI, USA",FALSE,-71.4191013,41.8342191,route,geometric_center,"orms st, providence, ri, usa",NA,NA,NA,NA,41.8342191,-71.4191013,Inaccurate,NA,FALSE,FALSE
4057,2008-10-27,10261,12:23:00,Bicycle,NA,1,1,Governor st,Trenton st,2008-10-28,"Two-Way , Not Divided",Dry,Daylight,Clear,Not a Collision Between Two Motor Vehicles in Transport,No,No Controls,2,1,Complains Of Pain,NA,NA,NA,FALSE,FALSE,"Governor Street and Trenton Street, Providence, RI, USA",FALSE,-71.3936987,41.8208007,intersection,geometric_center,"trenton st & governor st, providence, ri 02903, usa",NA,NA,NA,NA,41.8208007,-71.3936987,Med High,NA,FALSE,FALSE
4058,2008-10-26,10208,02:57:00,Bicycle,NA,NA,2,17 SUMTER STREET,BROAD STREET,2008-10-26,"Two-Way , Not Divided",Wet,Dark - Lighted,Rain,Rear End(Front-to-Rear),"Yes, M/V and Driver Left Scene",Unknown,1,0,No Injury,NA,NA,NA,TRUE,FALSE,"17 Sumter Street, Providence, RI, USA",FALSE,-71.41497249999999,41.79770389999999,premise,rooftop,"17 sumter st, providence, ri 02907, usa",NA,NA,NA,NA,41.79770389999999,-71.41497249999999,High,NA,FALSE,FALSE
4059,2008-10-25,10204,10:45:00,Pedestrian,1,NA,1,Niantic Ave,Reservoir Ave,2008-10-25,One-Way Trafficway,Wet,Dark - Lighted,Rain,Other,No,Traffic Control Signal,3,1,Complains Of Pain,NA,NA,NA,FALSE,FALSE,"Niantic Ave and Reservoir Ave, Providence, RI, USA",FALSE,-71.4384274,41.7831838,route,geometric_center,"reservoir ave, providence, ri, usa",NA,NA,NA,NA,41.7831838,-71.4384274,Med,NA,FALSE,FALSE
4060,2008-10-25,10213,01:41:00,Pedestrian,2,NA,1,215 Valley st,NA,2008-10-26,"Two-Way , Not Divided",Dry,Daylight,Clear,Other,No,No Controls,3,2,Complains Of Pain,2,NA,NA,TRUE,TRUE,"215 Valley Street, Providence, RI, USA",FALSE,-71.4397462,41.8226891,premise,rooftop,"215 valley st, providence, ri 02909, usa",NA,NA,NA,NA,41.8226891,-71.4397462,High,NA,FALSE,TRUE
4061,2008-10-24,10188,19:37:00,Pedestrian,1,NA,1,ELMWOOD AVENUE,POTTERS AVENUE,2008-10-25,"Two-Way , Not Divided",Dry,Dark - Lighted,Cloudy,Other,No,Traffic Control Signal,3,0,No Injury,NA,NA,NA,FALSE,FALSE,"Elmwood Avenue and Potters Avenue, Providence, RI, USA",FALSE,-71.4263655,41.8015172,intersection,geometric_center,"potters ave & elmwood ave, providence, ri 02907, usa",NA,NA,NA,NA,41.8015172,-71.4263655,Med High,NA,FALSE,FALSE
4062,2008-10-23,10136,04:21:00,Bicycle,NA,1,1,FOUNTAIN STREET,EMPIRE STREET,2008-10-23,One-Way Trafficway,Dry,Daylight,Clear,Head-On (Front - to - Front),No,No Controls,3,1,Complains Of Pain,2,NA,NA,FALSE,FALSE,"Fountain Street and Empire Street, Providence, RI, USA",FALSE,-71.4171267,41.8223687,intersection,geometric_center,"fountain st & empire st, providence, ri 02903, usa",NA,NA,NA,NA,41.8223687,-71.4171267,Med High,NA,FALSE,FALSE
4063,2008-10-22,10121,02:13:00,Pedestrian,1,NA,1,505 NORTH MAIN STREET,UNIVERSITY PLAZA LOT,2008-10-23,"Two-Way , Not Divided",Dry,Daylight,Rain,Other,No,No Controls,3,1,Complains Of Pain,NA,NA,NA,TRUE,FALSE,"505 North Main Street, Providence, RI, USA",FALSE,-71.409106,41.8354278,street_address,range_interpolated,"505 n main st, providence, ri 02904, usa",NA,NA,NA,NA,41.8354278,-71.409106,High,NA,FALSE,FALSE
4064,2008-10-20,10060,02:56:00,Pedestrian,1,NA,1,Bridgham Street,Westminster Street,2008-10-20,"Two-Way , Not Divided",Dry,Daylight,Clear,Head-On (Front - to - Front),No,Traffic Control Signal,3,1,Complains Of Pain,2,NA,NA,FALSE,FALSE,"Bridgham Street and Westminster Street, Providence, RI, USA",FALSE,-71.4284038,41.8169384,intersection,geometric_center,"bridgham st & westminster st, providence, ri 02909, usa",NA,NA,NA,NA,41.8169384,-71.4284038,Med High,NA,FALSE,FALSE
4065,2008-10-17,10009,04:05:00,Pedestrian,1,NA,1,Kennedy Plaza,"Bus stop ""E""",2008-10-17,One-Way Trafficway,Dry,Daylight,Clear,Other,No,No Controls,5,1,Complains Of Pain,2,NA,NA,FALSE,FALSE,"Kennedy Plaza and Bus Stop ""E"", Providence, RI, USA",FALSE,-71.4110861,41.8250306,route,geometric_center,"kennedy plaza, providence, ri 02903, usa",NA,NA,NA,NA,41.8250306,-71.4110861,Med,NA,FALSE,FALSE
4066,2008-10-17,10012,08:25:00,Pedestrian,1,NA,1,MANTON AVENUE,PANAY STREET,2008-10-17,"Two-Way , Not Divided",Dry,Dark - Lighted,Clear,Angle (Front - to - Side) Right Angle (Includes Broadside),No,No Controls,2,1,Complains Of Pain,2,NA,NA,FALSE,FALSE,"Manton Avenue and Panay Street, Providence, RI, USA",FALSE,-71.4508537,41.82319409999999,intersection,geometric_center,"panay st & manton ave, providence, ri 02909, usa",NA,NA,NA,NA,41.82319409999999,-71.4508537,Med High,NA,FALSE,FALSE
4067,2008-10-16,10004,11:50:00,Bicycle,NA,1,1,Broadway,Valley St,2008-10-17,"Two-Way, Divided, Unprotected (painted>4feet) Medium",Dry,Daylight,Clear,Other,No,Traffic Control Signal,2,0,No Injury,NA,NA,NA,FALSE,FALSE,"Broadway and Valley Street, Providence, RI, USA",FALSE,-71.4361571,41.8275287,route,geometric_center,"valley st, providence, ri, usa","Broadway & Valley Street, Providence, RI, USA",Ei1Ccm9hZHdheSAmIFZhbGxleSBTdHJlZXQsIFByb3ZpZGVuY2UsIFJJLCBVU0EiZiJkChQKEglPQjeFmkXkiRFay9YdHmK0gBIUChIJT0I3hZpF5IkRWsvWHR5itIAaFAoSCaW15YZ1ReSJERrCM7HXpG-zGhQKEgn71PW-oUXkiRFACHbbKx7jfCIKDVm-7BgVgvdq1Q,41.8168409,-71.441011,41.8168409,-71.441011,Med,NA,FALSE,FALSE
4068,2008-10-14,9940,17:34:00,Bicycle,NA,1,1,Douglas Ave,Vandewater St,2008-10-14,"Two-Way , Not Divided",Dry,Dusk,Clear,Other,No,Stop Signs,2,1,Complains Of Pain,2,NA,NA,FALSE,FALSE,"Douglas Ave and Vandewater Street, Providence, RI, USA",FALSE,-71.4333766,41.8498395,intersection,geometric_center,"vandewater st & douglas ave, providence, ri 02908, usa",NA,NA,NA,NA,41.8498395,-71.4333766,Med High,NA,FALSE,FALSE
4069,2008-10-12,9891,00:36:00,Bicycle,NA,1,1,Benefit Street,Angell Street,2008-10-12,"Two-Way , Not Divided",Dry,Dark - Lighted,Clear,Not a Collision Between Two Motor Vehicles in Transport,"Yes, M/V and Driver Left Scene",No Controls,2,1,Complains Of Pain,2,NA,NA,FALSE,FALSE,"Benefit Street and Angell Street, Providence, RI, USA",FALSE,-71.40765809999999,41.827518,intersection,geometric_center,"benefit st & angell st, providence, ri 02903, usa",NA,NA,NA,NA,41.827518,-71.40765809999999,Med High,NA,FALSE,FALSE
4070,2008-10-12,9904,23:15:00,Pedestrian,1,NA,1,1117 ATWELLS AVE,UNIT ST,2008-10-13,"Two-Way , Not Divided",Dry,Dark - Lighted,Clear,Other,"Yes, M/V and Driver Left Scene",Stop Signs,6,1,Incapacitating,2,NA,NA,TRUE,FALSE,"1117 Atwells Ave, Providence, RI, USA",FALSE,-71.45440239999999,41.8255464,street_address,rooftop,"1117 atwells ave, providence, ri 02909, usa",NA,NA,NA,NA,41.8255464,-71.45440239999999,High,NA,FALSE,FALSE
4071,2008-10-11,9883,16:22:00,Bicycle,1,NA,1,21 Atwells Ave,NA,2008-10-11,"Two-Way, Divided, Unprotected (painted>4feet) Medium",Dry,Daylight,Clear,Other,No,Traffic Control Signal,1,1,Complains Of Pain,NA,NA,NA,TRUE,TRUE,"21 Atwells Ave, Providence, RI, USA",FALSE,-71.4185724,41.8230017,premise,rooftop,"21 atwells ave, providence, ri 02903, usa",NA,NA,NA,NA,41.8230017,-71.4185724,High,NA,FALSE,FALSE
4072,2008-10-08,9839,12:00:00,Pedestrian,1,NA,1,168 THAYER STREET,NA,2008-10-09,"Two-Way , Not Divided",Dry,Daylight,Clear,Other,"Yes, M/V and Driver Left Scene",Pavement Markings,4,0,No Injury,2,NA,NA,TRUE,TRUE,"168 Thayer Street, Providence, RI, USA",FALSE,-71.4006222,41.8261473,street_address,rooftop,"168 thayer st, providence, ri 02912, usa",NA,NA,NA,NA,41.8261473,-71.4006222,High,NA,FALSE,FALSE
4073,2008-10-08,9889,05:44:00,Bicycle,NA,1,1,ELMWOOD AVE,NA,2008-10-11,"Two-Way , Not Divided",Dry,Dawn,Clear,Other,No,No Controls,2,0,No Injury,NA,NA,NA,FALSE,TRUE,"Elmwood Ave, Providence, RI, USA",FALSE,-71.4229658,41.7920613,route,geometric_center,"elmwood ave, providence, ri, usa",NA,NA,NA,NA,41.7920613,-71.4229658,Inaccurate,NA,FALSE,FALSE
4074,2008-10-07,9789,08:53:00,Pedestrian,1,NA,1,Bucklin street,Mawney street,2008-10-07,"Two-Way , Not Divided",Dry,Daylight,Clear,Other,"Yes, M/V and Driver Left Scene",No Controls,1,0,Unknown,2,NA,NA,FALSE,FALSE,"Bucklin Street and Mawney Street, Providence, RI, USA",FALSE,-71.42770449999999,41.8035437,intersection,geometric_center,"bucklin st & mawney st, providence, ri 02907, usa",NA,NA,NA,NA,41.8035437,-71.42770449999999,Med High,NA,FALSE,FALSE
4075,2008-10-07,10079,08:42:00,Other,NA,NA,2,Allens Ave,NA,2008-10-14,"Two-Way , Not Divided",Dry,Daylight,Clear,Head-On (Front - to - Front),No,No Controls,3,0,No Injury,NA,NA,NA,FALSE,TRUE,"Allens Ave, Providence, RI, USA",FALSE,-71.4014192,41.8030664,route,geometric_center,"allens ave, providence, ri, usa",NA,NA,NA,NA,41.8030664,-71.4014192,Inaccurate,NA,TRUE,FALSE
4076,2008-10-06,9771,17:34:00,Bicycle,NA,1,1,Potters Ave,Hamilton St,2008-10-06,"Two-Way , Not Divided",Dry,Daylight,Clear,Other,No,Stop Signs,5,1,Complains Of Pain,2,NA,NA,FALSE,FALSE,"Potters Ave and Hamilton Street, Providence, RI, USA",FALSE,-71.4226249,41.8019071,intersection,geometric_center,"potters ave & hamilton st, providence, ri 02907, usa",NA,NA,NA,NA,41.8019071,-71.4226249,Med High,NA,FALSE,FALSE
4077,2008-10-04,9732,15:35:00,Pedestrian,1,NA,1,Chalkstone Ave.,Fern Street,2008-10-04,"Two-Way , Not Divided",Dry,Daylight,Clear,Other,No,No Controls,2,1,Complains Of Pain,2,NA,NA,FALSE,FALSE,"Chalkstone Ave. and Fern Street, Providence, RI, USA",FALSE,-71.4378466,41.8328452,intersection,geometric_center,"fern st & chalkstone ave, providence, ri 02908, usa",NA,NA,NA,NA,41.8328452,-71.4378466,Med High,NA,FALSE,FALSE