row_number,crash_date,crash_report_id,crash_time,collision_type,count_pedestrian,count_bicycle,number_of_vehicles,street_or_highway,nearest_intersection,report_date,type_of_roadway,road_surface_condition,light_condition,weather_condition,manner_of_impact,hit_and_run,traffic_control,person_count,injury_count,most_serious_injury,number_of_lanes,lat_raw,lon_raw,has_st_number,is_intersection_null,address_sent_to_geocoder,is_address_blank,lon_api_first_try,lat_api_first_try,type,loctype,address_returned_by_geocoder,address_returned_by_autocomplete,place_ids_autocompleted,lat_api_second_try,lon_api_second_try,lat_api_best,lon_api_best,api_coord_conf,distance_btwn_coords_meters,scooter,wheel_chair
4127,2008-08-12,8535,14:30:00,Bicycle,NA,1,1,Prairie,Colfax,2008-08-12,"Two-Way , Not Divided",Dry,Daylight,Clear,Angle - Direction Not Specified,No,No Controls,4,1,Incapacitating,1,NA,NA,FALSE,FALSE,"Prairie and Colfax, Providence, RI, USA",FALSE,-71.4113103,41.7997204,route,geometric_center,"colfax st, providence, ri 02905, usa","Prairie Avenue & Colfax Street, Providence, RI, USA",EjNQcmFpcmllIEF2ZW51ZSAmIENvbGZheCBTdHJlZXQsIFByb3ZpZGVuY2UsIFJJLCBVU0EiZiJkChQKEgmhfNj1iU_kiRHQFHThhuJeNxIUChIJoXzY9YlP5IkR0BR04YbiXjcaFAoSCU9p3-5jReSJERxJRMa12xo0GhQKEglZQ8Uaik_kiRGmtwdEefMQgCIKDUIa6hgVHFtv1Q,41.799533,-71.41224679999999,41.799533,-71.41224679999999,Med,NA,FALSE,FALSE
4128,2008-08-11,8519,03:45:00,Pedestrian,1,NA,1,Manton ave,Herschel st,2008-08-11,"Two-Way , Not Divided",Dry,Daylight,Clear,Other,No,No Controls,3,2,Incapacitating,2,NA,NA,FALSE,FALSE,"Manton Ave and Herschel Street, Providence, RI, USA",FALSE,-71.4693755,41.83344899999999,intersection,geometric_center,"herschel st & manton ave, providence, ri 02909, usa",NA,NA,NA,NA,41.83344899999999,-71.4693755,Med High,NA,FALSE,FALSE
4129,2008-08-09,8486,03:11:00,Pedestrian,1,NA,1,BROAD ST,MRYTLE ST,2008-08-09,"Two-Way , Not Divided",Dry,Daylight,Clear,Rear - to - Side,No,No Controls,2,1,Complains Of Pain,2,NA,NA,FALSE,FALSE,"Broad Street and Mrytle Street, Providence, RI, USA",FALSE,-71.4206545,41.8113688,route,geometric_center,"myrtle st, providence, ri 02907, usa","Broad Street & Myrtle Street, Providence, RI, USA",EjFCcm9hZCBTdHJlZXQgJiBNeXJ0bGUgU3RyZWV0LCBQcm92aWRlbmNlLCBSSSwgVVNBImYiZAoUChIJ_UK3g3BF5IkR29917hE1yzwSFAoSCf1Ct4NwReSJEdvfde4RNcs8GhQKEgmD3n3VjE_kiREsosqTmEsIoxoUChIJ6a6ZnHpF5IkRACbhVj4aBWUiCg2w-usYFfHvbdU,41.811832,-71.42154390000002,41.811832,-71.42154390000002,Med,NA,FALSE,FALSE
4130,2008-08-08,8464,01:01:00,Bicycle,NA,NA,2,PLEASANT VALLEY PARKWAY,ACADEMY AVENUE,2008-08-08,"Two-Way , Not Divided",Dry,Daylight,Clear,Head-On (Front - to - Front),No,No Controls,3,1,Complains Of Pain,2,NA,NA,FALSE,FALSE,"Pleasant Valley Parkway and Academy Avenue, Providence, RI, USA",FALSE,-71.444611,41.836514,intersection,geometric_center,"academy ave & pleasant valley pkwy, providence, ri 02908, usa",NA,NA,NA,NA,41.836514,-71.444611,Med High,NA,FALSE,FALSE
4131,2008-08-06,8423,11:32:00,Bicycle,NA,1,1,Steeple Street,Canal Street,2008-08-06,One-Way Trafficway,Dry,Dark - Lighted,Clear,Angle (Front - to - Side) Right Angle (Includes Broadside),No,Traffic Control Signal,3,1,Complains Of Pain,3,NA,NA,FALSE,FALSE,"Steeple Street and Canal Street, Providence, RI, USA",FALSE,-71.409902,41.8271852,intersection,geometric_center,"steeple st & canal st, providence, ri 02903, usa",NA,NA,NA,NA,41.8271852,-71.409902,Med High,NA,FALSE,FALSE
4132,2008-08-04,8395,20:18:00,Bicycle,NA,1,1,CHARLES ST,ORMS ST,2008-08-04,"Two-Way , Not Divided",Dry,Dark - Lighted,Clear,"Sideswipe, Same Direction",No,No Controls,7,1,Incapacitating,4,NA,NA,FALSE,FALSE,"Charles Street and Orms Street, Providence, RI, USA",FALSE,-71.41138579999999,41.8348611,intersection,geometric_center,"charles st & orms st, providence, ri 02904, usa",NA,NA,NA,NA,41.8348611,-71.41138579999999,Med High,NA,FALSE,FALSE
4133,2008-08-03,8371,09:06:00,Bicycle,NA,1,1,BROOK STREET,CHARLESFIELD STREET,2008-08-03,"Two-Way , Not Divided",Dry,Dark - Lighted,Clear,Other,No,Stop Signs,2,1,Complains Of Pain,2,NA,NA,FALSE,FALSE,"Brook Street and Charlesfield Street, Providence, RI, USA",FALSE,-71.4010018,41.8238139,route,geometric_center,"charlesfield st, providence, ri, usa","Brook Street & Charlesfield Street, Providence, RI, USA",EjdCcm9vayBTdHJlZXQgJiBDaGFybGVzZmllbGQgU3RyZWV0LCBQcm92aWRlbmNlLCBSSSwgVVNBImYiZAoUChIJf4z1lztF5IkRb-81pxJiO1QSFAoSCX-M9Zc7ReSJEW_vNacSYjtUGhQKEgmbZn1yO0XkiRF1hochEHgAaBoUChIJB6t_cjxF5IkRY6NwT-scYXciCg3_1u0YFepmcdU,41.8240255,-71.39883739999999,41.8240255,-71.39883739999999,Med,NA,FALSE,FALSE
4134,2008-07-31,8314,01:45:00,Other,NA,NA,2,RAYMOND ST,VALLEY ST,2008-07-31,"Two-Way, Divided, Unprotected (painted>4feet) Medium",Dry,Daylight,Clear,Angle (Front - to - Side) Right Angle (Includes Broadside),No,Traffic Control Signal,3,1,Non-Incapacitating,2,NA,NA,FALSE,FALSE,"Raymond Street and Valley Street, Providence, RI, USA",FALSE,-71.429475299999993,41.832779,route,geometric_center,"raymond st, providence, ri 02908, usa",NA,NA,NA,NA,41.832779,-71.429475299999993,Med,NA,TRUE,FALSE
4135,2008-07-31,8318,04:38:00,Pedestrian,1,NA,2,27 WARREN ST,ERLMWOOD AV,2008-07-31,"Two-Way , Not Divided",Dry,Daylight,Clear,Other,No,No Controls,3,1,Complains Of Pain,2,NA,NA,TRUE,FALSE,"27 Warren Street, Providence, RI, USA",FALSE,-71.4249446,41.8108718,premise,rooftop,"27 warren st, providence, ri 02907, usa",NA,NA,NA,NA,41.8108718,-71.4249446,High,NA,FALSE,FALSE
4136,2008-07-31,8319,07:37:00,Bicycle,NA,1,1,Elmwood Avenue,Bellevue Avenue,2008-07-31,"Two-Way , Not Divided",Dry,Dusk,Clear,Head-On (Front - to - Front),No,Traffic Control Signal,3,1,Complains Of Pain,4,NA,NA,FALSE,FALSE,"Elmwood Avenue and Bellevue Avenue, Providence, RI, USA",FALSE,-71.4248921,41.8071094,intersection,geometric_center,"bellevue ave & elmwood ave, providence, ri 02907, usa",NA,NA,NA,NA,41.8071094,-71.4248921,Med High,NA,FALSE,FALSE
4137,2008-07-31,8328,01:20:00,Pedestrian,1,NA,1,Elmwood Ave,Plenty Street,2008-08-01,"Two-Way , Not Divided",Dry,Daylight,Clear,Other,No,Traffic Control Signal,4,1,Complains Of Pain,NA,NA,NA,FALSE,FALSE,"Elmwood Ave and Plenty Street, Providence, RI, USA",FALSE,-71.4248794,41.8071885,intersection,geometric_center,"plenty st & elmwood ave, providence, ri 02907, usa",NA,NA,NA,NA,41.8071885,-71.4248794,Med High,NA,FALSE,FALSE
4138,2008-07-30,8298,12:26:00,Bicycle,NA,1,1,FULTON STREET,NA,2008-07-30,One-Way Trafficway,Dry,Dawn,Clear,"Sideswipe, Same Direction",No,No Controls,3,1,Complains Of Pain,1,NA,NA,FALSE,TRUE,"Fulton Street, Providence, RI, USA",FALSE,-71.4116574,41.8246057,route,geometric_center,"fulton st, providence, ri 02903, usa",NA,NA,NA,NA,41.8246057,-71.4116574,Inaccurate,NA,FALSE,FALSE
4139,2008-07-28,8266,03:18:00,Bicycle,1,NA,1,SAYLES ST,HARRIET ST,2008-07-28,"Two-Way , Not Divided",Dry,Daylight,Clear,Angle (Front - to - Side) Right Angle (Includes Broadside),No,Stop Signs,3,1,Complains Of Pain,1,NA,NA,FALSE,FALSE,"Sayles Street and Harriet Street, Providence, RI, USA",FALSE,-71.4128612,41.8028146,intersection,geometric_center,"sayles st & harriet st, providence, ri 02905, usa",NA,NA,NA,NA,41.8028146,-71.4128612,Med High,NA,FALSE,FALSE
4140,2008-07-26,8220,16:30:00,Bicycle,NA,1,1,Ellery st,Wendell St,2008-07-26,"Two-Way , Not Divided",Dry,Daylight,Clear,"Sideswipe, Same Direction","Yes, M/V and Driver Left Scene",No Controls,6,1,Complains Of Pain,2,NA,NA,FALSE,FALSE,"Ellery Street and Wendell Street, Providence, RI, USA",FALSE,-71.438225,41.8112069,intersection,geometric_center,"ellery st & wendell st, providence, ri 02909, usa",NA,NA,NA,NA,41.8112069,-71.438225,Med High,NA,FALSE,FALSE
4141,2008-07-25,8204,06:58:00,Pedestrian,1,NA,1,FRIENDSHIP STREET,LOCKWOOD STREET,2008-07-25,"Two-Way , Not Divided",Dry,Daylight,Clear,Not a Collision Between Two Motor Vehicles in Transport,No,Stop Signs,3,1,Complains Of Pain,2,NA,NA,FALSE,FALSE,"Friendship Street and Lockwood Street, Providence, RI, USA",FALSE,-71.4173723,41.8137076,intersection,geometric_center,"lockwood st & friendship st, providence, ri 02903, usa",NA,NA,NA,NA,41.8137076,-71.4173723,Med High,NA,FALSE,FALSE
4142,2008-07-24,8196,10:59:00,Bicycle,NA,1,1,Olive st,NA,2008-07-25,"Two-Way , Not Divided",Wet,Daylight,Cloudy,Unknown,No,No Controls,3,0,No Injury,NA,NA,NA,FALSE,TRUE,"Olive Street, Providence, RI, USA",FALSE,-71.4032483,41.8283103,route,geometric_center,"olive st, providence, ri 02906, usa",NA,NA,NA,NA,41.8283103,-71.4032483,Inaccurate,NA,FALSE,FALSE
4143,2008-07-23,8165,20:48:00,Pedestrian,1,NA,1,Douglas Avenue,Crimea Street,2008-07-23,"Two-Way , Not Divided",Wet,Dark - Not Lighted,Rain,Other,"Yes, M/V and Driver Left Scene",No Controls,4,1,Complains Of Pain,2,NA,NA,FALSE,FALSE,"Douglas Avenue and Crimea Street, Providence, RI, USA",FALSE,-71.4218578,41.8370051,intersection,geometric_center,"crimea st & douglas ave, providence, ri 02908, usa",NA,NA,NA,NA,41.8370051,-71.4218578,Med High,NA,FALSE,FALSE
4144,2008-07-22,8135,06:13:00,Bicycle,NA,1,1,GALLATIN STREET,ELMWOOD AVE,2008-07-22,"Two-Way , Not Divided",Dry,Dawn,Clear,Other,No,Stop Signs,3,1,Complains Of Pain,2,NA,NA,FALSE,FALSE,"Gallatin Street and Elmwood Ave, Providence, RI, USA",FALSE,-71.4240246,41.7939515,intersection,geometric_center,"gallatin st & elmwood ave, providence, ri 02907, usa",NA,NA,NA,NA,41.7939515,-71.4240246,Med High,NA,FALSE,FALSE
4145,2008-07-19,8082,11:17:00,Bicycle,NA,1,1,Cranston st,Parade,2008-07-19,"Two-Way , Not Divided",Dry,Daylight,Clear,Head-On (Front - to - Front),No,Stop Signs,3,1,Complains Of Pain,NA,NA,NA,FALSE,FALSE,"Cranston Street and Parade, Providence, RI, USA",FALSE,-71.4522563,41.7909323,route,geometric_center,"cranston st, rhode island, usa","Cranston Street & Parade Street, Providence, RI, USA",EjRDcmFuc3RvbiBTdHJlZXQgJiBQYXJhZGUgU3RyZWV0LCBQcm92aWRlbmNlLCBSSSwgVVNBImYiZAoUChIJ24t0loJF5IkRIEs6Fjmc-ekSFAoSCduLdJaCReSJESBLOhY5nPnpGhQKEgkLNYbwFE_kiRFCuq_w8bpoyxoUChIJBedZMp1F5IkRc6TNFIMSu1UiCg0z--sYFaV7bNU,41.8118451,-71.4310747,41.8118451,-71.4310747,Med,NA,FALSE,FALSE
4146,2008-07-15,8020,16:06:00,Bicycle,NA,1,1,Congress Avenue,Elmwood Avenue,2008-07-15,"Two-Way , Not Divided",Dry,Daylight,Clear,Not a Collision Between Two Motor Vehicles in Transport,No,Stop Signs,3,0,No Injury,2,NA,NA,FALSE,FALSE,"Congress Avenue and Elmwood Avenue, Providence, RI, USA",FALSE,-71.4263157,41.7984872,intersection,geometric_center,"congress ave & elmwood ave, providence, ri 02907, usa",NA,NA,NA,NA,41.7984872,-71.4263157,Med High,NA,FALSE,FALSE
4147,2008-07-15,8113,07:25:00,Pedestrian,1,NA,1,HAROLD ST,VALLEY ST,2008-07-21,"Two-Way , Not Divided",Dry,Daylight,Clear,Angle (Front - to - Side) Right Angle (Includes Broadside),No,Traffic Control Signal,3,1,Incapacitating,2,NA,NA,FALSE,FALSE,"Harold Street and Valley Street, Providence, RI, USA",FALSE,-71.4375676,41.826923,intersection,geometric_center,"valley st & harold st, providence, ri 02908, usa",NA,NA,NA,NA,41.826923,-71.4375676,Med High,NA,FALSE,FALSE
4148,2008-07-15,8551,04:13:00,Bicycle,NA,1,1,Memorial Blvd.,Washngton St,2008-08-13,One-Way Trafficway,Dry,Daylight,Clear,"Sideswipe, Same Direction",No,Traffic Control Signal,3,0,No Injury,2,NA,NA,FALSE,FALSE,"Memorial Blvd. and Washngton Street, Providence, RI, USA",FALSE,-71.41016259999999,41.8263513,intersection,geometric_center,"memorial blvd & washington st, providence, ri 02903, usa",NA,NA,NA,NA,41.8263513,-71.41016259999999,Med High,NA,FALSE,FALSE
4149,2008-07-13,7987,19:28:00,Bicycle,NA,1,1,171 WICKENDEN ST.,BENEFIT ST.,2008-07-13,"Two-Way , Not Divided",Dry,Daylight,Clear,Angle (Front - to - Side) Right Angle (Includes Broadside),No,No Controls,3,1,Complains Of Pain,2,NA,NA,TRUE,FALSE,"171 Wickenden St., Providence, RI, USA",FALSE,-71.3997168,41.8190055,premise,rooftop,"171 wickenden st, providence, ri 02903, usa",NA,NA,NA,NA,41.8190055,-71.3997168,High,NA,FALSE,FALSE
4150,2008-07-13,8004,08:58:00,Pedestrian,1,NA,1,Blackstone Blvd,Mount Ave.,2008-07-14,One-Way Trafficway,Dry,Daylight,Clear,Other,No,Stop Signs,4,1,Non-Incapacitating,2,NA,NA,FALSE,FALSE,"Blackstone Blvd and Mount Ave., Providence, RI, USA",FALSE,-71.3862817,41.8415993,intersection,geometric_center,"blackstone blvd & mt ave, providence, ri 02906, usa",NA,NA,NA,NA,41.8415993,-71.3862817,Med High,NA,FALSE,FALSE
4151,2008-07-11,7943,09:47:00,Pedestrian,1,NA,1,Atwells Ave,Putnam St,2008-07-11,"Two-Way , Not Divided",Dry,Daylight,Clear,Rear End(Front-to-Rear),"Yes, M/V and Driver Left Scene",Traffic Control Signal,1,1,Non-Incapacitating,2,NA,NA,FALSE,FALSE,"Atwells Ave and Putnam Street, Providence, RI, USA",FALSE,-71.4435191,41.8247997,intersection,geometric_center,"atwells ave & putnam st, providence, ri 02909, usa",NA,NA,NA,NA,41.8247997,-71.4435191,Med High,NA,FALSE,FALSE
4152,2008-07-08,7902,18:40:00,Pedestrian,1,NA,1,Harrison Street,Cranston Street,2008-07-08,"Two-Way , Not Divided",Dry,Daylight,Clear,Other,"Yes, M/V and Driver Left Scene",No Controls,1,1,Complains Of Pain,2,NA,NA,FALSE,FALSE,"Harrison Street and Cranston Street, Providence, RI, USA",FALSE,-71.4286583,41.8130997,intersection,geometric_center,"cranston st & harrison st, providence, ri 02907, usa",NA,NA,NA,NA,41.8130997,-71.4286583,Med High,NA,FALSE,FALSE
4153,2008-07-07,7870,13:00:00,Bicycle,NA,1,1,NORTH MAIN STREET,CHARLES STREET,2008-07-07,Unknown,Dry,Daylight,Clear,Unknown,No,Unknown,3,0,No Injury,NA,NA,NA,FALSE,FALSE,"North Main Street and Charles Street, Providence, RI, USA",FALSE,-71.419539,41.8474982,route,geometric_center,"charles st, providence, ri, usa",NA,NA,NA,NA,41.8474982,-71.419539,Med,NA,FALSE,FALSE
4154,2008-07-05,7817,12:32:00,Pedestrian,1,NA,1,Broad St.,Harvard Ave.,2008-07-05,"Two-Way , Not Divided",Dry,Dark - Lighted,Clear,Head-On (Front - to - Front),"Yes, M/V and Driver Left Scene",No Controls,2,1,Complains Of Pain,2,NA,NA,FALSE,FALSE,"Broad St. and Harvard Ave., Providence, RI, USA",FALSE,-71.4195976,41.8086139,route,geometric_center,"harvard ave, providence, ri 02907, usa","Broad St & Harvard Ave, Providence, RI, USA",EitCcm9hZCBTdCAmIEhhcnZhcmQgQXZlLCBQcm92aWRlbmNlLCBSSSwgVVNBImYiZAoUChIJfXuABntF5IkR8B3spXqViSESFAoSCX17gAZ7ReSJEfAd7KV6lYkhGhQKEgmD3n3VjE_kiREsosqTmEsIoxoUChIJFz8RIXtF5IkRlgFrKNi7gR4iCg1wfOsYFRYSbtU,41.8086,-71.4206698,41.8086,-71.4206698,Med,NA,FALSE,FALSE
4155,2008-07-05,7838,02:58:00,Bicycle,NA,1,1,209 Elmwood Ave.,NA,2008-07-05,"Two-Way , Not Divided",Wet,Dark - Lighted,Rain,Other,"Yes, M/V and Driver Left Scene",No Controls,1,1,Complains Of Pain,4,NA,NA,TRUE,TRUE,"209 Elmwood Ave., Providence, RI, USA",FALSE,-71.4251629,41.8072918,premise,rooftop,"209 elmwood ave, providence, ri 02907, usa",NA,NA,NA,NA,41.8072918,-71.4251629,High,NA,FALSE,FALSE
4156,2008-07-03,7793,17:23:00,Pedestrian,1,NA,1,Putnam Street,Atwells Avenue,2008-07-03,"Two-Way , Not Divided",Dry,Daylight,Clear,Not a Collision Between Two Motor Vehicles in Transport,No,No Controls,3,1,Non-Incapacitating,2,NA,NA,FALSE,FALSE,"Putnam Street and Atwells Avenue, Providence, RI, USA",FALSE,-71.4435191,41.8247997,intersection,geometric_center,"atwells ave & putnam st, providence, ri 02909, usa",NA,NA,NA,NA,41.8247997,-71.4435191,Med High,NA,FALSE,FALSE
4157,2008-07-02,7761,01:45:00,Pedestrian,1,NA,1,Dorrance Street,Fulton Street,2008-07-02,"Two-Way , Not Divided",Dry,Dark - Lighted,Clear,Other,No,No Controls,8,1,Complains Of Pain,2,NA,NA,FALSE,FALSE,"Dorrance Street and Fulton Street, Providence, RI, USA",FALSE,-71.4123699,41.8241644,intersection,geometric_center,"fulton st & dorrance st, providence, ri 02903, usa",NA,NA,NA,NA,41.8241644,-71.4123699,Med High,NA,FALSE,FALSE
4158,2008-07-02,7770,07:30:00,Bicycle,NA,1,1,HOPE STREET,FIFTH STREET,2008-07-02,"Two-Way , Not Divided",Dry,Daylight,Clear,Other,No,No Controls,6,1,Non-Incapacitating,NA,NA,NA,FALSE,FALSE,"Hope Street and Fifth Street, Providence, RI, USA",FALSE,-71.39456849999999,41.8499382,intersection,geometric_center,"hope st & 5th st, providence, ri 02906, usa",NA,NA,NA,NA,41.8499382,-71.39456849999999,Med High,NA,FALSE,FALSE
4159,2008-07-01,7748,05:49:00,Pedestrian,1,NA,1,Westminster Street,Dean Street,2008-07-01,"Two-Way , Not Divided",Dry,Daylight,Clear,Other,No,No Controls,2,0,No Injury,NA,NA,NA,FALSE,FALSE,"Westminster Street and Dean Street, Providence, RI, USA",FALSE,-71.4201851,41.8182066,intersection,geometric_center,"dean st & westminster st, providence, ri 02903, usa",NA,NA,NA,NA,41.8182066,-71.4201851,Med High,NA,FALSE,FALSE
4160,2008-07-01,7760,22:19:00,Pedestrian,1,NA,1,Westminster Street,Messer Street,2008-07-01,"Two-Way , Not Divided",Dry,Dark - Lighted,Clear,Head-On (Front - to - Front),"Yes, M/V and Driver Left Scene",No Controls,2,1,Non-Incapacitating,2,NA,NA,FALSE,FALSE,"Westminster Street and Messer Street, Providence, RI, USA",FALSE,-71.437044,41.8158698,intersection,geometric_center,"messer st & westminster st, providence, ri 02909, usa",NA,NA,NA,NA,41.8158698,-71.437044,Med High,NA,FALSE,FALSE
4161,2008-06-30,7734,22:17:00,Pedestrian,1,NA,1,Potters Ave,Burnside St.,2008-06-30,"Two-Way , Not Divided",Dry,Dark - Lighted,Clear,Head-On (Front - to - Front),No,No Controls,2,1,Incapacitating,NA,NA,NA,FALSE,FALSE,"Potters Ave and Burnside St., Providence, RI, USA",FALSE,-71.4121181,41.8046044,intersection,geometric_center,"potters ave & burnside st, providence, ri 02905, usa",NA,NA,NA,NA,41.8046044,-71.4121181,Med High,NA,FALSE,FALSE
4162,2008-06-29,7707,07:09:00,Pedestrian,1,NA,1,BLACKSTONE ST,PRAIRIE AVE,2008-06-29,"Two-Way , Not Divided",Dry,Daylight,Clear,Other,No,No Controls,2,0,No Injury,2,NA,NA,FALSE,FALSE,"Blackstone Street and Prairie Ave, Providence, RI, USA",FALSE,-71.4158072,41.8093093,intersection,geometric_center,"blackstone st & prairie ave, providence, ri 02907, usa",NA,NA,NA,NA,41.8093093,-71.4158072,Med High,NA,FALSE,FALSE
4163,2008-06-28,7689,08:44:00,Pedestrian,1,NA,1,San Souci St.,NA,2008-06-28,"Two-Way , Not Divided",Dry,Dark - Lighted,Clear,Angle (Front - to - Side) Same Direction,"Yes, M/V and Driver Left Scene",No Controls,1,1,Non-Incapacitating,NA,NA,NA,FALSE,TRUE,"San Souci St., Providence, RI, USA",FALSE,-71.4421321,41.817393,route,geometric_center,"san souci dr, providence, ri 02909, usa",NA,NA,NA,NA,41.817393,-71.4421321,Inaccurate,NA,FALSE,FALSE
4164,2008-06-28,7695,10:34:00,Pedestrian,1,NA,1,49 Raymond St,NA,2008-06-29,"Two-Way , Not Divided",Dry,Dark - Lighted,Clear,Other,No,No Controls,3,1,Incapacitating,NA,NA,NA,TRUE,TRUE,"49 Raymond Street, Providence, RI, USA",FALSE,-71.4291282,41.8327745,premise,rooftop,"49 raymond st, providence, ri 02908, usa",NA,NA,NA,NA,41.8327745,-71.4291282,High,NA,FALSE,FALSE
4165,2008-06-28,7712,11:22:00,Bicycle,1,NA,1,PRARIE,EARLY,2008-06-29,"Two-Way , Not Divided",Dry,Daylight,Clear,Head-On (Front - to - Front),No,No Controls,1,1,Complains Of Pain,NA,NA,NA,FALSE,FALSE,"Prarie and Early, Providence, RI, USA",FALSE,-71.41060999999999,41.7957246,intersection,geometric_center,"early st & prairie ave, providence, ri 02905, usa",NA,NA,NA,NA,41.7957246,-71.41060999999999,Med High,NA,FALSE,FALSE
4166,2008-06-25,7616,03:42:00,Pedestrian,1,NA,1,396 MANTON AVENUE,NA,2008-06-25,"Two-Way , Not Divided",Dry,Daylight,Clear,Other,No,No Controls,2,1,Complains Of Pain,NA,NA,NA,TRUE,TRUE,"396 Manton Avenue, Providence, RI, USA",FALSE,-71.45318979999999,41.8244394,premise,rooftop,"396 manton ave, providence, ri 02909, usa",NA,NA,NA,NA,41.8244394,-71.45318979999999,High,NA,FALSE,FALSE
4167,2008-06-25,7624,19:20:00,Bicycle,NA,1,1,PEKIN STREET,NA,2008-06-25,One-Way Trafficway,Dry,Daylight,Clear,Unknown,"Yes, M/V and Driver Left Scene",No Controls,1,1,Complains Of Pain,1,NA,NA,FALSE,TRUE,"Pekin Street, Providence, RI, USA",FALSE,-71.4245921,41.8368179,route,geometric_center,"pekin st, providence, ri 02908, usa",NA,NA,NA,NA,41.8368179,-71.4245921,Inaccurate,NA,FALSE,FALSE
4168,2008-06-24,7589,02:13:00,Bicycle,NA,1,1,Somerset St,Westclifford,2008-06-24,"Two-Way , Not Divided",Dry,Daylight,Clear,Angle (Front - to - Side) Right Angle (Includes Broadside),No,No Controls,3,1,Complains Of Pain,NA,NA,NA,FALSE,FALSE,"Somerset Street and Westclifford, Providence, RI, USA",FALSE,-71.4182467,41.8117127,intersection,geometric_center,"somerset st & w clifford st, providence, ri 02907, usa",NA,NA,NA,NA,41.8117127,-71.4182467,Med High,NA,FALSE,FALSE
4169,2008-06-24,7593,10:06:00,Pedestrian,1,NA,1,Waterman Street,Brook Street,2008-06-24,Unknown,Dry,Daylight,Cloudy,Other,No,No Controls,3,1,Complains Of Pain,NA,NA,NA,FALSE,FALSE,"Waterman Street and Brook Street, Providence, RI, USA",FALSE,-71.3993204,41.8274038,intersection,geometric_center,"brook st & waterman st, providence, ri 02906, usa",NA,NA,NA,NA,41.8274038,-71.3993204,Med High,NA,FALSE,FALSE
4170,2008-06-24,7597,03:43:00,Bicycle,NA,1,1,LOCKWOOD ST,PROVIDENCE ST,2008-06-24,"Two-Way , Not Divided",Wet,Daylight,Cloudy,Angle (Front - to - Side) Right Angle (Includes Broadside),No,Stop Signs,3,1,Complains Of Pain,2,NA,NA,FALSE,FALSE,"Lockwood Street and Providence Street, Providence, RI, USA",FALSE,-71.4159924,41.8129685,intersection,geometric_center,"lockwood st & providence st, providence, ri 02903, usa",NA,NA,NA,NA,41.8129685,-71.4159924,Med High,NA,FALSE,FALSE
4171,2008-06-23,7582,23:30:00,Pedestrian,1,NA,1,Thayer Street,Cushing Street,2008-06-24,One-Way Trafficway,Dry,Dark - Lighted,Clear,Head-On (Front - to - Front),No,No Controls,3,1,Non-Incapacitating,1,NA,NA,FALSE,FALSE,"Thayer Street and Cushing Street, Providence, RI, USA",FALSE,-71.4008874,41.8300326,intersection,geometric_center,"thayer st & cushing st, providence, ri 02906, usa",NA,NA,NA,NA,41.8300326,-71.4008874,Med High,NA,FALSE,FALSE
4172,2008-06-21,7531,09:49:00,Pedestrian,1,NA,1,190 CAMP ST,NA,2008-06-21,"Two-Way , Not Divided",Dry,Daylight,Clear,Head-On (Front - to - Front),No,No Controls,3,0,No Injury,2,NA,NA,TRUE,TRUE,"190 Camp Street, Providence, RI, USA",FALSE,-71.40242529999999,41.8437968,premise,rooftop,"190 camp st, providence, ri 02906, usa",NA,NA,NA,NA,41.8437968,-71.40242529999999,High,NA,FALSE,FALSE
4173,2008-06-21,7542,20:03:00,Pedestrian,1,NA,1,539 Dexter Street,NA,2008-06-21,"Two-Way , Not Divided",Dry,Daylight,Clear,Not a Collision Between Two Motor Vehicles in Transport,No,No Controls,2,1,Complains Of Pain,2,NA,NA,TRUE,TRUE,"539 Dexter Street, Providence, RI, USA",FALSE,-71.43134359999999,41.8016848,premise,rooftop,"539 dexter st, providence, ri 02907, usa",NA,NA,NA,NA,41.8016848,-71.43134359999999,High,NA,FALSE,FALSE
4174,2008-06-12,7392,06:44:00,Bicycle,NA,1,1,MANTON AVENUE,GLENBRIDGE AVENUE,2008-06-12,"Two-Way , Not Divided",Dry,Daylight,Clear,Angle - Direction Not Specified,No,Traffic Control Signal,3,1,Complains Of Pain,2,NA,NA,FALSE,FALSE,"Manton Avenue and Glenbridge Avenue, Providence, RI, USA",FALSE,-71.4582318,41.8259774,intersection,geometric_center,"glenbridge ave & manton ave, providence, ri 02909, usa",NA,NA,NA,NA,41.8259774,-71.4582318,Med High,NA,FALSE,FALSE
4175,2008-06-10,7351,16:45:00,Pedestrian,1,NA,1,Smith Street,NA,2008-06-10,"Two-Way , Not Divided",Dry,Daylight,Clear,Other,No,No Controls,3,1,Complains Of Pain,NA,NA,NA,FALSE,TRUE,"Smith Street, Providence, RI, USA",FALSE,-71.4433053,41.8418141,route,geometric_center,"smith st, providence, ri, usa",NA,NA,NA,NA,41.8418141,-71.4433053,Inaccurate,NA,FALSE,FALSE
4176,2008-06-08,7291,02:05:00,Pedestrian,1,NA,1,650 Potters Ave,Plymouth,2008-06-08,"Two-Way , Not Divided",Dry,Dark - Lighted,Clear,Other,"Yes, M/V and Driver Left Scene",No Controls,1,1,Complains Of Pain,2,NA,NA,TRUE,FALSE,"650 Potters Ave, Providence, RI, USA",FALSE,-71.4311989,41.8026287,street_address,rooftop,"650 potters ave, providence, ri 02907, usa",NA,NA,NA,NA,41.8026287,-71.4311989,High,NA,FALSE,FALSE
4177,2008-06-08,7300,11:48:00,Pedestrian,1,NA,1,Francis Street,Gaspee Street.,2008-06-08,"Two-Way , Not Divided",Dry,Daylight,Clear,Other,No,No Controls,3,1,Incapacitating,2,NA,NA,FALSE,FALSE,"Francis Street and Gaspee Street., Providence, RI, USA",FALSE,-71.413218,41.8298918,route,geometric_center,"gaspee st, providence, ri 02903, usa",NA,NA,NA,NA,41.8298918,-71.413218,Med,NA,FALSE,FALSE