row_number,crash_date,crash_report_id,crash_time,collision_type,count_pedestrian,count_bicycle,number_of_vehicles,street_or_highway,nearest_intersection,report_date,type_of_roadway,road_surface_condition,light_condition,weather_condition,manner_of_impact,hit_and_run,traffic_control,person_count,injury_count,most_serious_injury,number_of_lanes,lat_raw,lon_raw,has_st_number,is_intersection_null,address_sent_to_geocoder,is_address_blank,lon_api_first_try,lat_api_first_try,type,loctype,address_returned_by_geocoder,address_returned_by_autocomplete,place_ids_autocompleted,lat_api_second_try,lon_api_second_try,lat_api_best,lon_api_best,api_coord_conf,distance_btwn_coords_meters,scooter,wheel_chair
4228,2008-02-01,4436,10:22:00,Pedestrian,1,NA,1,RIVER AV,CHALKSTONE AV,2008-02-01,"Two-Way , Not Divided",Dry,Daylight,Cloudy,"Sideswipe, Same Direction",No,No Controls,3,1,Complains Of Pain,2,NA,NA,FALSE,FALSE,"River Av and Chalkstone Av, Providence, RI, USA",FALSE,-71.4385411,41.8325962,intersection,geometric_center,"river ave & chalkstone ave, providence, ri 02908, usa",NA,NA,NA,NA,41.8325962,-71.4385411,Med High,NA,FALSE,FALSE
4229,2008-02-01,4450,15:23:00,Pedestrian,1,NA,1,Atwells ave,Sears ave,2008-02-01,"Two-Way , Not Divided",Wet,Daylight,Rain,"Sideswipe, Same Direction",No,No Controls,7,1,Complains Of Pain,2,NA,NA,FALSE,FALSE,"Atwells Ave and Sears Ave, Providence, RI, USA",FALSE,-71.445763,41.82492329999999,intersection,geometric_center,"sears ave & atwells ave, providence, ri 02909, usa",NA,NA,NA,NA,41.82492329999999,-71.445763,Med High,NA,FALSE,FALSE
4230,2008-01-28,4366,06:26:00,Pedestrian,1,NA,1,Eddy Street,Blackstone Street,2008-01-28,"Two-Way , Not Divided",Ice/Frost,Dawn,Cloudy,Head-On (Front - to - Front),No,No Controls,3,1,Complains Of Pain,2,NA,NA,FALSE,FALSE,"Eddy Street and Blackstone Street, Providence, RI, USA",FALSE,-71.4072137,41.8101324,intersection,geometric_center,"eddy st & blackstone st, providence, ri 02905, usa",NA,NA,NA,NA,41.8101324,-71.4072137,Med High,NA,FALSE,FALSE
4231,2008-01-25,4297,17:59:00,Pedestrian,2,NA,1,CANAL ST,SMITH ST,2008-01-25,"Two-Way , Not Divided",Dry,Dark - Unknown Lighting,Clear,Other,No,Traffic Control Signal,3,0,No Injury,NA,NA,NA,FALSE,FALSE,"Canal Street and Smith Street, Providence, RI, USA",FALSE,-71.41132979999999,41.8314185,intersection,geometric_center,"canal st & smith st, providence, ri 02903, usa",NA,NA,NA,NA,41.8314185,-71.41132979999999,Med High,NA,FALSE,FALSE
4232,2008-01-24,4258,08:13:00,Pedestrian,1,NA,1,Hartford Ave,Laurel Hill Ave,2008-01-24,"Two-Way, Divided, Unprotected (painted>4feet) Medium",Dry,Daylight,Clear,Other,No,Stop Signs,3,1,Complains Of Pain,NA,NA,NA,FALSE,FALSE,"Hartford Ave and Laurel Hill Ave, Providence, RI, USA",FALSE,-71.4553076,41.8179635,intersection,geometric_center,"laurel hill ave & hartford ave, providence, ri 02909, usa",NA,NA,NA,NA,41.8179635,-71.4553076,Med High,NA,FALSE,FALSE
4233,2008-01-24,4267,07:38:00,Pedestrian,1,NA,1,MOUNT PLEASANT AVE,ACADEMY AVE,2008-01-24,"Two-Way , Not Divided",Dry,Daylight,Clear,Other,"Yes, M/V and Driver Left Scene",Traffic Control Signal,1,1,Non-Incapacitating,2,NA,NA,FALSE,FALSE,"Mount Pleasant Ave and Academy Ave, Providence, RI, USA",FALSE,-71.444611,41.836514,route,geometric_center,"academy ave, providence, ri, usa",NA,NA,NA,NA,41.836514,-71.444611,Med,NA,FALSE,FALSE
4234,2008-01-24,4305,12:01:00,Other,NA,1,1,Eddy St.,Briggs St.,2008-01-26,"Two-Way , Not Divided",Dry,Daylight,Clear,Unknown,"Yes, M/V and Driver Left Scene",No Controls,2,1,Incapacitating,2,NA,NA,FALSE,FALSE,"Eddy St. and Briggs St., Providence, RI, USA",FALSE,-71.4063603,41.8019726,intersection,geometric_center,"eddy st & briggs st, providence, ri 02905, usa",NA,NA,NA,NA,41.8019726,-71.4063603,Med High,NA,FALSE,FALSE
4235,2008-01-22,4232,13:49:00,Pedestrian,1,NA,1,1 Thomas Onley Common,NA,2008-01-23,"Two-Way , Not Divided",Dry,Daylight,Cloudy,Other,No,No Controls,2,1,Complains Of Pain,NA,NA,NA,TRUE,TRUE,"1 Thomas Onley Common, Providence, RI, USA",FALSE,-71.407555,41.8375524,street_address,rooftop,"1 thomas olney common, providence, ri 02904, usa",NA,NA,NA,NA,41.8375524,-71.407555,High,NA,FALSE,FALSE
4236,2008-01-21,4207,06:46:00,Pedestrian,1,NA,1,242 AMHERST STREET,HYAT STREET,2008-01-21,"Two-Way , Not Divided",Dry,Dark - Lighted,Clear,Angle (Front - to - Side) Right Angle (Includes Broadside),No,No Controls,2,1,Complains Of Pain,2,NA,NA,TRUE,FALSE,"242 Amherst Street, Providence, RI, USA",FALSE,-71.4478238,41.8230364,premise,rooftop,"242 amherst st, providence, ri 02909, usa",NA,NA,NA,NA,41.8230364,-71.4478238,High,NA,FALSE,FALSE
4237,2008-01-18,4158,14:15:00,Pedestrian,1,NA,1,Whitehall Street,Union Ave,2008-01-18,"Two-Way , Not Divided",Wet,Daylight,Clear,Other,No,No Controls,4,1,Complains Of Pain,NA,NA,NA,FALSE,FALSE,"Whitehall Street and Union Ave, Providence, RI, USA",FALSE,-71.4439058,41.8078048,intersection,geometric_center,"union ave & whitehall st, providence, ri 02909, usa",NA,NA,NA,NA,41.8078048,-71.4439058,Med High,NA,FALSE,FALSE
4238,2008-01-18,4161,17:23:00,Pedestrian,1,NA,1,1 WEST EXCHANGE,SABIN ST,2008-01-18,"Two-Way , Not Divided",Dry,Dark - Lighted,Clear,Other,No,No Controls,3,1,Complains Of Pain,2,NA,NA,TRUE,FALSE,"1 West Exchange, Providence, RI, USA",FALSE,-71.4171345,41.8251262,premise,rooftop,"the residences providence, 1 w exchange st, providence, ri 02903, usa",NA,NA,NA,NA,41.8251262,-71.4171345,High,NA,FALSE,FALSE
4239,2008-01-17,4126,07:04:00,Pedestrian,1,NA,1,River Ave,Admiral Street,2008-01-17,"Two-Way , Not Divided",Dry,Daylight,Clear,Head-On (Front - to - Front),No,Traffic Control Signal,2,1,Complains Of Pain,2,NA,NA,FALSE,FALSE,"River Ave and Admiral Street, Providence, RI, USA",FALSE,-71.4460552,41.853176,intersection,geometric_center,"admiral st & river ave, providence, ri 02904, usa",NA,NA,NA,NA,41.853176,-71.4460552,Med High,NA,FALSE,FALSE
4240,2008-01-16,4109,01:01:00,Pedestrian,1,NA,1,WASHINGTON ST,EMPIRE ST,2008-01-16,"Two-Way, Divided, Unprotected (painted>4feet) Medium",Dry,Dark - Lighted,Clear,Other,"Yes, M/V and Driver Left Scene",Traffic Control Signal,1,1,Complains Of Pain,2,NA,NA,FALSE,FALSE,"Washington Street and Empire Street, Providence, RI, USA",FALSE,-71.4157797,41.821349,route,geometric_center,"empire st, providence, ri 02903, usa","Washington Street & Empire Street, Providence, RI, USA",EjZXYXNoaW5ndG9uIFN0cmVldCAmIEVtcGlyZSBTdHJlZXQsIFByb3ZpZGVuY2UsIFJJLCBVU0EiZiJkChQKEgmNpp3sEkXkiRHnvAEsqcaDvRIUChIJjaad7BJF5IkR57wBLKnGg70aFAoSCanazZwSReSJERoH0JajEjT2GhQKEgnHPO_pEkXkiRGhxI4iuiomFSIKDWmC7RgVI7hu1Q,41.82186009999999,-71.4164189,41.82186009999999,-71.4164189,Med,NA,FALSE,FALSE
4241,2008-01-15,4099,19:00:00,Bicycle,NA,1,1,CANDACE,DOUGLAS AVE,2008-01-15,"Two-Way , Not Divided",Wet,Dark - Lighted,Snow,Angle - Direction Not Specified,No,Stop Signs,4,0,No Injury,2,NA,NA,FALSE,FALSE,"Candace and Douglas Ave, Providence, RI, USA",FALSE,-71.4323426,41.84894,route,geometric_center,"douglas ave, providence, ri, usa","Candace Street & Douglas Ave, Providence, RI, USA",EjFDYW5kYWNlIFN0cmVldCAmIERvdWdsYXMgQXZlLCBQcm92aWRlbmNlLCBSSSwgVVNBImYiZAoUChIJqdDhxANF5IkR5-FnJEkLXysSFAoSCanQ4cQDReSJEefhZyRJC18rGhQKEgmV4y11BEXkiRGgli6i2uvy3xoUChIJB_RoCVBE5IkRLtOawYzZ260iCg3h5u8YFTSxbdU,41.8375393,-71.42314999999999,41.8375393,-71.42314999999999,Med,NA,FALSE,FALSE
4242,2008-01-11,4041,17:11:00,Pedestrian,1,NA,1,MEMORIAL BLVD.,FRANCIS ST,2008-01-11,"Two-Way, Divided, Positive Median Barrier",Wet,Dark - Lighted,Cloudy,Other,No,Traffic Control Signal,4,1,Incapacitating,6,NA,NA,FALSE,FALSE,"Memorial Blvd. and Francis Street, Providence, RI, USA",FALSE,-71.4153098,41.8257791,intersection,geometric_center,"memorial blvd & francis st, providence, ri 02903, usa",NA,NA,NA,NA,41.8257791,-71.4153098,Med High,NA,FALSE,FALSE
4243,2008-01-08,3984,05:09:00,Bicycle,NA,1,1,130 Broadway,Bradford Street,2008-01-08,"Two-Way , Not Divided",Wet,Dark - Lighted,Clear,Angle (Front - to - Side) Same Direction,No,No Controls,2,0,No Injury,2,NA,NA,TRUE,FALSE,"130 Broadway, Providence, RI, USA",FALSE,-71.42148499999999,41.8212673,premise,rooftop,"130 broadway, providence, ri 02903, usa",NA,NA,NA,NA,41.8212673,-71.42148499999999,High,NA,FALSE,FALSE
4244,2008-01-07,3967,17:37:00,Pedestrian,1,NA,1,745 Branch Ave,Vandewater St,2008-01-07,"Two-Way , Not Divided",Wet,Dark - Lighted,Clear,Other,No,No Controls,3,1,Complains Of Pain,2,NA,NA,TRUE,FALSE,"745 Branch Ave, Providence, RI, USA",FALSE,-71.4288928,41.8538274,premise,rooftop,"745 branch ave, providence, ri 02904, usa",NA,NA,NA,NA,41.8538274,-71.4288928,High,NA,FALSE,FALSE
4245,2008-01-06,3937,08:30:00,Pedestrian,1,NA,1,1222 SMITH STREET,NA,2008-01-06,Unknown,Dry,Daylight,Clear,Other,"Yes, M/V and Driver Left Scene",No Controls,2,1,Complains Of Pain,2,NA,NA,TRUE,TRUE,"1222 Smith Street, Providence, RI, USA",FALSE,-71.4519614,41.8459553,street_address,rooftop,"1222 smith st, providence, ri 02908, usa",NA,NA,NA,NA,41.8459553,-71.4519614,High,NA,FALSE,FALSE
4246,2008-01-02,3890,06:21:00,Pedestrian,1,NA,1,PLAINFIELD,WEBSTER,2008-01-03,"Two-Way , Not Divided",Dry,Dark - Lighted,Clear,Other,No,Traffic Control Signal,2,1,Incapacitating,2,NA,NA,FALSE,FALSE,"Plainfield and Webster, Providence, RI, USA",FALSE,-71.4507916,41.813667,intersection,geometric_center,"webster ave & plainfield st, providence, ri 02909, usa",NA,NA,NA,NA,41.813667,-71.4507916,Med High,NA,FALSE,FALSE
4247,2008-01-02,3932,07:20:00,Bicycle,NA,1,1,Charles ST,SILVER SPRING ST,2008-01-06,"Two-Way, Divided, Unprotected (painted>4feet) Medium",Dry,Dark - Lighted,Clear,Rear End(Front-to-Rear),"Yes, M/V and Driver Left Scene",Traffic Control Signal,2,0,No Injury,2,NA,NA,FALSE,FALSE,"Charles Street and Silver Spring Street, Providence, RI, USA",FALSE,-71.41870639999999,41.8448189,intersection,geometric_center,"silver spring st & charles st, providence, ri 02904, usa",NA,NA,NA,NA,41.8448189,-71.41870639999999,Med High,NA,FALSE,FALSE
4248,2007-12-28,3788,21:24:00,Pedestrian,2,NA,1,Francis Street,West Exchange Street,2007-12-29,"Two-Way, Divided, Unprotected (painted>4feet) Medium",Wet,Dark - Lighted,Clear,Other,No,Traffic Control Signal,4,2,Incapacitating,5,NA,NA,FALSE,FALSE,"Francis Street and West Exchange Street, Providence, RI, USA",FALSE,-71.4202531,41.825222,route,geometric_center,"w exchange st, providence, ri 02903, usa","Francis Street & West Exchange Street, Providence, RI, USA",EjpGcmFuY2lzIFN0cmVldCAmIFdlc3QgRXhjaGFuZ2UgU3RyZWV0LCBQcm92aWRlbmNlLCBSSSwgVVNBImYiZAoUChIJjTTYfRFF5IkRq7ZGSjk5ozESFAoSCY002H0RReSJEau2Rko5OaMxGhQKEgnjCiVZEEXkiREJ12uSbA5CmxoUChIJZcnnxA1F5IkRv8kI-Xim7hoiCg0H_u0YFTH3btU,41.8250247,-71.41480469999999,41.8250247,-71.41480469999999,Med,NA,FALSE,FALSE
4249,2007-12-28,3793,11:45:00,Pedestrian,1,NA,1,Union Street,Fountain Street,2007-12-29,One-Way Trafficway,Wet,Dark - Lighted,Clear,Other,"Yes, M/V and Driver Left Scene",No Controls,2,0,No Injury,1,NA,NA,FALSE,FALSE,"Union Street and Fountain Street, Providence, RI, USA",FALSE,-71.4161507,41.8232429,route,geometric_center,"fountain st, providence, ri, usa","Union Street & Fountain Street, Providence, RI, USA",EjNVbmlvbiBTdHJlZXQgJiBGb3VudGFpbiBTdHJlZXQsIFByb3ZpZGVuY2UsIFJJLCBVU0EiZiJkChQKEgn1iJbSE0XkiRHg9shbcwd4dxIUChIJ9YiW0hNF5IkR4PbIW3MHeHcaFAoSCXNAs5UTReSJEZJE18owa50QGhQKEglt_bJgEkXkiRHJANQtUfMOkyIKDW_l7RgV_O5u1Q,41.8243951,-71.4150148,41.8243951,-71.4150148,Med,NA,FALSE,FALSE
4250,2007-12-24,3709,06:19:00,Pedestrian,1,NA,1,Lenox Ave.,Broad St.,2007-12-24,Unknown,Slush,Dark - Not Lighted,Clear,Unknown,No,No Controls,2,1,Complains Of Pain,NA,NA,NA,FALSE,FALSE,"Lenox Ave. and Broad St., Providence, RI, USA",FALSE,-71.4148014,41.7983177,intersection,geometric_center,"lenox ave & broad st, providence, ri 02905, usa",NA,NA,NA,NA,41.7983177,-71.4148014,Med High,NA,FALSE,FALSE
4251,2007-12-23,3674,03:48:00,Pedestrian,1,NA,1,Canal Street,Smith Street,2007-12-23,One-Way Trafficway,Dry,Dark - Not Lighted,Clear,Head-On (Front - to - Front),No,Traffic Control Signal,2,1,Incapacitating,2,NA,NA,FALSE,FALSE,"Canal Street and Smith Street, Providence, RI, USA",FALSE,-71.41132979999999,41.8314185,intersection,geometric_center,"canal st & smith st, providence, ri 02903, usa",NA,NA,NA,NA,41.8314185,-71.41132979999999,Med High,NA,FALSE,FALSE
4252,2007-12-22,3715,05:48:00,Pedestrian,1,NA,1,NORTH MAIN STREET,EDGEHILL ROAD,2007-12-25,"Two-Way, Divided, Positive Median Barrier",Dry,Dark - Lighted,Clear,Other,No,Stop Signs,6,0,No Injury,4,NA,NA,FALSE,FALSE,"North Main Street and Edgehill Road, Providence, RI, USA",FALSE,-71.4007891,41.8483739,route,geometric_center,"edgehill rd, providence, ri, usa","North Main Street & Edgehill Road, Providence, RI, USA",EjZOb3J0aCBNYWluIFN0cmVldCAmIEVkZ2VoaWxsIFJvYWQsIFByb3ZpZGVuY2UsIFJJLCBVU0EiZiJkChQKEgllz-HlwkTkiRGHqWR1vCCU5RIUChIJZc_h5cJE5IkRh6lkdbwglOUaFAoSCfn6QT3eROSJEV_Xrb4NXCM_GhQKEglvq116w0TkiRHTdb638N99FCIKDZyX8RgVrKFw1Q,41.8486172,-71.4038868,41.8486172,-71.4038868,Med,NA,FALSE,FALSE
4253,2007-12-22,3747,14:31:00,Bicycle,NA,1,1,NORTH MAIN STREET,FIFTH STREET,2007-12-27,One-Way Trafficway,Dry,Daylight,Clear,Head-On (Front - to - Front),No,Stop Signs,2,1,Complains Of Pain,2,NA,NA,FALSE,FALSE,"North Main Street and Fifth Street, Providence, RI, USA",FALSE,-71.3966306,41.8506938,route,geometric_center,"5th st, providence, ri 02906, usa",NA,NA,NA,NA,41.8506938,-71.3966306,Med,NA,FALSE,FALSE
4254,2007-12-21,3637,08:16:00,Pedestrian,1,NA,1,calverley st,SMITH ST,2007-12-21,"Two-Way , Not Divided",Slush,Daylight,Clear,Head-On (Front - to - Front),No,No Controls,3,1,Complains Of Pain,2,NA,NA,FALSE,FALSE,"Calverley Street and Smith Street, Providence, RI, USA",FALSE,-71.4433053,41.8418141,route,geometric_center,"smith st, providence, ri, usa",NA,NA,NA,NA,41.8418141,-71.4433053,Med,NA,FALSE,FALSE
4255,2007-12-19,3530,09:06:00,Pedestrian,1,NA,1,BARROWS ST,PLAINFIELD ST,2007-12-19,"Two-Way , Not Divided",Snow,Daylight,Clear,Other,No,No Controls,3,1,Complains Of Pain,NA,NA,NA,FALSE,FALSE,"Barrows Street and Plainfield Street, Providence, RI, USA",FALSE,-71.4578502,41.812866,intersection,geometric_center,"barrows st & plainfield st, providence, ri 02909, usa",NA,NA,NA,NA,41.812866,-71.4578502,Med High,NA,FALSE,FALSE
4256,2007-12-18,3515,16:55:00,Pedestrian,1,NA,1,230 Atwells Ave,Messenger Street,2007-12-18,"Two-Way , Not Divided",Snow,Daylight,Clear,Head-On (Front - to - Front),No,No Controls,2,1,Complains Of Pain,2,NA,NA,TRUE,FALSE,"230 Atwells Ave, Providence, RI, USA",FALSE,-71.4257387,41.82335399999999,premise,rooftop,"230 atwells ave, providence, ri 02903, usa",NA,NA,NA,NA,41.82335399999999,-71.4257387,High,NA,FALSE,FALSE
4257,2007-12-15,3391,00:35:00,Pedestrian,1,NA,1,Admiral Street,Durham Street,2007-12-15,"Two-Way , Not Divided",Ice/Frost,Dark - Lighted,Clear,Other,"Yes, M/V and Driver Left Scene",No Controls,2,1,Non-Incapacitating,2,NA,NA,FALSE,FALSE,"Admiral Street and Durham Street, Providence, RI, USA",FALSE,-71.435772,41.8479089,intersection,geometric_center,"admiral st & durham st, providence, ri 02908, usa",NA,NA,NA,NA,41.8479089,-71.435772,Med High,NA,FALSE,FALSE
4258,2007-12-14,3386,16:53:00,Pedestrian,1,NA,1,Valley Street,Broadway,2007-12-14,"Two-Way , Not Divided",Slush,Daylight,Clear,Head-On (Front - to - Front),No,Traffic Control Signal,2,1,Complains Of Pain,NA,NA,NA,FALSE,FALSE,"Valley Street and Broadway, Providence, RI, USA",FALSE,-71.441011,41.8168409,intersection,geometric_center,"valley st & broadway, providence, ri 02909, usa",NA,NA,NA,NA,41.8168409,-71.441011,Med High,NA,FALSE,FALSE
4259,2007-12-11,3316,11:37:00,Pedestrian,1,NA,1,Empire street,Fountain street,2007-12-12,"Two-Way, Not Divided With a Continuous Left Turn Lane",Wet,Dark - Lighted,Rain,Not a Collision Between Two Motor Vehicles in Transport,No,No Controls,2,1,Complains Of Pain,NA,NA,NA,FALSE,FALSE,"Empire Street and Fountain Street, Providence, RI, USA",FALSE,-71.4171267,41.8223687,intersection,geometric_center,"fountain st & empire st, providence, ri 02903, usa",NA,NA,NA,NA,41.8223687,-71.4171267,Med High,NA,FALSE,FALSE
4260,2007-11-26,2934,21:15:00,Bicycle,NA,1,1,Fruit Hill Ave,Woonasquatucket Ave,2007-11-26,"Two-Way , Not Divided",Wet,Dark - Lighted,Rain,Head-On (Front - to - Front),No,No Controls,4,1,Incapacitating,2,NA,NA,FALSE,FALSE,"Fruit Hill Ave and Woonasquatucket Ave, Providence, RI, USA",FALSE,-71.4685811,41.83636389999999,intersection,geometric_center,"woonasquatucket ave & fruit hill ave, providence, ri 02909, usa",NA,NA,NA,NA,41.83636389999999,-71.4685811,Med High,NA,FALSE,FALSE
4261,2007-11-25,2903,20:50:00,Pedestrian,1,NA,1,165 Atwells Ave.,Solar St.,2007-11-25,"Two-Way , Not Divided",Dry,Dark - Lighted,Clear,Other,No,No Controls,4,1,Non-Incapacitating,2,NA,NA,TRUE,FALSE,"165 Atwells Ave., Providence, RI, USA",FALSE,-71.4235728,41.8235357,premise,rooftop,"165 atwells ave, providence, ri 02903, usa",NA,NA,NA,NA,41.8235357,-71.4235728,High,NA,FALSE,FALSE
4262,2007-11-24,3037,12:24:00,Bicycle,NA,1,1,CHALKSTONE AVENUE,HAROLD STREET,2007-11-24,"Two-Way , Not Divided",Dry,Daylight,Clear,Angle (Front - to - Side) Opposite Direction,No,No Controls,2,1,Complains Of Pain,2,NA,NA,FALSE,FALSE,"Chalkstone Avenue and Harold Street, Providence, RI, USA",FALSE,-71.4393395,41.8324262,intersection,geometric_center,"harold st & chalkstone ave, providence, ri 02908, usa",NA,NA,NA,NA,41.8324262,-71.4393395,Med High,NA,FALSE,FALSE
4263,2007-11-16,2712,16:26:00,Pedestrian,1,NA,1,Silver Spring Street,Ledge Street,2007-11-16,"Two-Way , Not Divided",Dry,Dark - Lighted,Clear,Angle (Front - to - Side) Same Direction,No,No Controls,3,1,Non-Incapacitating,2,NA,NA,FALSE,FALSE,"Silver Spring Street and Ledge Street, Providence, RI, USA",FALSE,-71.412629,41.8531992,intersection,geometric_center,"silver spring st & ledge st, providence, ri 02904, usa",NA,NA,NA,NA,41.8531992,-71.412629,Med High,NA,FALSE,FALSE
4264,2007-11-14,2651,07:53:00,Pedestrian,1,NA,1,CHALKSTONE AVE,ACADEMY AVE,2007-11-14,"Two-Way , Not Divided",Dry,Daylight,Clear,Not a Collision Between Two Motor Vehicles in Transport,No,Traffic Control Signal,5,1,Complains Of Pain,2,NA,NA,FALSE,FALSE,"Chalkstone Ave and Academy Ave, Providence, RI, USA",FALSE,-71.44452489999999,41.8324538,intersection,geometric_center,"academy ave & chalkstone ave, providence, ri 02908, usa",NA,NA,NA,NA,41.8324538,-71.44452489999999,Med High,NA,FALSE,FALSE
4265,2007-11-14,2654,03:18:00,Pedestrian,1,NA,1,65 Gordon Ave.,NA,2007-11-14,One-Way Trafficway,Dry,Daylight,Clear,Unknown,No,No Controls,3,1,Complains Of Pain,NA,NA,NA,TRUE,TRUE,"65 Gordon Ave., Providence, RI, USA",FALSE,-71.41574750000001,41.8030505,premise,rooftop,"65 gordon ave, providence, ri 02905, usa",NA,NA,NA,NA,41.8030505,-71.41574750000001,High,NA,FALSE,FALSE
4266,2007-11-13,2634,17:27:00,Bicycle,NA,NA,2,Canal St.,Park Row,2007-11-13,One-Way Trafficway,Dry,Dark - Lighted,Clear,"Sideswipe, Same Direction",No,No Controls,2,1,Complains Of Pain,2,NA,NA,FALSE,FALSE,"Canal St. and Park Row, Providence, RI, USA",FALSE,-71.4101424,41.8285609,route,geometric_center,"park row, providence, ri 02903, usa","Canal St & Park Row West, Providence, RI, USA",Ei1DYW5hbCBTdCAmIFBhcmsgUm93IFdlc3QsIFByb3ZpZGVuY2UsIFJJLCBVU0EiZiJkChQKEgn52EJdF0XkiRG--p-MzSnqKBIUChIJ-dhCXRdF5IkRvvqfjM0p6igaFAoSCcvUmNAZReSJEftrQiUQSQCyGhQKEgkRe19SF0XkiRE4Hf4q6MkTIyIKDZeE7hgV5Zdv1Q,41.8284695,-71.4106907,41.8284695,-71.4106907,Med,NA,FALSE,FALSE
4267,2007-11-13,2794,03:27:00,Pedestrian,1,NA,1,35 Manton Ave.,NA,2007-11-20,"Two-Way , Not Divided",Dry,Daylight,Clear,Other,No,No Controls,3,1,Complains Of Pain,NA,NA,NA,TRUE,TRUE,"35 Manton Ave., Providence, RI, USA",FALSE,-71.44403410000001,41.8174937,street_address,range_interpolated,"35 manton ave, providence, ri 02909, usa",NA,NA,NA,NA,41.8174937,-71.44403410000001,High,NA,FALSE,FALSE
4268,2007-11-12,2639,21:48:00,Pedestrian,1,NA,1,south main st,college st,2007-11-13,One-Way Trafficway,Dry,Dark - Lighted,Clear,Other,No,Traffic Control Signal,2,1,Complains Of Pain,NA,NA,NA,FALSE,FALSE,"South Main Street and College Street, Providence, RI, USA",FALSE,-71.4078251,41.8256787,intersection,geometric_center,"s main st & college st, providence, ri 02903, usa",NA,NA,NA,NA,41.8256787,-71.4078251,Med High,NA,FALSE,FALSE
4269,2007-11-10,2577,15:00:00,Pedestrian,1,NA,1,fruit hill ave,Manton ave,2007-11-10,Unknown,Dry,Daylight,Clear,Other,No,No Controls,2,1,Complains Of Pain,2,NA,NA,FALSE,FALSE,"Fruit Hill Ave and Manton Ave, Providence, RI, USA",FALSE,-71.46779980000001,41.8339162,intersection,geometric_center,"manton ave & fruit hill ave, providence, ri 02909, usa",NA,NA,NA,NA,41.8339162,-71.46779980000001,Med High,NA,FALSE,FALSE
4270,2007-11-10,2580,08:53:00,Pedestrian,1,NA,1,Parade Street,Cranston Street,2007-11-10,One-Way Trafficway,Dry,Dark - Lighted,Clear,"Sideswipe, Same Direction","Yes, M/V and Driver Left Scene",No Controls,1,1,Complains Of Pain,1,NA,NA,FALSE,FALSE,"Parade Street and Cranston Street, Providence, RI, USA",FALSE,-71.4310747,41.8118451,intersection,geometric_center,"cranston st & parade st, providence, ri 02907, usa",NA,NA,NA,NA,41.8118451,-71.4310747,Med High,NA,FALSE,FALSE
4271,2007-11-08,2530,17:28:00,Pedestrian,1,NA,1,N. Main St,Park Row,2007-11-08,One-Way Trafficway,Dry,Dark - Lighted,Clear,Other,No,No Controls,3,1,Complains Of Pain,2,NA,NA,FALSE,FALSE,"N. Main Street and Park Row, Providence, RI, USA",FALSE,-71.4101424,41.8285609,route,geometric_center,"park row, providence, ri 02903, usa","North Main Street & Park Row, Providence, RI, USA",EjFOb3J0aCBNYWluIFN0cmVldCAmIFBhcmsgUm93LCBQcm92aWRlbmNlLCBSSSwgVVNBImYiZAoUChIJSWpJfBdF5IkRl9kTnyr3fZYSFAoSCUlqSXwXReSJEZfZE58q932WGhQKEgn5-kE93kTkiRFf162-DVwjPxoUChIJhWNsZBdF5IkRzvEHdXcK6MAiCg3Wi-4YFQ7Bb9U,41.828655,-71.409637,41.828655,-71.409637,Med,NA,FALSE,FALSE
4272,2007-11-07,2509,19:03:00,Bicycle,NA,1,1,N. MAIN ST,CHARLES ST,2007-11-07,One-Way Trafficway,Dry,Dark - Lighted,Clear,Other,No,Stop Signs,2,1,Complains Of Pain,NA,NA,NA,FALSE,FALSE,"N. Main Street and Charles Street, Providence, RI, USA",FALSE,-71.419539,41.8474982,route,geometric_center,"charles st, providence, ri, usa",NA,NA,NA,NA,41.8474982,-71.419539,Med,NA,FALSE,FALSE
4273,2007-11-03,2421,07:04:00,Pedestrian,1,NA,1,Eddy St,NA,2007-11-04,"Two-Way , Not Divided",Dry,Dawn,Clear,Other,No,No Controls,2,1,Incapacitating,2,NA,NA,FALSE,TRUE,"Eddy Street, Providence, RI, USA",FALSE,-71.4072274,41.8059506,route,geometric_center,"eddy st, providence, ri, usa",NA,NA,NA,NA,41.8059506,-71.4072274,Inaccurate,NA,FALSE,FALSE
4274,2007-11-01,2344,01:52:00,Pedestrian,1,NA,1,Atwells Avenue,Depasquale Avenue,2007-11-01,"Two-Way, Divided, Unprotected (painted>4feet) Medium",Dry,Dark - Lighted,Clear,Head-On (Front - to - Front),"Yes, M/V and Driver Left Scene",No Controls,6,1,Incapacitating,2,NA,NA,FALSE,FALSE,"Atwells Avenue and Depasquale Avenue, Providence, RI, USA",FALSE,-71.4270169,41.8235993,intersection,geometric_center,"de pasquale ave & atwells ave, providence, ri 02903, usa",NA,NA,NA,NA,41.8235993,-71.4270169,Med High,NA,FALSE,FALSE
4275,2007-11-01,2353,02:13:00,Bicycle,1,NA,1,chalkstone av,CARLETON ST,2007-11-01,"Two-Way , Not Divided",Dry,Daylight,Clear,Angle (Front - to - Side) Same Direction,No,No Controls,3,1,Complains Of Pain,2,NA,NA,FALSE,FALSE,"Chalkstone Av and Carleton Street, Providence, RI, USA",FALSE,-71.44811,41.8328835,intersection,geometric_center,"carleton st & chalkstone ave, providence, ri 02908, usa",NA,NA,NA,NA,41.8328835,-71.44811,Med High,NA,FALSE,FALSE
4276,2007-10-31,2342,16:23:00,Pedestrian,1,NA,1,Manton Ave.,NA,2007-11-01,"Two-Way , Not Divided",Dry,Daylight,Clear,Not a Collision Between Two Motor Vehicles in Transport,"Yes, M/V and Driver Left Scene",No Controls,1,1,Complains Of Pain,NA,NA,NA,FALSE,TRUE,"Manton Ave., Providence, RI, USA",FALSE,-71.4570108,41.8257711,route,geometric_center,"manton ave, providence, ri 02909, usa",NA,NA,NA,NA,41.8257711,-71.4570108,Inaccurate,NA,FALSE,FALSE