row_number,crash_date,crash_report_id,crash_time,collision_type,count_pedestrian,count_bicycle,number_of_vehicles,street_or_highway,nearest_intersection,report_date,type_of_roadway,road_surface_condition,light_condition,weather_condition,manner_of_impact,hit_and_run,traffic_control,person_count,injury_count,most_serious_injury,number_of_lanes,lat_raw,lon_raw,has_st_number,is_intersection_null,address_sent_to_geocoder,is_address_blank,lon_api_first_try,lat_api_first_try,type,loctype,address_returned_by_geocoder,address_returned_by_autocomplete,place_ids_autocompleted,lat_api_second_try,lon_api_second_try,lat_api_best,lon_api_best,api_coord_conf,distance_btwn_coords_meters,scooter,wheel_chair
4327,2007-09-20,1350,12:23:00,Pedestrian,1,NA,1,PEACE,ELMWOOD AVENUE,2007-09-22,"Two-Way , Not Divided",Dry,Daylight,Clear,"Sideswipe, Same Direction",No,No Controls,5,1,Complains Of Pain,2,NA,NA,FALSE,FALSE,"Peace and Elmwood Avenue, Providence, RI, USA",FALSE,-71.4229658,41.7920613,route,geometric_center,"elmwood ave, providence, ri, usa","Peace Street & Elmwood Avenue, Providence, RI, USA",EjJQZWFjZSBTdHJlZXQgJiBFbG13b29kIEF2ZW51ZSwgUHJvdmlkZW5jZSwgUkksIFVTQSJmImQKFAoSCffipbt-ReSJEcH1xeA-G1SsEhQKEgn34qW7fkXkiRHB9cXgPhtUrBoUChIJxTePpX5F5IkRIFCTyOQisl0aFAoSCXfQbe2jT-SJEfE86TMHz6HvIgoNFi3rGBWcam3V,41.8065686,-71.4249572,41.8065686,-71.4249572,Med,NA,FALSE,FALSE
4328,2007-09-19,1280,14:00:00,Pedestrian,1,NA,1,649 NORTH MAIN ST,NA,2007-09-19,"Two-Way, Divided, Positive Median Barrier",Dry,Daylight,Clear,Head-On (Front - to - Front),No,No Controls,8,1,Complains Of Pain,4,NA,NA,TRUE,TRUE,"649 North Main Street, Providence, RI, USA",FALSE,-71.40882309999999,41.8381141,premise,rooftop,"649 n main st, providence, ri 02904, usa",NA,NA,NA,NA,41.8381141,-71.40882309999999,High,NA,FALSE,FALSE
4329,2007-09-19,1290,19:21:00,Pedestrian,1,NA,1,Chalkstone Ave,NA,2007-09-19,"Two-Way , Not Divided",Dry,Dark - Lighted,Clear,Other,No,Pavement Markings,2,1,Incapacitating,2,NA,NA,FALSE,TRUE,"Chalkstone Ave, Providence, RI, USA",FALSE,-71.4417437,41.8322912,route,geometric_center,"chalkstone ave, providence, ri, usa",NA,NA,NA,NA,41.8322912,-71.4417437,Inaccurate,NA,FALSE,FALSE
4330,2007-09-18,1249,09:18:00,Bicycle,NA,1,1,Broad St.,Green St.,2007-09-18,"Two-Way , Not Divided",Dry,Daylight,Clear,Other,Unknown,No Controls,2,0,No Injury,2,NA,NA,FALSE,FALSE,"Broad St. and Green St., Providence, RI, USA",FALSE,-71.4168727,41.8210088,route,geometric_center,"greene st, providence, ri 02903, usa","Broad St & Greene St, Providence, RI, USA",EilCcm9hZCBTdCAmIEdyZWVuZSBTdCwgUHJvdmlkZW5jZSwgUkksIFVTQSJmImQKFAoSCTfh-dhsReSJEfmhuq402ADDEhQKEgk34fnYbEXkiRH5obquNNgAwxoUChIJg9591YxP5IkRLKLKk5hLCKMaFAoSCf0A8LYSReSJEUvYlXYJeLq1IgoNqyDtGBU68G7V,41.8193579,-71.41498299999999,41.8193579,-71.41498299999999,Med,NA,FALSE,FALSE
4331,2007-09-18,1259,16:48:00,Pedestrian,1,NA,1,Washington St,Dorrance St,2007-09-18,"Two-Way, Divided, Unprotected (painted>4feet) Medium",Dry,Daylight,Clear,Head-On (Front - to - Front),No,Traffic Control Signal,4,1,Complains Of Pain,2,NA,NA,FALSE,FALSE,"Washington Street and Dorrance Street, Providence, RI, USA",FALSE,-71.41277699999999,41.8244607,intersection,geometric_center,"washington st & dorrance st, providence, ri 02903, usa",NA,NA,NA,NA,41.8244607,-71.41277699999999,Med High,NA,FALSE,FALSE
4332,2007-09-17,1362,21:32:00,Bicycle,NA,NA,2,Angell,Benefit,2007-09-22,One-Way Trafficway,Dry,Dark - Lighted,Clear,Angle - Direction Not Specified,No,Traffic Control Signal,4,1,Complains Of Pain,2,NA,NA,FALSE,FALSE,"Angell and Benefit, Providence, RI, USA",FALSE,-71.40765809999999,41.827518,intersection,geometric_center,"benefit st & angell st, providence, ri 02903, usa",NA,NA,NA,NA,41.827518,-71.40765809999999,Med High,NA,FALSE,FALSE
4333,2007-09-16,1206,10:02:00,Bicycle,NA,1,1,HOPE ST,HART ST,2007-09-16,"Two-Way , Not Divided",Dry,Daylight,Clear,Angle (Front - to - Side) Same Direction,No,Stop Signs,3,1,Complains Of Pain,2,NA,NA,FALSE,FALSE,"Hope Street and Hart Street, Providence, RI, USA",FALSE,-71.3971735,41.8446533,intersection,geometric_center,"hope st & hart st, providence, ri 02906, usa",NA,NA,NA,NA,41.8446533,-71.3971735,Med High,NA,FALSE,FALSE
4334,2007-09-15,1202,23:16:00,Pedestrian,1,NA,1,Atwells Avenue,messenger Street,2007-09-15,"Two-Way, Divided, Unprotected (painted>4feet) Medium",Dry,Dark - Lighted,Clear,Other,"Yes, M/V and Driver Left Scene",Traffic Control Signal,2,1,Complains Of Pain,2,NA,NA,FALSE,FALSE,"Atwells Avenue and Messenger Street, Providence, RI, USA",FALSE,-71.4254773,41.8235064,intersection,geometric_center,"messenger st & atwells ave, providence, ri 02903, usa",NA,NA,NA,NA,41.8235064,-71.4254773,Med High,NA,FALSE,FALSE
4335,2007-09-14,1170,09:17:00,Pedestrian,1,NA,1,HOPE ST,SIXTH ST,2007-09-14,"Two-Way , Not Divided",Dry,Daylight,Clear,Angle (Front - to - Side) Same Direction,No,Stop Signs,4,1,Incapacitating,2,NA,NA,FALSE,FALSE,"Hope Street and Sixth Street, Providence, RI, USA",FALSE,-71.39425849999999,41.8505721,intersection,geometric_center,"hope st & 6th st, providence, ri 02906, usa",NA,NA,NA,NA,41.8505721,-71.39425849999999,Med High,NA,FALSE,FALSE
4336,2007-09-13,1164,19:03:00,Bicycle,NA,1,1,HAROLD ST,AURORA ST,2007-09-14,"Two-Way , Not Divided",Dry,Daylight,Clear,Angle (Front - to - Side) Right Angle (Includes Broadside),No,Stop Signs,3,0,No Injury,2,NA,NA,FALSE,FALSE,"Harold Street and Aurora Street, Providence, RI, USA",FALSE,-71.437927,41.827591,intersection,geometric_center,"aurora st & harold st, providence, ri 02908, usa",NA,NA,NA,NA,41.827591,-71.437927,Med High,NA,FALSE,FALSE
4337,2007-09-09,1036,14:02:00,Pedestrian,2,NA,1,BUCKLIN ST,HANOVER ST,2007-09-09,"Two-Way , Not Divided",Dry,Daylight,Cloudy,Head-On (Front - to - Front),"Yes, Driver Left Scene",Stop Signs,4,2,Fatal,2,NA,NA,FALSE,FALSE,"Bucklin Street and Hanover Street, Providence, RI, USA",FALSE,-71.42788929999999,41.8079357,intersection,geometric_center,"bucklin st & hanover st, providence, ri 02907, usa",NA,NA,NA,NA,41.8079357,-71.42788929999999,Med High,NA,FALSE,FALSE
4338,2007-09-05,952,20:13:00,Bicycle,NA,1,1,BROWN STREET,BENEVOLENT STREET,2007-09-05,"Two-Way , Not Divided",Dry,Dark - Not Lighted,Clear,Angle (Front - to - Side) Right Angle (Includes Broadside),No,No Controls,3,0,No Injury,2,NA,NA,FALSE,FALSE,"Brown Street and Benevolent Street, Providence, RI, USA",FALSE,-71.40268929999999,41.8246153,intersection,geometric_center,"brown st & benevolent st, providence, ri 02906, usa",NA,NA,NA,NA,41.8246153,-71.40268929999999,Med High,NA,FALSE,FALSE
4339,2007-09-03,883,20:05:00,Pedestrian,1,1,1,Exchange St.,Finance Way,2007-09-03,One-Way Trafficway,Dry,Dark - Lighted,Clear,Angle (Front - to - Side) Opposite Direction,No,No Controls,3,1,Complains Of Pain,1,NA,NA,FALSE,FALSE,"Exchange St. and Finance Way, Providence, RI, USA",FALSE,-71.4131842,41.8283464,intersection,geometric_center,"exchange st & finance way, providence, ri 02903, usa",NA,NA,NA,NA,41.8283464,-71.4131842,Med High,NA,FALSE,FALSE
4340,2007-09-02,881,17:56:00,Bicycle,NA,1,1,River Ave,Moorland Ave,2007-09-03,"Two-Way , Not Divided",Dry,Daylight,Clear,Other,"Yes, M/V and Driver Left Scene",Stop Signs,4,1,Incapacitating,2,NA,NA,FALSE,FALSE,"River Ave and Moorland Ave, Providence, RI, USA",FALSE,-71.43974539999999,41.8375521,intersection,geometric_center,"moorland ave & river ave, providence, ri 02908, usa",NA,NA,NA,NA,41.8375521,-71.43974539999999,Med High,NA,FALSE,FALSE
4341,2007-08-31,797,08:33:00,Bicycle,NA,1,1,CHALKSTONE AVENUE,ROSEBANK STREET,2007-08-31,"Two-Way , Not Divided",Dry,Daylight,Clear,Angle (Front - to - Side) Same Direction,No,No Controls,4,1,Incapacitating,2,NA,NA,FALSE,FALSE,"Chalkstone Avenue and Rosebank Street, Providence, RI, USA",FALSE,-71.4333511,41.8339277,intersection,geometric_center,"chalkstone ave & rosebank ave, providence, ri 02908, usa",NA,NA,NA,NA,41.8339277,-71.4333511,Med High,NA,FALSE,FALSE
4342,2007-08-31,804,11:39:00,Bicycle,NA,1,1,181 Ortoleva Drive,Chalkstone Avenue,2007-08-31,"Two-Way , Not Divided",Dry,Daylight,Clear,Angle (Front - to - Side) Opposite Direction,No,No Controls,4,1,Non-Incapacitating,NA,NA,NA,TRUE,FALSE,"181 Ortoleva Drive, Providence, RI, USA",FALSE,-71.4573212,41.8316997,premise,rooftop,"181 ortoleva dr, providence, ri 02909, usa",NA,NA,NA,NA,41.8316997,-71.4573212,High,NA,FALSE,FALSE
4343,2007-08-30,885,22:50:00,Bicycle,NA,1,1,Service Rd #8,Atwells Ave,2007-09-03,"Two-Way , Not Divided",Dry,Dark - Lighted,Clear,Angle (Front - to - Side) Right Angle (Includes Broadside),No,Traffic Control Signal,2,0,No Injury,2,NA,NA,FALSE,FALSE,"Service Rd #8 and Atwells Ave, Providence, RI, USA",FALSE,-71.4363598,41.8244829,route,geometric_center,"atwells ave, providence, ri, usa",NA,NA,NA,NA,41.8244829,-71.4363598,Med,NA,FALSE,FALSE
4344,2007-08-28,737,12:24:00,Bicycle,NA,1,1,EDDY ST,BYFIELD ST.,2007-08-28,"Two-Way , Not Divided",Dry,Daylight,Clear,Angle - Direction Not Specified,No,Traffic Control Signal,3,1,Complains Of Pain,2,NA,NA,FALSE,FALSE,"Eddy Street and Byfield St., Providence, RI, USA",FALSE,-71.40501600000002,41.7969439,intersection,geometric_center,"byfield st & eddy st, providence, ri 02905, usa",NA,NA,NA,NA,41.7969439,-71.40501600000002,Med High,NA,FALSE,FALSE
4345,2007-08-28,750,15:17:00,Bicycle,NA,1,1,217 Webster Ave,NA,2007-08-28,"Two-Way , Not Divided",Dry,Daylight,Clear,Other,No,Stop Signs,2,1,Complains Of Pain,NA,NA,NA,TRUE,TRUE,"217 Webster Ave, Providence, RI, USA",FALSE,-71.4488288,41.8090841,street_address,rooftop,"217 webster ave, providence, ri 02909, usa",NA,NA,NA,NA,41.8090841,-71.4488288,High,NA,FALSE,FALSE
4346,2007-08-28,751,17:05:00,Bicycle,NA,1,1,Chalkstone Ave,Imera Ave,2007-08-29,"Two-Way , Not Divided",Dry,Daylight,Clear,Head-On (Front - to - Front),No,No Controls,2,1,Non-Incapacitating,2,NA,NA,FALSE,FALSE,"Chalkstone Ave and Imera Ave, Providence, RI, USA",FALSE,-71.456497,41.83210800000001,intersection,geometric_center,"imera st & chalkstone ave, providence, ri 02909, usa",NA,NA,NA,NA,41.83210800000001,-71.456497,Med High,NA,FALSE,FALSE
4347,2007-08-27,735,01:37:00,Bicycle,NA,1,1,ELMWOOD AVE,ADELAIDE,2007-08-28,"Two-Way, Divided, Positive Median Barrier",Dry,Daylight,Clear,Angle (Front - to - Side) Right Angle (Includes Broadside),No,Traffic Control Signal,3,1,Complains Of Pain,4,NA,NA,FALSE,FALSE,"Elmwood Ave and Adelaide, Providence, RI, USA",FALSE,-71.42499500000001,41.79588700000001,intersection,geometric_center,"adelaide ave & elmwood ave, providence, ri 02907, usa",NA,NA,NA,NA,41.79588700000001,-71.42499500000001,Med High,NA,FALSE,FALSE
4348,2007-08-23,642,08:34:00,Bicycle,NA,1,1,Bridgham St,Cranston St,2007-08-23,"Two-Way , Not Divided",Dry,Dusk,Clear,Unknown,"Yes, M/V and Driver Left Scene",Traffic Control Signal,1,1,Complains Of Pain,2,NA,NA,FALSE,FALSE,"Bridgham Street and Cranston Street, Providence, RI, USA",FALSE,-71.426947,41.8139796,intersection,geometric_center,"cranston st & bridgham st, providence, ri 02907, usa",NA,NA,NA,NA,41.8139796,-71.426947,Med High,NA,FALSE,FALSE
4349,2007-08-20,575,17:37:00,Other,NA,NA,2,NORTH MAIN ST.,LANCASTER ST.,2007-08-20,"Two-Way, Divided, Positive Median Barrier",Dry,Daylight,Clear,Angle (Front - to - Side) Right Angle (Includes Broadside),No,No Controls,2,1,Non-Incapacitating,2,NA,NA,FALSE,FALSE,"North Main St. and Lancaster St., Providence, RI, USA",FALSE,-71.4022696,41.8460783,route,geometric_center,"lancaster st, providence, ri, usa","N Main St & Lancaster St, Providence, RI, USA",Ei1OIE1haW4gU3QgJiBMYW5jYXN0ZXIgU3QsIFByb3ZpZGVuY2UsIFJJLCBVU0EiZiJkChQKEgkJOB9D3UTkiREwLoEoHIq-zxIUChIJCTgfQ91E5IkRMC6BKByKvs8aFAoSCfn6QT3eROSJEV_Xrb4NXCM_GhQKEgkFfeXD3ETkiRE1MZZU0QJ1ByIKDc488RgVcWhw1Q,41.8462926,-71.4053519,41.8462926,-71.4053519,Med,NA,TRUE,FALSE
4350,2007-08-19,559,03:42:00,Bicycle,NA,1,1,233 Alabama Ave,Virginia Ave,2007-08-19,"Two-Way , Not Divided",Dry,Daylight,Clear,Angle - Direction Not Specified,No,No Controls,3,1,Complains Of Pain,2,NA,NA,TRUE,FALSE,"233 Alabama Ave, Providence, RI, USA",FALSE,-71.3982855,41.7866246,premise,rooftop,"233 alabama ave, providence, ri 02905, usa",NA,NA,NA,NA,41.7866246,-71.3982855,High,NA,FALSE,FALSE
4351,2007-08-19,900,17:41:00,Pedestrian,1,NA,1,Delaine St.,Audrey,2007-09-04,"Two-Way , Not Divided",Dry,Daylight,Clear,Unknown,"Yes, M/V and Driver Left Scene",No Controls,1,1,Complains Of Pain,2,NA,NA,FALSE,FALSE,"Delaine St. and Audrey, Providence, RI, USA",FALSE,-71.4425153,41.8193206,intersection,geometric_center,"delaine st & audrey st, providence, ri 02909, usa",NA,NA,NA,NA,41.8193206,-71.4425153,Med High,NA,FALSE,FALSE
4352,2007-08-17,539,04:45:00,Pedestrian,1,NA,1,Plainfield St,Webster Ave,2007-08-17,"Two-Way , Not Divided",Dry,Daylight,Clear,Head-On (Front - to - Front),No,No Controls,2,1,Complains Of Pain,2,NA,NA,FALSE,FALSE,"Plainfield Street and Webster Ave, Providence, RI, USA",FALSE,-71.4507916,41.813667,intersection,geometric_center,"webster ave & plainfield st, providence, ri 02909, usa",NA,NA,NA,NA,41.813667,-71.4507916,Med High,NA,FALSE,FALSE
4353,2007-08-13,471,08:07:00,Bicycle,NA,1,1,Promenade St,Park St.,2007-08-13,One-Way Trafficway,Dry,Daylight,Clear,"Sidwswipe, Opposite Direction",No,No Controls,2,0,No Injury,NA,NA,NA,FALSE,FALSE,"Promenade Street and Park St., Providence, RI, USA",FALSE,-71.4176635,41.82785399999999,intersection,geometric_center,"promenade st & park st, providence, ri 02908, usa",NA,NA,NA,NA,41.82785399999999,-71.4176635,Med High,NA,FALSE,FALSE
4354,2007-08-11,458,10:03:00,Pedestrian,1,NA,3,potters av,niagara st,2007-08-12,"Two-Way , Not Divided",Dry,Dark - Lighted,Clear,Angle (Front - to - Side) Right Angle (Includes Broadside),No,Stop Signs,5,2,Non-Incapacitating,2,NA,NA,FALSE,FALSE,"Potters Av and Niagara Street, Providence, RI, USA",FALSE,-71.42073789999999,41.8024427,intersection,geometric_center,"potters ave & niagara st, providence, ri 02907, usa",NA,NA,NA,NA,41.8024427,-71.42073789999999,Med High,NA,FALSE,FALSE
4355,2007-08-10,485,15:02:00,Pedestrian,1,NA,1,Cranston St,Cranston St and Dexter St,2007-08-13,"Two-Way, Divided, Positive Median Barrier",Dry,Daylight,Clear,Other,No,No Controls,3,0,No Injury,NA,NA,NA,FALSE,FALSE,"Cranston Street and Cranston St And Dexter Street, Providence, RI, USA",FALSE,-71.429588,41.81260289999999,intersection,geometric_center,"cranston st & dexter st, providence, ri 02907, usa",NA,NA,NA,NA,41.81260289999999,-71.429588,Med High,NA,FALSE,FALSE
4356,2007-08-09,400,06:45:00,Bicycle,1,NA,1,Putnam,Atwells,2007-08-09,"Two-Way, Divided, Unprotected (painted>4feet) Medium",Dry,Daylight,Clear,Other,No,Traffic Control Signal,4,0,No Injury,2,NA,NA,FALSE,FALSE,"Putnam and Atwells, Providence, RI, USA",FALSE,-71.4363598,41.8244829,route,geometric_center,"atwells ave, providence, ri, usa","Putnam Street & Atwells Avenue, Providence, RI, USA",EjNQdXRuYW0gU3RyZWV0ICYgQXR3ZWxscyBBdmVudWUsIFByb3ZpZGVuY2UsIFJJLCBVU0EiZiJkChQKEgmnQqLfl0XkiRGnB86V79pxYRIUChIJp0Ki35dF5IkRpwfOle_acWEaFAoSCStJ4aeXReSJETuLbM6YWFZEGhQKEgntbUQGokXkiRFGiudQWCgJNCIKDT317RgViZVq1Q,41.8247997,-71.4435191,41.8247997,-71.4435191,Med,NA,FALSE,FALSE
4357,2007-08-09,546,02:47:00,Bicycle,NA,1,1,Brook Street,Angell Street,2007-08-18,"Two-Way , Not Divided",Dry,Daylight,Clear,Head-On (Front - to - Front),No,No Controls,2,1,Non-Incapacitating,2,NA,NA,FALSE,FALSE,"Brook Street and Angell Street, Providence, RI, USA",FALSE,-71.3994627,41.8282166,intersection,geometric_center,"brook st & angell st, providence, ri 02906, usa",NA,NA,NA,NA,41.8282166,-71.3994627,Med High,NA,FALSE,FALSE
4358,2007-08-08,382,12:01:00,Bicycle,NA,1,1,WICKENDEN ST,SOUTH WATER,2007-08-08,"Two-Way , Not Divided",Dry,Daylight,Cloudy,Head-On (Front - to - Front),No,Yield Signs,3,1,Complains Of Pain,2,NA,NA,FALSE,FALSE,"Wickenden Street and South Water, Providence, RI, USA",FALSE,-71.4018957,41.8187467,intersection,geometric_center,"wickenden st & s water st, providence, ri 02903, usa",NA,NA,NA,NA,41.8187467,-71.4018957,Med High,NA,FALSE,FALSE
4359,2007-08-08,390,06:29:00,Bicycle,NA,1,1,Carpenter St,Dean St,2007-08-07,"Two-Way , Not Divided",Dry,Daylight,Clear,Head-On (Front - to - Front),No,No Controls,2,1,Non-Incapacitating,2,NA,NA,FALSE,FALSE,"Carpenter Street and Dean Street, Providence, RI, USA",FALSE,-71.4218937,41.82062759999999,intersection,geometric_center,"carpenter st & dean st, providence, ri 02903, usa",NA,NA,NA,NA,41.82062759999999,-71.4218937,Med High,NA,FALSE,FALSE
4360,2007-08-08,393,18:56:00,Bicycle,NA,2,1,513 Admiral Street,NA,2007-08-08,"Two-Way , Not Divided",Dry,Daylight,Clear,Other,No,No Controls,3,1,Complains Of Pain,2,NA,NA,TRUE,TRUE,"513 Admiral Street, Providence, RI, USA",FALSE,-71.4336019,41.8471489,street_address,rooftop,"513 admiral st, providence, ri 02908, usa",NA,NA,NA,NA,41.8471489,-71.4336019,High,NA,FALSE,FALSE
4361,2007-08-07,369,21:47:00,Pedestrian,1,NA,1,Chalkstone Ave,Ortoleva Dr,2007-08-07,"Two-Way , Not Divided",Dry,Dark - Lighted,Clear,"Sidwswipe, Opposite Direction","Yes, M/V and Driver Left Scene",No Controls,2,1,Incapacitating,2,NA,NA,FALSE,FALSE,"Chalkstone Ave and Ortoleva Dr, Providence, RI, USA",FALSE,-71.4574875,41.8322359,intersection,geometric_center,"ortoleva dr & chalkstone ave, providence, ri 02909, usa",NA,NA,NA,NA,41.8322359,-71.4574875,Med High,NA,FALSE,TRUE
4362,2007-08-06,351,05:28:00,Pedestrian,1,NA,1,433 cranston st,NA,2007-08-06,"Two-Way , Not Divided",Dry,Daylight,Clear,Other,No,No Controls,3,1,Non-Incapacitating,2,NA,NA,TRUE,TRUE,"433 Cranston Street, Providence, RI, USA",FALSE,-71.4322806,41.81107069999999,street_address,rooftop,"433 cranston st, providence, ri 02907, usa",NA,NA,NA,NA,41.81107069999999,-71.4322806,High,NA,FALSE,FALSE
4363,2007-08-05,372,12:24:00,Bicycle,NA,1,2,Branch  Ave,Hugo  St,2007-08-08,"Two-Way , Not Divided",Dry,Daylight,Clear,"Sideswipe, Same Direction",No,No Controls,3,1,Complains Of Pain,2,NA,NA,FALSE,FALSE,"Branch  Ave and Hugo  Street, Providence, RI, USA",FALSE,-71.43160619999999,41.854396,intersection,geometric_center,"hugo st & branch ave, providence, ri 02904, usa",NA,NA,NA,NA,41.854396,-71.43160619999999,Med High,NA,FALSE,FALSE
4364,2007-08-03,298,01:54:00,Pedestrian,1,NA,1,WASHINGTON STREET,MEMORIAL BLVD.,2007-08-04,"Two-Way , Not Divided",Dry,Daylight,Clear,Other,"Yes, M/V and Driver Left Scene",Traffic Control Signal,1,1,Non-Incapacitating,NA,NA,NA,FALSE,FALSE,"Washington Street and Memorial Blvd., Providence, RI, USA",FALSE,-71.4134258,41.8263996,route,geometric_center,"memorial blvd, providence, ri 02903, usa","Washington Street & Memorial Blvd, Providence, RI, USA",EjZXYXNoaW5ndG9uIFN0cmVldCAmIE1lbW9yaWFsIEJsdmQsIFByb3ZpZGVuY2UsIFJJLCBVU0EiZiJkChQKEgmdNVfiFkXkiRE6V1-x6gjhmRIUChIJnTVX4hZF5IkROldfseoI4ZkaFAoSCanazZwSReSJERoH0JajEjT2GhQKEgn3LDO1FkXkiRGsznR5eOTavSIKDZw07hgV6bBv1Q,41.826422,-71.4100503,41.826422,-71.4100503,Med,NA,FALSE,FALSE
4365,2007-08-01,248,08:45:00,Pedestrian,1,NA,1,Colfax Street,Prairie Avenue,2007-08-01,"Two-Way , Not Divided",Dry,Daylight,Clear,Angle (Front - to - Side) Same Direction,No,No Controls,4,1,Complains Of Pain,1,NA,NA,FALSE,FALSE,"Colfax Street and Prairie Avenue, Providence, RI, USA",FALSE,-71.41224679999999,41.799533,intersection,geometric_center,"prairie ave & colfax st, providence, ri 02905, usa",NA,NA,NA,NA,41.799533,-71.41224679999999,Med High,NA,FALSE,FALSE
4366,2007-07-30,215,19:06:00,Other,NA,NA,1,Veazie St,Douglas,2007-07-30,"Two-Way , Not Divided",Wet,Daylight,Rain,Other,"Yes, M/V and Driver Left Scene",No Controls,3,0,Unknown,2,NA,NA,FALSE,FALSE,"Veazie Street and Douglas, Providence, RI, USA",FALSE,-71.438829,41.85386,establishment,geometric_center,"douglas ns seamans, providence, ri, usa","Veazie Street & Douglas Avenue, Providence, RI, USA",EjNWZWF6aWUgU3RyZWV0ICYgRG91Z2xhcyBBdmVudWUsIFByb3ZpZGVuY2UsIFJJLCBVU0EiZiJkChQKEgkxRDCr-ETkiRFL-FWVHwlrrhIUChIJMUQwq_hE5IkRS_hVlR8Ja64aFAoSCU9aRjFYROSJEXPPX8Et9eyYGhQKEgkH9GgJUETkiREu05rBjNnbrSIKDRdK8RgVL7Fs1Q,41.8466327,-71.4297041,41.8466327,-71.4297041,Med,NA,FALSE,FALSE
4367,2007-07-24,199,03:04:00,Bicycle,NA,1,1,Union Ave,NA,2007-07-27,"Two-Way , Not Divided",Dry,Daylight,Clear,"Sideswipe, Same Direction","Yes, M/V and Driver Left Scene",No Controls,4,1,Complains Of Pain,2,NA,NA,FALSE,TRUE,"Union Ave, Providence, RI, USA",FALSE,-71.4475494,41.8068304,route,geometric_center,"union ave, providence, ri, usa",NA,NA,NA,NA,41.8068304,-71.4475494,Inaccurate,NA,FALSE,FALSE
4368,2007-07-21,141,01:54:00,Pedestrian,1,NA,1,WASHINGTON STREET,MATHEWSON STREET,2007-07-21,"Two-Way , Not Divided",Dry,Daylight,Clear,Other,No,Traffic Control Signal,4,1,Complains Of Pain,NA,NA,NA,FALSE,FALSE,"Washington Street and Mathewson Street, Providence, RI, USA",FALSE,-71.4147864,41.8230454,intersection,geometric_center,"mathewson st & washington st, providence, ri 02903, usa",NA,NA,NA,NA,41.8230454,-71.4147864,Med High,NA,FALSE,FALSE
4369,2007-06-17,82,02:27:00,Pedestrian,3,NA,1,Point St,Hospital St,2007-06-17,"Two-Way , Not Divided",Dry,Dark - Lighted,Clear,Head-On (Front - to - Front),No,Stop Signs,11,3,Complains Of Pain,2,NA,NA,FALSE,FALSE,"Point Street and Hospital Street, Providence, RI, USA",FALSE,-71.40949789999999,41.8156623,intersection,geometric_center,"point st & hospital st, providence, ri 02903, usa",NA,NA,NA,NA,41.8156623,-71.40949789999999,Med High,NA,FALSE,FALSE
4370,2007-05-16,58,06:00:00,Pedestrian,1,NA,1,Yale ave,Erastus,2007-05-16,"Two-Way , Not Divided",Wet,Daylight,Rain,"Sideswipe, Same Direction","Yes, M/V and Driver Left Scene",No Controls,1,1,Complains Of Pain,2,NA,NA,FALSE,FALSE,"Yale Ave and Erastus, Providence, RI, USA",FALSE,-71.450676,41.826782,intersection,geometric_center,"yale ave & erastus st, providence, ri 02908, usa",NA,NA,NA,NA,41.826782,-71.450676,Med High,NA,FALSE,FALSE
4371,2007-05-16,59,06:00:00,Pedestrian,1,NA,1,Yale ave,Erastus,2007-05-16,"Two-Way , Not Divided",Wet,Daylight,Rain,"Sideswipe, Same Direction","Yes, M/V and Driver Left Scene",No Controls,1,1,Complains Of Pain,2,NA,NA,FALSE,FALSE,"Yale Ave and Erastus, Providence, RI, USA",FALSE,-71.450676,41.826782,intersection,geometric_center,"yale ave & erastus st, providence, ri 02908, usa",NA,NA,NA,NA,41.826782,-71.450676,Med High,NA,FALSE,FALSE
4372,2007-04-28,44,22:30:00,Pedestrian,1,NA,1,Union avenue,Pocasset ave,2007-04-28,"Two-Way , Not Divided",Dry,Dark - Lighted,Clear,Head-On (Front - to - Front),No,No Controls,2,1,Complains Of Pain,2,NA,NA,FALSE,FALSE,"Union Avenue and Pocasset Ave, Providence, RI, USA",FALSE,-71.4543806,41.8103315,route,geometric_center,"pocasset ave, providence, ri 02909, usa","Union Avenue & Pocasset Ave, Providence, RI, USA",EjBVbmlvbiBBdmVudWUgJiBQb2Nhc3NldCBBdmUsIFByb3ZpZGVuY2UsIFJJLCBVU0EiZiJkChQKEgnV9JkOX0_kiREp1PpdYrmBhRIUChIJ1fSZDl9P5IkRKdT6XWK5gYUaFAoSCSOB6ziKReSJEZ7VnzCwxYgvGhQKEgl1Nawmi0XkiRGcN_50_xMz6CIKDfIm6xgVkIJo1Q,41.80641139999999,-71.457112,41.80641139999999,-71.457112,Med,NA,FALSE,FALSE
4373,2007-04-27,40,16:10:00,Pedestrian,1,NA,1,Unit st,Manton ave,2007-04-27,"Two-Way , Not Divided",Wet,Daylight,Rain,Angle (Front - to - Side) Right Angle (Includes Broadside),No,No Controls,3,1,Non-Incapacitating,2,NA,NA,FALSE,FALSE,"Unit Street and Manton Ave, Providence, RI, USA",FALSE,-71.4546644,41.8253651,intersection,geometric_center,"unit st & manton ave, providence, ri 02909, usa",NA,NA,NA,NA,41.8253651,-71.4546644,Med High,NA,FALSE,FALSE
4374,2007-04-27,11102,22:40:00,Pedestrian,1,NA,1,79 WASHINGTON ST.,CLEMENCE ALLEY,2008-12-03,"Two-Way , Not Divided",Dry,Dark - Lighted,Clear,Other,No,No Controls,4,1,Incapacitating,2,NA,NA,TRUE,FALSE,"79 Washington St., Providence, RI, USA",FALSE,-71.4142177,41.8235705,street_address,rooftop,"79 washington st, providence, ri 02903, usa",NA,NA,NA,NA,41.8235705,-71.4142177,High,NA,FALSE,FALSE
4375,2007-04-18,21,00:55:00,Pedestrian,1,NA,1,CLIFFORD ST,RICHMOND ST,2007-04-18,"Two-Way , Not Divided",Wet,Dark - Lighted,Cloudy,Head-On (Front - to - Front),No,No Controls,7,2,Complains Of Pain,0,NA,NA,FALSE,FALSE,"Clifford Street and Richmond Street, Providence, RI, USA",FALSE,-71.4104649,41.8198725,intersection,geometric_center,"richmond st & clifford st, providence, ri 02903, usa",NA,NA,NA,NA,41.8198725,-71.4104649,Med High,NA,FALSE,FALSE